datetime,open,high,low,close,volume
2025-03-03 08:45:00,21464,21464,21459,21464,269
2025-03-03 08:46:00,21462,21463,21462,21463,365
2025-03-03 08:47:00,21463,21464,21463,21464,418
2025-03-03 08:48:00,21466,21473,21462,21472,105
2025-03-03 08:49:00,21482,21483,21480,21481,601
2025-03-03 08:50:00,21483,21484,21480,21483,272
2025-03-03 08:51:00,21495,21497,21491,21493,378
2025-03-03 08:52:00,21487,21490,21485,21487,91
2025-03-03 08:53:00,21484,21487,21480,21482,246
2025-03-03 08:54:00,21481,21481,21480,21480,258
2025-03-03 08:55:00,21477,21477,21476,21477,295
2025-03-03 08:56:00,21469,21471,21468,21469,213
2025-03-03 08:57:00,21472,21473,21472,21472,281
2025-03-03 08:58:00,21469,21469,21469,21469,335
2025-03-03 08:59:00,21466,21466,21464,21465,438
2025-03-03 09:00:00,21470,21470,21470,21470,100
2025-03-03 09:01:00,21468,21471,21465,21465,246
2025-03-03 09:02:00,21465,21465,21462,21464,289
2025-03-03 09:03:00,21458,21459,21458,21458,202
2025-03-03 09:04:00,21454,21455,21454,21454,325
2025-03-03 09:05:00,21451,21453,21450,21452,134
2025-03-03 09:06:00,21458,21461,21456,21458,302
2025-03-03 09:07:00,21456,21456,21456,21456,300
2025-03-03 09:08:00,21457,21460,21453,21457,287
2025-03-03 09:09:00,21456,21457,21455,21456,164
2025-03-03 09:10:00,21451,21451,21451,21451,213
2025-03-03 09:11:00,21448,21448,21448,21448,548
2025-03-03 09:12:00,21441,21441,21440,21441,201
2025-03-03 09:13:00,21435,21440,21433,21436,287
2025-03-03 09:14:00,21433,21433,21432,21433,183
2025-03-03 09:15:00,21439,21442,21435,21438,234
2025-03-03 09:16:00,21437,21437,21437,21437,242
2025-03-03 09:17:00,21434,21434,21433,21434,178
2025-03-03 09:18:00,21433,21434,21433,21434,63
2025-03-03 09:19:00,21427,21428,21425,21427,1
2025-03-03 09:20:00,21433,21434,21433,21433,129
2025-03-03 09:21:00,21432,21432,21427,21432,217
2025-03-03 09:22:00,21436,21436,21435,21436,113
2025-03-03 09:23:00,21431,21431,21431,21431,97
2025-03-03 09:24:00,21427,21427,21427,21427,90
2025-03-03 09:25:00,21427,21427,21426,21427,224
2025-03-03 09:26:00,21429,21429,21429,21429,162
2025-03-03 09:27:00,21426,21430,21425,21428,204
2025-03-03 09:28:00,21428,21428,21428,21428,189
2025-03-03 09:29:00,21426,21427,21426,21426,271
2025-03-03 09:30:00,21431,21432,21431,21431,307
2025-03-03 09:31:00,21432,21435,21427,21431,74
2025-03-03 09:32:00,21425,21429,21423,21425,220
2025-03-03 09:33:00,21424,21424,21424,21424,145
2025-03-03 09:34:00,21423,21423,21423,21423,254
2025-03-03 09:35:00,21429,21429,21427,21428,136
2025-03-03 09:36:00,21425,21428,21425,21426,141
2025-03-03 09:37:00,21424,21424,21424,21424,284
2025-03-03 09:38:00,21426,21426,21424,21425,99
2025-03-03 09:39:00,21429,21430,21428,21429,177
2025-03-03 09:40:00,21427,21428,21426,21427,120
2025-03-03 09:41:00,21432,21433,21432,21432,179
2025-03-03 09:42:00,21430,21430,21429,21429,200
2025-03-03 09:43:00,21431,21432,21430,21431,150
2025-03-03 09:44:00,21426,21427,21426,21427,133
2025-03-03 09:45:00,21427,21427,21427,21427,83
2025-03-03 09:46:00,21425,21425,21424,21425,107
2025-03-03 09:47:00,21419,21421,21419,21419,218
2025-03-03 09:48:00,21421,21425,21418,21421,109
2025-03-03 09:49:00,21428,21428,21428,21428,200
2025-03-03 09:50:00,21426,21427,21424,21426,85
2025-03-03 09:51:00,21426,21428,21424,21426,236
2025-03-03 09:52:00,21429,21429,21426,21428,193
2025-03-03 09:53:00,21431,21431,21429,21430,197
2025-03-03 09:54:00,21430,21432,21430,21431,124
2025-03-03 09:55:00,21428,21429,21427,21428,116
2025-03-03 09:56:00,21427,21428,21427,21428,361
2025-03-03 09:57:00,21430,21430,21429,21429,153
2025-03-03 09:58:00,21429,21432,21429,21429,180
2025-03-03 09:59:00,21432,21433,21429,21433,91
2025-03-03 10:00:00,21435,21436,21434,21435,114
2025-03-03 10:01:00,21435,21435,21434,21434,1
2025-03-03 10:02:00,21436,21436,21435,21436,60
2025-03-03 10:03:00,21437,21437,21436,21437,252
2025-03-03 10:04:00,21437,21439,21437,21438,101
2025-03-03 10:05:00,21438,21438,21437,21437,238
2025-03-03 10:06:00,21439,21440,21438,21439,231
2025-03-03 10:07:00,21438,21439,21438,21438,45
2025-03-03 10:08:00,21436,21436,21431,21434,283
2025-03-03 10:09:00,21437,21441,21434,21437,227
2025-03-03 10:10:00,21443,21443,21443,21443,161
2025-03-03 10:11:00,21445,21445,21444,21445,219
2025-03-03 10:12:00,21448,21448,21447,21448,264
2025-03-03 10:13:00,21448,21448,21448,21448,221
2025-03-03 10:14:00,21448,21448,21447,21447,120
2025-03-03 10:15:00,21445,21449,21444,21446,172
2025-03-03 10:16:00,21448,21448,21448,21448,149
2025-03-03 10:17:00,21445,21446,21443,21445,284
2025-03-03 10:18:00,21446,21446,21445,21446,220
2025-03-03 10:19:00,21447,21449,21446,21447,51
2025-03-03 10:20:00,21452,21452,21451,21451,334
2025-03-03 10:21:00,21454,21454,21454,21454,182
2025-03-03 10:22:00,21455,21455,21452,21454,223
2025-03-03 10:23:00,21452,21453,21452,21452,282
2025-03-03 10:24:00,21451,21451,21450,21451,50
2025-03-03 10:25:00,21445,21445,21444,21444,207
2025-03-03 10:26:00,21445,21446,21445,21445,427
2025-03-03 10:27:00,21443,21443,21443,21443,122
2025-03-03 10:28:00,21443,21444,21443,21443,1
2025-03-03 10:29:00,21442,21443,21442,21442,246
2025-03-03 10:30:00,21446,21446,21446,21446,133
2025-03-03 10:31:00,21441,21441,21441,21441,132
2025-03-03 10:32:00,21440,21442,21440,21442,28
2025-03-03 10:33:00,21444,21444,21442,21443,370
2025-03-03 10:34:00,21435,21438,21435,21437,74
2025-03-03 10:35:00,21435,21435,21430,21433,266
2025-03-03 10:36:00,21437,21438,21437,21437,231
2025-03-03 10:37:00,21437,21437,21436,21437,178
2025-03-03 10:38:00,21435,21438,21435,21436,304
2025-03-03 10:39:00,21437,21437,21435,21437,228
2025-03-03 10:40:00,21440,21440,21440,21440,186
2025-03-03 10:41:00,21443,21443,21443,21443,237
2025-03-03 10:42:00,21442,21442,21440,21442,161
2025-03-03 10:43:00,21442,21443,21439,21442,149
2025-03-03 10:44:00,21444,21445,21443,21444,365
2025-03-03 10:45:00,21447,21447,21447,21447,170
2025-03-03 10:46:00,21446,21446,21446,21446,133
2025-03-03 10:47:00,21445,21447,21445,21445,116
2025-03-03 10:48:00,21444,21444,21444,21444,165
2025-03-03 10:49:00,21437,21437,21437,21437,175
2025-03-03 10:50:00,21437,21437,21436,21437,172
2025-03-03 10:51:00,21440,21441,21439,21440,249
2025-03-03 10:52:00,21438,21438,21438,21438,81
2025-03-03 10:53:00,21437,21440,21437,21438,247
2025-03-03 10:54:00,21438,21439,21438,21438,109
2025-03-03 10:55:00,21435,21436,21432,21434,229
2025-03-03 10:56:00,21434,21435,21432,21434,108
2025-03-03 10:57:00,21436,21436,21435,21436,196
2025-03-03 10:58:00,21441,21441,21441,21441,1
2025-03-03 10:59:00,21448,21448,21448,21448,270
2025-03-03 11:00:00,21448,21449,21448,21449,145
2025-03-03 11:01:00,21446,21448,21446,21447,219
2025-03-03 11:02:00,21448,21448,21447,21447,109
2025-03-03 11:03:00,21444,21445,21441,21444,60
2025-03-03 11:04:00,21441,21441,21441,21441,106
2025-03-03 11:05:00,21444,21444,21444,21444,184
2025-03-03 11:06:00,21445,21446,21444,21445,141
2025-03-03 11:07:00,21446,21447,21445,21446,99
2025-03-03 11:08:00,21444,21444,21441,21443,79
2025-03-03 11:09:00,21443,21444,21443,21443,75
2025-03-03 11:10:00,21441,21442,21441,21441,45
2025-03-03 11:11:00,21440,21440,21440,21440,153
2025-03-03 11:12:00,21439,21439,21438,21439,97
2025-03-03 11:13:00,21442,21442,21442,21442,94
2025-03-03 11:14:00,21442,21443,21441,21441,264
2025-03-03 11:15:00,21442,21442,21442,21442,114
2025-03-03 11:16:00,21438,21439,21437,21438,275
2025-03-03 11:17:00,21438,21440,21437,21439,102
2025-03-03 11:18:00,21440,21441,21439,21440,139
2025-03-03 11:19:00,21440,21440,21440,21440,244
2025-03-03 11:20:00,21442,21442,21442,21442,174
2025-03-03 11:21:00,21442,21443,21442,21442,206
2025-03-03 11:22:00,21442,21442,21442,21442,113
2025-03-03 11:23:00,21438,21438,21436,21437,227
2025-03-03 11:24:00,21439,21439,21439,21439,13
2025-03-03 11:25:00,21436,21436,21434,21436,111
2025-03-03 11:26:00,21432,21433,21432,21432,69
2025-03-03 11:27:00,21434,21434,21432,21433,115
2025-03-03 11:28:00,21433,21433,21432,21432,190
2025-03-03 11:29:00,21433,21433,21433,21433,107
2025-03-03 11:30:00,21435,21437,21433,21436,44
2025-03-03 11:31:00,21438,21439,21438,21438,173
2025-03-03 11:32:00,21439,21443,21438,21440,94
2025-03-03 11:33:00,21439,21439,21438,21438,221
2025-03-03 11:34:00,21436,21442,21435,21439,25
2025-03-03 11:35:00,21438,21438,21437,21437,126
2025-03-03 11:36:00,21438,21439,21438,21439,39
2025-03-03 11:37:00,21437,21438,21434,21437,204
2025-03-03 11:38:00,21438,21438,21438,21438,52
2025-03-03 11:39:00,21438,21438,21437,21437,163
2025-03-03 11:40:00,21438,21438,21438,21438,22
2025-03-03 11:41:00,21435,21436,21435,21436,77
2025-03-03 11:42:00,21438,21438,21431,21437,145
2025-03-03 11:43:00,21436,21438,21436,21437,80
2025-03-03 11:44:00,21439,21439,21439,21439,98
2025-03-03 11:45:00,21442,21442,21441,21441,231
2025-03-03 11:46:00,21440,21441,21439,21439,327
2025-03-03 11:47:00,21438,21440,21438,21439,262
2025-03-03 11:48:00,21439,21439,21438,21439,107
2025-03-03 11:49:00,21439,21442,21438,21439,236
2025-03-03 11:50:00,21442,21445,21442,21443,26
2025-03-03 11:51:00,21444,21444,21442,21443,115
2025-03-03 11:52:00,21443,21444,21443,21444,1
2025-03-03 11:53:00,21450,21450,21447,21449,282
2025-03-03 11:54:00,21447,21449,21446,21447,262
2025-03-03 11:55:00,21450,21451,21448,21449,207
2025-03-03 11:56:00,21445,21447,21444,21445,304
2025-03-03 11:57:00,21444,21444,21444,21444,231
2025-03-03 11:58:00,21442,21444,21441,21443,173
2025-03-03 11:59:00,21443,21443,21442,21443,258
2025-03-03 12:00:00,21444,21446,21444,21445,216
2025-03-03 12:01:00,21441,21442,21440,21441,241
2025-03-03 12:02:00,21439,21439,21438,21439,267
2025-03-03 12:03:00,21432,21433,21431,21432,170
2025-03-03 12:04:00,21432,21432,21429,21432,196
2025-03-03 12:05:00,21428,21429,21427,21427,253
2025-03-03 12:06:00,21431,21431,21429,21430,139
2025-03-03 12:07:00,21434,21434,21433,21434,201
2025-03-03 12:08:00,21433,21433,21432,21432,146
2025-03-03 12:09:00,21430,21430,21430,21430,43
2025-03-03 12:10:00,21436,21436,21436,21436,123
2025-03-03 12:11:00,21429,21430,21425,21429,110
2025-03-03 12:12:00,21433,21434,21432,21433,140
2025-03-03 12:13:00,21434,21434,21433,21433,256
2025-03-03 12:14:00,21432,21433,21431,21432,213
2025-03-03 12:15:00,21432,21432,21431,21432,245
2025-03-03 12:16:00,21431,21431,21431,21431,226
2025-03-03 12:17:00,21430,21430,21429,21430,134
2025-03-03 12:18:00,21428,21429,21428,21428,224
2025-03-03 12:19:00,21430,21431,21430,21430,305
2025-03-03 12:20:00,21431,21431,21431,21431,311
2025-03-03 12:21:00,21433,21437,21433,21433,255
2025-03-03 12:22:00,21431,21433,21428,21431,185
2025-03-03 12:23:00,21429,21429,21429,21429,212
2025-03-03 12:24:00,21430,21434,21430,21430,40
2025-03-03 12:25:00,21432,21438,21429,21431,151
2025-03-03 12:26:00,21433,21434,21432,21433,51
2025-03-03 12:27:00,21435,21435,21434,21434,94
2025-03-03 12:28:00,21429,21431,21428,21429,283
2025-03-03 12:29:00,21430,21431,21429,21431,271
2025-03-03 12:30:00,21432,21432,21432,21432,154
2025-03-03 12:31:00,21427,21427,21427,21427,44
2025-03-03 12:32:00,21430,21431,21430,21430,189
2025-03-03 12:33:00,21429,21429,21429,21429,405
2025-03-03 12:34:00,21431,21432,21431,21431,339
2025-03-03 12:35:00,21431,21431,21431,21431,150
2025-03-03 12:36:00,21435,21436,21435,21435,212
2025-03-03 12:37:00,21432,21434,21432,21434,103
2025-03-03 12:38:00,21435,21436,21435,21436,174
2025-03-03 12:39:00,21436,21437,21428,21435,275
2025-03-03 12:40:00,21434,21434,21433,21434,79
2025-03-03 12:41:00,21432,21433,21432,21432,186
2025-03-03 12:42:00,21435,21436,21435,21436,163
2025-03-03 12:43:00,21435,21435,21434,21434,241
2025-03-03 12:44:00,21436,21437,21434,21436,98
2025-03-03 12:45:00,21433,21434,21432,21433,221
2025-03-03 12:46:00,21430,21432,21422,21431,206
2025-03-03 12:47:00,21431,21431,21429,21430,219
2025-03-03 12:48:00,21432,21434,21430,21432,249
2025-03-03 12:49:00,21427,21428,21426,21427,218
2025-03-03 12:50:00,21428,21428,21428,21428,84
2025-03-03 12:51:00,21431,21432,21431,21432,103
2025-03-03 12:52:00,21430,21430,21429,21430,44
2025-03-03 12:53:00,21430,21430,21430,21430,148
2025-03-03 12:54:00,21432,21433,21432,21432,222
2025-03-03 12:55:00,21432,21433,21432,21432,183
2025-03-03 12:56:00,21430,21430,21429,21430,268
2025-03-03 12:57:00,21430,21430,21429,21430,78
2025-03-03 12:58:00,21430,21431,21430,21430,232
2025-03-03 12:59:00,21436,21436,21433,21435,86
2025-03-03 13:00:00,21435,21436,21432,21434,53
2025-03-03 13:01:00,21434,21437,21432,21434,141
2025-03-03 13:02:00,21441,21441,21439,21441,308
2025-03-03 13:03:00,21445,21445,21438,21443,65
2025-03-03 13:04:00,21438,21441,21438,21438,13
2025-03-03 13:05:00,21433,21433,21433,21433,201
2025-03-03 13:06:00,21432,21433,21432,21433,240
2025-03-03 13:07:00,21427,21428,21427,21427,154
2025-03-03 13:08:00,21430,21432,21429,21430,294
2025-03-03 13:09:00,21424,21425,21424,21425,72
2025-03-03 13:10:00,21429,21430,21428,21429,124
2025-03-03 13:11:00,21429,21429,21427,21428,207
2025-03-03 13:12:00,21431,21432,21431,21431,121
2025-03-03 13:13:00,21428,21434,21425,21428,163
2025-03-03 13:14:00,21426,21426,21426,21426,180
2025-03-03 13:15:00,21428,21429,21425,21427,40
2025-03-03 13:16:00,21428,21430,21428,21429,168
2025-03-03 13:17:00,21432,21434,21431,21433,71
2025-03-03 13:18:00,21429,21430,21429,21430,169
2025-03-03 13:19:00,21426,21426,21426,21426,201
2025-03-03 13:20:00,21431,21432,21425,21429,230
2025-03-03 13:21:00,21431,21435,21428,21433,337
2025-03-03 13:22:00,21440,21440,21438,21439,288
2025-03-03 13:23:00,21436,21439,21436,21437,481
2025-03-03 13:24:00,21432,21435,21431,21433,342
2025-03-03 13:25:00,21435,21440,21434,21437,227
2025-03-03 13:26:00,21441,21447,21429,21440,705
2025-03-03 13:27:00,21428,21428,21428,21428,315
2025-03-03 13:28:00,21427,21434,21427,21432,88
2025-03-03 13:29:00,21432,21434,21431,21432,481
2025-03-03 13:30:00,21428,21431,21424,21428,97
2025-03-03 13:31:00,21427,21433,21426,21428,223
2025-03-03 13:32:00,21427,21427,21424,21425,725
2025-03-03 13:33:00,21432,21435,21427,21429,615
2025-03-03 13:34:00,21431,21431,21425,21427,133
2025-03-03 13:35:00,21437,21438,21435,21437,409
2025-03-03 13:36:00,21440,21447,21436,21440,428
2025-03-03 13:37:00,21438,21440,21437,21438,520
2025-03-03 13:38:00,21433,21438,21429,21436,388
2025-03-03 13:39:00,21434,21435,21432,21433,497
2025-03-03 13:40:00,21428,21432,21428,21429,70
2025-03-03 13:41:00,21433,21433,21432,21432,1
2025-03-03 13:42:00,21433,21436,21425,21430,601
2025-03-03 13:43:00,21437,21441,21435,21436,281
2025-03-03 13:44:00,21441,21449,21440,21442,576
2025-03-04 08:45:00,21456,21457,21456,21456,134
2025-03-04 08:46:00,21466,21466,21463,21465,343
2025-03-04 08:47:00,21476,21478,21476,21477,432
2025-03-04 08:48:00,21473,21476,21473,21473,237
2025-03-04 08:49:00,21480,21480,21478,21479,268
2025-03-04 08:50:00,21489,21492,21480,21487,482
2025-03-04 08:51:00,21490,21493,21490,21492,263
2025-03-04 08:52:00,21487,21489,21486,21488,362
2025-03-04 08:53:00,21497,21501,21497,21498,638
2025-03-04 08:54:00,21502,21503,21502,21502,221
2025-03-04 08:55:00,21509,21509,21509,21509,238
2025-03-04 08:56:00,21521,21522,21520,21522,178
2025-03-04 08:57:00,21512,21512,21512,21512,382
2025-03-04 08:58:00,21509,21509,21509,21509,380
2025-03-04 08:59:00,21499,21514,21499,21506,369
2025-03-04 09:00:00,21502,21502,21501,21502,349
2025-03-04 09:01:00,21507,21507,21506,21507,76
2025-03-04 09:02:00,21508,21508,21508,21508,225
2025-03-04 09:03:00,21515,21515,21507,21510,86
2025-03-04 09:04:00,21507,21507,21507,21507,313
2025-03-04 09:05:00,21511,21511,21511,21511,201
2025-03-04 09:06:00,21515,21518,21510,21514,248
2025-03-04 09:07:00,21512,21512,21507,21510,173
2025-03-04 09:08:00,21508,21515,21508,21510,266
2025-03-04 09:09:00,21512,21512,21511,21512,221
2025-03-04 09:10:00,21514,21514,21510,21512,79
2025-03-04 09:11:00,21511,21512,21510,21511,199
2025-03-04 09:12:00,21513,21515,21510,21513,141
2025-03-04 09:13:00,21514,21529,21504,21513,169
2025-03-04 09:14:00,21512,21513,21512,21513,460
2025-03-04 09:15:00,21515,21515,21514,21514,182
2025-03-04 09:16:00,21517,21517,21516,21517,147
2025-03-04 09:17:00,21516,21517,21516,21517,243
2025-03-04 09:18:00,21515,21516,21515,21516,163
2025-03-04 09:19:00,21517,21517,21516,21516,267
2025-03-04 09:20:00,21512,21513,21511,21513,360
2025-03-04 09:21:00,21510,21510,21510,21510,105
2025-03-04 09:22:00,21509,21509,21509,21509,319
2025-03-04 09:23:00,21512,21512,21511,21511,113
2025-03-04 09:24:00,21511,21511,21511,21511,223
2025-03-04 09:25:00,21509,21509,21509,21509,96
2025-03-04 09:26:00,21514,21515,21514,21514,313
2025-03-04 09:27:00,21512,21512,21511,21512,299
2025-03-04 09:28:00,21513,21513,21511,21513,198
2025-03-04 09:29:00,21515,21515,21514,21515,140
2025-03-04 09:30:00,21517,21520,21515,21516,307
2025-03-04 09:31:00,21513,21513,21512,21512,177
2025-03-04 09:32:00,21511,21512,21509,21510,220
2025-03-04 09:33:00,21511,21511,21509,21510,92
2025-03-04 09:34:00,21516,21516,21513,21514,35
2025-03-04 09:35:00,21512,21512,21511,21511,126
2025-03-04 09:36:00,21507,21507,21507,21507,146
2025-03-04 09:37:00,21504,21504,21504,21504,261
2025-03-04 09:38:00,21507,21507,21501,21502,139
2025-03-04 09:39:00,21502,21503,21499,21502,282
2025-03-04 09:40:00,21504,21507,21504,21506,143
2025-03-04 09:41:00,21507,21507,21506,21506,202
2025-03-04 09:42:00,21498,21498,21497,21497,89
2025-03-04 09:43:00,21498,21498,21498,21498,193
2025-03-04 09:44:00,21497,21498,21497,21497,77
2025-03-04 09:45:00,21502,21504,21501,21502,58
2025-03-04 09:46:00,21504,21505,21502,21503,152
2025-03-04 09:47:00,21504,21506,21500,21504,252
2025-03-04 09:48:00,21503,21503,21503,21503,243
2025-03-04 09:49:00,21501,21503,21500,21501,81
2025-03-04 09:50:00,21497,21501,21497,21500,1
2025-03-04 09:51:00,21492,21493,21491,21492,191
2025-03-04 09:52:00,21492,21495,21490,21494,55
2025-03-04 09:53:00,21497,21499,21497,21498,210
2025-03-04 09:54:00,21497,21497,21496,21496,112
2025-03-04 09:55:00,21497,21497,21497,21497,351
2025-03-04 09:56:00,21498,21498,21496,21497,81
2025-03-04 09:57:00,21508,21508,21507,21507,183
2025-03-04 09:58:00,21505,21505,21505,21505,266
2025-03-04 09:59:00,21505,21506,21505,21505,130
2025-03-04 10:00:00,21509,21509,21508,21508,108
2025-03-04 10:01:00,21502,21504,21502,21503,214
2025-03-04 10:02:00,21502,21503,21501,21502,195
2025-03-04 10:03:00,21504,21505,21504,21504,64
2025-03-04 10:04:00,21507,21509,21506,21509,65
2025-03-04 10:05:00,21512,21513,21511,21512,202
2025-03-04 10:06:00,21509,21509,21507,21508,340
2025-03-04 10:07:00,21508,21508,21507,21507,135
2025-03-04 10:08:00,21504,21506,21500,21503,251
2025-03-04 10:09:00,21501,21501,21500,21500,262
2025-03-04 10:10:00,21496,21497,21495,21496,148
2025-03-04 10:11:00,21497,21497,21495,21496,178
2025-03-04 10:12:00,21496,21496,21495,21496,297
2025-03-04 10:13:00,21499,21501,21499,21499,198
2025-03-04 10:14:00,21495,21495,21494,21495,1
2025-03-04 10:15:00,21492,21492,21491,21492,285
2025-03-04 10:16:00,21492,21492,21492,21492,419
2025-03-04 10:17:00,21496,21496,21496,21496,110
2025-03-04 10:18:00,21497,21497,21497,21497,157
2025-03-04 10:19:00,21505,21505,21504,21504,139
2025-03-04 10:20:00,21501,21503,21500,21502,222
2025-03-04 10:21:00,21497,21498,21496,21497,75
2025-03-04 10:22:00,21498,21502,21496,21498,92
2025-03-04 10:23:00,21495,21498,21493,21495,152
2025-03-04 10:24:00,21494,21496,21494,21495,191
2025-03-04 10:25:00,21494,21495,21494,21495,148
2025-03-04 10:26:00,21492,21492,21491,21491,1
2025-03-04 10:27:00,21492,21492,21492,21492,216
2025-03-04 10:28:00,21490,21490,21490,21490,171
2025-03-04 10:29:00,21491,21492,21490,21491,190
2025-03-04 10:30:00,21491,21492,21491,21491,274
2025-03-04 10:31:00,21491,21491,21487,21489,186
2025-03-04 10:32:00,21480,21484,21479,21484,250
2025-03-04 10:33:00,21486,21488,21484,21486,250
2025-03-04 10:34:00,21486,21486,21486,21486,232
2025-03-04 10:35:00,21487,21488,21485,21487,311
2025-03-04 10:36:00,21491,21491,21490,21490,126
2025-03-04 10:37:00,21491,21493,21491,21492,76
2025-03-04 10:38:00,21491,21492,21489,21492,136
2025-03-04 10:39:00,21489,21490,21488,21489,81
2025-03-04 10:40:00,21490,21490,21488,21489,257
2025-03-04 10:41:00,21492,21493,21492,21493,299
2025-03-04 10:42:00,21497,21497,21496,21497,268
2025-03-04 10:43:00,21494,21495,21493,21494,239
2025-03-04 10:44:00,21494,21495,21493,21494,103
2025-03-04 10:45:00,21493,21494,21493,21493,83
2025-03-04 10:46:00,21495,21496,21494,21495,70
2025-03-04 10:47:00,21494,21495,21494,21495,110
2025-03-04 10:48:00,21496,21496,21496,21496,112
2025-03-04 10:49:00,21496,21496,21495,21496,147
2025-03-04 10:50:00,21499,21500,21499,21500,179
2025-03-04 10:51:00,21498,21499,21497,21498,70
2025-03-04 10:52:00,21500,21500,21495,21499,226
2025-03-04 10:53:00,21495,21497,21495,21496,122
2025-03-04 10:54:00,21495,21496,21495,21495,41
2025-03-04 10:55:00,21500,21501,21492,21498,136
2025-03-04 10:56:00,21498,21498,21496,21497,72
2025-03-04 10:57:00,21494,21495,21494,21494,127
2025-03-04 10:58:00,21494,21494,21492,21494,149
2025-03-04 10:59:00,21493,21493,21493,21493,148
2025-03-04 11:00:00,21495,21495,21494,21494,28
2025-03-04 11:01:00,21497,21497,21495,21496,254
2025-03-04 11:02:00,21497,21497,21497,21497,161
2025-03-04 11:03:00,21496,21496,21495,21496,216
2025-03-04 11:04:00,21496,21497,21496,21496,172
2025-03-04 11:05:00,21494,21495,21494,21495,250
2025-03-04 11:06:00,21490,21492,21489,21490,191
2025-03-04 11:07:00,21487,21488,21486,21487,104
2025-03-04 11:08:00,21487,21487,21487,21487,158
2025-03-04 11:09:00,21487,21487,21486,21487,223
2025-03-04 11:10:00,21487,21487,21484,21486,200
2025-03-04 11:11:00,21486,21486,21486,21486,172
2025-03-04 11:12:00,21483,21484,21483,21483,118
2025-03-04 11:13:00,21483,21483,21483,21483,239
2025-03-04 11:14:00,21484,21485,21484,21484,184
2025-03-04 11:15:00,21486,21486,21486,21486,280
2025-03-04 11:16:00,21489,21489,21489,21489,40
2025-03-04 11:17:00,21489,21489,21489,21489,158
2025-03-04 11:18:00,21492,21495,21489,21491,173
2025-03-04 11:19:00,21492,21492,21492,21492,162
2025-03-04 11:20:00,21487,21487,21487,21487,190
2025-03-04 11:21:00,21482,21483,21479,21482,147
2025-03-04 11:22:00,21481,21481,21481,21481,192
2025-03-04 11:23:00,21483,21484,21483,21483,161
2025-03-04 11:24:00,21485,21485,21485,21485,150
2025-03-04 11:25:00,21488,21489,21488,21488,46
2025-03-04 11:26:00,21489,21491,21489,21489,182
2025-03-04 11:27:00,21488,21489,21488,21488,253
2025-03-04 11:28:00,21493,21493,21491,21493,262
2025-03-04 11:29:00,21493,21494,21493,21494,147
2025-03-04 11:30:00,21494,21496,21494,21495,227
2025-03-04 11:31:00,21494,21495,21494,21494,221
2025-03-04 11:32:00,21495,21495,21493,21495,242
2025-03-04 11:33:00,21494,21494,21494,21494,100
2025-03-04 11:34:00,21500,21500,21499,21500,74
2025-03-04 11:35:00,21502,21502,21502,21502,41
2025-03-04 11:36:00,21503,21503,21503,21503,246
2025-03-04 11:37:00,21500,21501,21499,21500,188
2025-03-04 11:38:00,21507,21507,21505,21506,158
2025-03-04 11:39:00,21508,21508,21508,21508,97
2025-03-04 11:40:00,21507,21512,21501,21507,62
2025-03-04 11:41:00,21509,21509,21508,21509,218
2025-03-04 11:42:00,21506,21512,21505,21507,183
2025-03-04 11:43:00,21500,21500,21499,21500,83
2025-03-04 11:44:00,21500,21500,21499,21499,3
2025-03-04 11:45:00,21498,21498,21497,21497,152
2025-03-04 11:46:00,21500,21501,21500,21501,182
2025-03-04 11:47:00,21497,21497,21496,21497,250
2025-03-04 11:48:00,21497,21497,21497,21497,127
2025-03-04 11:49:00,21495,21499,21488,21495,202
2025-03-04 11:50:00,21493,21493,21492,21493,156
2025-03-04 11:51:00,21490,21492,21490,21490,321
2025-03-04 11:52:00,21493,21495,21490,21492,96
2025-03-04 11:53:00,21490,21491,21489,21491,186
2025-03-04 11:54:00,21484,21484,21484,21484,119
2025-03-04 11:55:00,21478,21478,21477,21478,211
2025-03-04 11:56:00,21480,21480,21477,21479,90
2025-03-04 11:57:00,21482,21484,21479,21483,117
2025-03-04 11:58:00,21490,21490,21488,21488,272
2025-03-04 11:59:00,21486,21487,21484,21487,173
2025-03-04 12:00:00,21493,21493,21485,21489,300
2025-03-04 12:01:00,21489,21490,21487,21489,214
2025-03-04 12:02:00,21491,21492,21490,21491,203
2025-03-04 12:03:00,21490,21490,21490,21490,115
2025-03-04 12:04:00,21494,21496,21493,21494,177
2025-03-04 12:05:00,21492,21494,21490,21492,260
2025-03-04 12:06:00,21493,21494,21493,21493,174
2025-03-04 12:07:00,21493,21493,21493,21493,130
2025-03-04 12:08:00,21494,21496,21493,21494,215
2025-03-04 12:09:00,21495,21495,21493,21495,197
2025-03-04 12:10:00,21501,21502,21500,21501,273
2025-03-04 12:11:00,21498,21499,21497,21498,197
2025-03-04 12:12:00,21499,21500,21496,21500,20
2025-03-04 12:13:00,21501,21501,21499,21499,101
2025-03-04 12:14:00,21501,21501,21500,21500,220
2025-03-04 12:15:00,21500,21501,21500,21500,114
2025-03-04 12:16:00,21497,21498,21497,21498,201
2025-03-04 12:17:00,21496,21496,21495,21495,207
2025-03-04 12:18:00,21497,21498,21497,21498,1
2025-03-04 12:19:00,21502,21502,21500,21501,117
2025-03-04 12:20:00,21504,21504,21504,21504,162
2025-03-04 12:21:00,21503,21503,21501,21502,234
2025-03-04 12:22:00,21507,21507,21507,21507,124
2025-03-04 12:23:00,21510,21511,21510,21511,165
2025-03-04 12:24:00,21513,21514,21513,21513,249
2025-03-04 12:25:00,21516,21516,21516,21516,107
2025-03-04 12:26:00,21519,21520,21517,21519,71
2025-03-04 12:27:00,21517,21521,21517,21519,216
2025-03-04 12:28:00,21522,21522,21522,21522,217
2025-03-04 12:29:00,21515,21520,21515,21517,98
2025-03-04 12:30:00,21523,21523,21520,21520,212
2025-03-04 12:31:00,21519,21520,21518,21519,124
2025-03-04 12:32:00,21519,21519,21519,21519,244
2025-03-04 12:33:00,21519,21519,21519,21519,84
2025-03-04 12:34:00,21520,21521,21519,21520,1
2025-03-04 12:35:00,21522,21525,21520,21522,179
2025-03-04 12:36:00,21523,21525,21519,21523,1
2025-03-04 12:37:00,21525,21525,21525,21525,142
2025-03-04 12:38:00,21524,21527,21523,21525,204
2025-03-04 12:39:00,21522,21524,21521,21523,178
2025-03-04 12:40:00,21517,21519,21516,21517,150
2025-03-04 12:41:00,21513,21515,21510,21512,69
2025-03-04 12:42:00,21512,21512,21512,21512,34
2025-03-04 12:43:00,21508,21510,21508,21509,338
2025-03-04 12:44:00,21511,21512,21511,21511,104
2025-03-04 12:45:00,21513,21513,21513,21513,219
2025-03-04 12:46:00,21515,21517,21513,21514,212
2025-03-04 12:47:00,21514,21515,21514,21514,136
2025-03-04 12:48:00,21519,21521,21517,21519,103
2025-03-04 12:49:00,21522,21525,21522,21523,88
2025-03-04 12:50:00,21523,21525,21523,21525,62
2025-03-04 12:51:00,21525,21525,21525,21525,312
2025-03-04 12:52:00,21530,21530,21529,21530,148
2025-03-04 12:53:00,21528,21531,21528,21529,263
2025-03-04 12:54:00,21527,21527,21526,21526,115
2025-03-04 12:55:00,21525,21525,21523,21525,77
2025-03-04 12:56:00,21524,21525,21524,21524,223
2025-03-04 12:57:00,21521,21521,21521,21521,69
2025-03-04 12:58:00,21522,21522,21522,21522,66
2025-03-04 12:59:00,21522,21522,21522,21522,358
2025-03-04 13:00:00,21523,21527,21520,21522,132
2025-03-04 13:01:00,21520,21523,21520,21520,163
2025-03-04 13:02:00,21518,21519,21518,21519,167
2025-03-04 13:03:00,21518,21520,21518,21519,209
2025-03-04 13:04:00,21514,21517,21513,21516,44
2025-03-04 13:05:00,21513,21514,21509,21514,25
2025-03-04 13:06:00,21513,21513,21512,21513,103
2025-03-04 13:07:00,21519,21521,21516,21521,306
2025-03-04 13:08:00,21522,21522,21509,21520,152
2025-03-04 13:09:00,21524,21525,21523,21524,256
2025-03-04 13:10:00,21521,21521,21519,21521,145
2025-03-04 13:11:00,21519,21520,21519,21520,253
2025-03-04 13:12:00,21527,21527,21527,21527,74
2025-03-04 13:13:00,21523,21526,21522,21523,107
2025-03-04 13:14:00,21527,21528,21526,21527,69
2025-03-04 13:15:00,21528,21530,21527,21528,249
2025-03-04 13:16:00,21527,21527,21526,21527,285
2025-03-04 13:17:00,21535,21536,21535,21536,426
2025-03-04 13:18:00,21540,21540,21538,21540,186
2025-03-04 13:19:00,21540,21541,21540,21540,204
2025-03-04 13:20:00,21542,21542,21541,21541,401
2025-03-04 13:21:00,21540,21540,21539,21540,282
2025-03-04 13:22:00,21544,21544,21539,21543,109
2025-03-04 13:23:00,21539,21539,21538,21538,286
2025-03-04 13:24:00,21541,21541,21541,21541,195
2025-03-04 13:25:00,21546,21547,21545,21547,382
2025-03-04 13:26:00,21547,21548,21547,21547,271
2025-03-04 13:27:00,21547,21547,21547,21547,166
2025-03-04 13:28:00,21548,21549,21546,21548,286
2025-03-04 13:29:00,21552,21552,21552,21552,39
2025-03-04 13:30:00,21558,21566,21557,21562,282
2025-03-04 13:31:00,21564,21564,21563,21563,674
2025-03-04 13:32:00,21555,21559,21555,21557,243
2025-03-04 13:33:00,21550,21554,21543,21553,595
2025-03-04 13:34:00,21551,21551,21549,21551,614
2025-03-04 13:35:00,21549,21553,21548,21550,298
2025-03-04 13:36:00,21546,21549,21545,21547,357
2025-03-04 13:37:00,21539,21545,21539,21543,389
2025-03-04 13:38:00,21548,21550,21547,21547,482
2025-03-04 13:39:00,21538,21539,21535,21539,302
2025-03-04 13:40:00,21534,21535,21533,21534,504
2025-03-04 13:41:00,21531,21531,21529,21530,60
2025-03-04 13:42:00,21532,21533,21532,21532,57
2025-03-04 13:43:00,21536,21536,21536,21536,598
2025-03-04 13:44:00,21541,21543,21541,21542,484
2025-03-05 08:45:00,21599,21600,21598,21599,239
2025-03-05 08:46:00,21606,21606,21605,21605,104
2025-03-05 08:47:00,21607,21611,21606,21607,188
2025-03-05 08:48:00,21606,21606,21603,21605,80
2025-03-05 08:49:00,21594,21598,21593,21595,343
2025-03-05 08:50:00,21584,21585,21583,21584,336
2025-03-05 08:51:00,21581,21581,21580,21581,532
2025-03-05 08:52:00,21577,21577,21577,21577,317
2025-03-05 08:53:00,21583,21583,21582,21583,582
2025-03-05 08:54:00,21578,21584,21577,21581,427
2025-03-05 08:55:00,21580,21582,21579,21581,411
2025-03-05 08:56:00,21582,21582,21580,21581,209
2025-03-05 08:57:00,21576,21583,21575,21578,422
2025-03-05 08:58:00,21582,21582,21582,21582,168
2025-03-05 08:59:00,21577,21577,21577,21577,332
2025-03-05 09:00:00,21585,21586,21581,21583,77
2025-03-05 09:01:00,21582,21586,21581,21584,112
2025-03-05 09:02:00,21587,21587,21584,21584,350
2025-03-05 09:03:00,21582,21583,21582,21582,150
2025-03-05 09:04:00,21584,21586,21583,21584,149
2025-03-05 09:05:00,21588,21588,21587,21588,139
2025-03-05 09:06:00,21584,21588,21583,21586,309
2025-03-05 09:07:00,21591,21591,21590,21591,227
2025-03-05 09:08:00,21596,21596,21595,21595,248
2025-03-05 09:09:00,21597,21601,21593,21597,133
2025-03-05 09:10:00,21592,21592,21592,21592,385
2025-03-05 09:11:00,21592,21592,21589,21591,258
2025-03-05 09:12:00,21589,21589,21585,21585,238
2025-03-05 09:13:00,21584,21585,21583,21584,142
2025-03-05 09:14:00,21577,21580,21577,21580,444
2025-03-05 09:15:00,21582,21583,21582,21582,212
2025-03-05 09:16:00,21583,21584,21583,21583,118
2025-03-05 09:17:00,21583,21583,21581,21582,62
2025-03-05 09:18:00,21579,21579,21579,21579,325
2025-03-05 09:19:00,21585,21588,21584,21584,65
2025-03-05 09:20:00,21581,21583,21580,21582,55
2025-03-05 09:21:00,21576,21578,21576,21577,91
2025-03-05 09:22:00,21578,21578,21577,21578,168
2025-03-05 09:23:00,21579,21579,21579,21579,210
2025-03-05 09:24:00,21578,21578,21578,21578,186
2025-03-05 09:25:00,21575,21576,21574,21575,384
2025-03-05 09:26:00,21572,21572,21569,21571,176
2025-03-05 09:27:00,21569,21569,21563,21567,10
2025-03-05 09:28:00,21566,21566,21566,21566,407
2025-03-05 09:29:00,21567,21568,21567,21568,312
2025-03-05 09:30:00,21565,21565,21564,21565,108
2025-03-05 09:31:00,21572,21573,21572,21572,125
2025-03-05 09:32:00,21573,21577,21573,21574,180
2025-03-05 09:33:00,21571,21571,21571,21571,20
2025-03-05 09:34:00,21570,21575,21566,21571,242
2025-03-05 09:35:00,21565,21569,21564,21567,264
2025-03-05 09:36:00,21566,21575,21559,21566,107
2025-03-05 09:37:00,21563,21563,21562,21563,276
2025-03-05 09:38:00,21563,21564,21559,21563,141
2025-03-05 09:39:00,21559,21560,21559,21560,370
2025-03-05 09:40:00,21567,21567,21567,21567,194
2025-03-05 09:41:00,21565,21565,21564,21565,179
2025-03-05 09:42:00,21564,21564,21564,21564,109
2025-03-05 09:43:00,21566,21566,21565,21566,236
2025-03-05 09:44:00,21561,21567,21560,21562,193
2025-03-05 09:45:00,21561,21562,21559,21561,163
2025-03-05 09:46:00,21557,21558,21557,21558,221
2025-03-05 09:47:00,21561,21562,21561,21561,143
2025-03-05 09:48:00,21562,21563,21562,21562,402
2025-03-05 09:49:00,21563,21564,21563,21563,131
2025-03-05 09:50:00,21563,21564,21563,21563,99
2025-03-05 09:51:00,21564,21564,21564,21564,157
2025-03-05 09:52:00,21565,21565,21564,21564,150
2025-03-05 09:53:00,21569,21569,21568,21569,132
2025-03-05 09:54:00,21566,21566,21564,21566,69
2025-03-05 09:55:00,21569,21569,21569,21569,243
2025-03-05 09:56:00,21569,21569,21565,21568,1
2025-03-05 09:57:00,21568,21570,21566,21568,93
2025-03-05 09:58:00,21565,21566,21563,21565,246
2025-03-05 09:59:00,21562,21562,21562,21562,26
2025-03-05 10:00:00,21563,21563,21563,21563,99
2025-03-05 10:01:00,21561,21561,21560,21561,155
2025-03-05 10:02:00,21557,21558,21557,21557,323
2025-03-05 10:03:00,21552,21552,21552,21552,278
2025-03-05 10:04:00,21552,21552,21551,21552,228
2025-03-05 10:05:00,21545,21553,21538,21545,153
2025-03-05 10:06:00,21543,21544,21542,21543,196
2025-03-05 10:07:00,21544,21544,21544,21544,226
2025-03-05 10:08:00,21544,21544,21544,21544,310
2025-03-05 10:09:00,21542,21543,21542,21542,327
2025-03-05 10:10:00,21545,21545,21545,21545,285
2025-03-05 10:11:00,21550,21550,21550,21550,13
2025-03-05 10:12:00,21545,21548,21545,21546,117
2025-03-05 10:13:00,21544,21546,21544,21544,213
2025-03-05 10:14:00,21543,21543,21543,21543,275
2025-03-05 10:15:00,21540,21541,21540,21541,267
2025-03-05 10:16:00,21544,21544,21543,21543,171
2025-03-05 10:17:00,21537,21539,21533,21537,380
2025-03-05 10:18:00,21536,21538,21536,21537,141
2025-03-05 10:19:00,21533,21534,21533,21534,299
2025-03-05 10:20:00,21534,21534,21533,21534,190
2025-03-05 10:21:00,21538,21541,21536,21538,302
2025-03-05 10:22:00,21538,21538,21537,21537,196
2025-03-05 10:23:00,21538,21538,21537,21538,106
2025-03-05 10:24:00,21532,21532,21532,21532,120
2025-03-05 10:25:00,21528,21528,21528,21528,193
2025-03-05 10:26:00,21525,21526,21524,21524,105
2025-03-05 10:27:00,21520,21522,21520,21520,86
2025-03-05 10:28:00,21518,21519,21518,21518,176
2025-03-05 10:29:00,21517,21517,21517,21517,338
2025-03-05 10:30:00,21519,21519,21516,21518,146
2025-03-05 10:31:00,21515,21516,21515,21515,275
2025-03-05 10:32:00,21514,21514,21512,21514,167
2025-03-05 10:33:00,21516,21519,21516,21517,204
2025-03-05 10:34:00,21515,21515,21514,21514,66
2025-03-05 10:35:00,21510,21511,21509,21510,157
2025-03-05 10:36:00,21510,21510,21510,21510,297
2025-03-05 10:37:00,21515,21515,21513,21514,157
2025-03-05 10:38:00,21516,21516,21516,21516,241
2025-03-05 10:39:00,21514,21516,21514,21515,389
2025-03-05 10:40:00,21522,21522,21522,21522,124
2025-03-05 10:41:00,21513,21513,21513,21513,234
2025-03-05 10:42:00,21514,21514,21513,21513,139
2025-03-05 10:43:00,21513,21516,21513,21514,115
2025-03-05 10:44:00,21508,21508,21507,21508,335
2025-03-05 10:45:00,21511,21511,21510,21511,28
2025-03-05 10:46:00,21511,21511,21510,21511,149
2025-03-05 10:47:00,21509,21511,21509,21510,143
2025-03-05 10:48:00,21510,21514,21508,21512,123
2025-03-05 10:49:00,21510,21510,21509,21509,212
2025-03-05 10:50:00,21512,21512,21511,21511,245
2025-03-05 10:51:00,21511,21513,21511,21512,174
2025-03-05 10:52:00,21510,21510,21510,21510,62
2025-03-05 10:53:00,21507,21507,21507,21507,246
2025-03-05 10:54:00,21501,21501,21501,21501,137
2025-03-05 10:55:00,21502,21502,21501,21502,31
2025-03-05 10:56:00,21505,21505,21505,21505,201
2025-03-05 10:57:00,21505,21505,21505,21505,86
2025-03-05 10:58:00,21496,21496,21496,21496,206
2025-03-05 10:59:00,21497,21498,21497,21497,197
2025-03-05 11:00:00,21497,21498,21495,21497,65
2025-03-05 11:01:00,21501,21501,21501,21501,240
2025-03-05 11:02:00,21501,21502,21501,21501,135
2025-03-05 11:03:00,21505,21507,21503,21505,195
2025-03-05 11:04:00,21503,21504,21503,21503,14
2025-03-05 11:05:00,21502,21503,21502,21502,116
2025-03-05 11:06:00,21503,21503,21503,21503,131
2025-03-05 11:07:00,21505,21505,21505,21505,185
2025-03-05 11:08:00,21504,21504,21504,21504,154
2025-03-05 11:09:00,21501,21501,21500,21501,84
2025-03-05 11:10:00,21501,21502,21501,21502,201
2025-03-05 11:11:00,21504,21505,21503,21504,155
2025-03-05 11:12:00,21511,21513,21510,21511,151
2025-03-05 11:13:00,21509,21509,21508,21509,101
2025-03-05 11:14:00,21514,21516,21514,21514,214
2025-03-05 11:15:00,21512,21512,21511,21512,154
2025-03-05 11:16:00,21510,21511,21509,21509,126
2025-03-05 11:17:00,21507,21508,21507,21507,63
2025-03-05 11:18:00,21507,21508,21506,21507,210
2025-03-05 11:19:00,21503,21506,21502,21503,1
2025-03-05 11:20:00,21503,21503,21502,21503,106
2025-03-05 11:21:00,21503,21503,21502,21503,196
2025-03-05 11:22:00,21501,21504,21500,21501,33
2025-03-05 11:23:00,21502,21502,21501,21502,245
2025-03-05 11:24:00,21502,21503,21501,21502,75
2025-03-05 11:25:00,21503,21503,21503,21503,108
2025-03-05 11:26:00,21505,21505,21504,21505,133
2025-03-05 11:27:00,21508,21508,21508,21508,255
2025-03-05 11:28:00,21510,21511,21510,21511,161
2025-03-05 11:29:00,21507,21507,21507,21507,95
2025-03-05 11:30:00,21504,21504,21503,21503,59
2025-03-05 11:31:00,21505,21506,21505,21506,143
2025-03-05 11:32:00,21510,21510,21509,21509,161
2025-03-05 11:33:00,21511,21513,21509,21509,31
2025-03-05 11:34:00,21510,21512,21509,21510,200
2025-03-05 11:35:00,21509,21509,21504,21507,78
2025-03-05 11:36:00,21508,21508,21508,21508,61
2025-03-05 11:37:00,21512,21512,21512,21512,178
2025-03-05 11:38:00,21509,21509,21508,21508,98
2025-03-05 11:39:00,21513,21516,21513,21513,99
2025-03-05 11:40:00,21517,21517,21516,21516,197
2025-03-05 11:41:00,21516,21517,21516,21517,192
2025-03-05 11:42:00,21517,21517,21517,21517,107
2025-03-05 11:43:00,21513,21514,21511,21513,182
2025-03-05 11:44:00,21511,21511,21510,21511,54
2025-03-05 11:45:00,21510,21511,21509,21510,162
2025-03-05 11:46:00,21508,21508,21507,21508,94
2025-03-05 11:47:00,21508,21509,21507,21508,140
2025-03-05 11:48:00,21512,21512,21512,21512,245
2025-03-05 11:49:00,21512,21513,21512,21513,184
2025-03-05 11:50:00,21513,21514,21513,21513,232
2025-03-05 11:51:00,21510,21510,21510,21510,211
2025-03-05 11:52:00,21511,21511,21511,21511,127
2025-03-05 11:53:00,21505,21506,21505,21505,284
2025-03-05 11:54:00,21502,21503,21501,21502,110
2025-03-05 11:55:00,21508,21509,21506,21507,228
2025-03-05 11:56:00,21510,21510,21510,21510,116
2025-03-05 11:57:00,21510,21511,21510,21511,149
2025-03-05 11:58:00,21509,21510,21507,21509,216
2025-03-05 11:59:00,21503,21510,21503,21504,37
2025-03-05 12:00:00,21501,21504,21496,21499,11
2025-03-05 12:01:00,21496,21497,21496,21497,237
2025-03-05 12:02:00,21498,21499,21495,21497,130
2025-03-05 12:03:00,21497,21497,21496,21497,192
2025-03-05 12:04:00,21498,21498,21493,21498,191
2025-03-05 12:05:00,21494,21494,21493,21494,202
2025-03-05 12:06:00,21495,21499,21493,21494,1
2025-03-05 12:07:00,21495,21497,21491,21495,295
2025-03-05 12:08:00,21497,21497,21497,21497,292
2025-03-05 12:09:00,21499,21501,21499,21501,231
2025-03-05 12:10:00,21504,21504,21504,21504,231
2025-03-05 12:11:00,21502,21504,21501,21501,162
2025-03-05 12:12:00,21505,21505,21504,21504,238
2025-03-05 12:13:00,21507,21507,21505,21506,197
2025-03-05 12:14:00,21506,21506,21504,21505,143
2025-03-05 12:15:00,21501,21504,21498,21501,212
2025-03-05 12:16:00,21503,21503,21501,21503,339
2025-03-05 12:17:00,21502,21502,21501,21502,101
2025-03-05 12:18:00,21503,21504,21502,21504,68
2025-03-05 12:19:00,21505,21508,21501,21505,175
2025-03-05 12:20:00,21506,21506,21506,21506,183
2025-03-05 12:21:00,21509,21509,21508,21509,144
2025-03-05 12:22:00,21508,21509,21506,21508,142
2025-03-05 12:23:00,21509,21509,21509,21509,253
2025-03-05 12:24:00,21506,21508,21504,21506,164
2025-03-05 12:25:00,21509,21509,21508,21508,17
2025-03-05 12:26:00,21508,21508,21507,21508,306
2025-03-05 12:27:00,21506,21506,21504,21505,223
2025-03-05 12:28:00,21506,21506,21505,21506,43
2025-03-05 12:29:00,21503,21506,21501,21506,1
2025-03-05 12:30:00,21506,21508,21506,21506,130
2025-03-05 12:31:00,21506,21507,21504,21506,162
2025-03-05 12:32:00,21501,21501,21501,21501,185
2025-03-05 12:33:00,21506,21506,21506,21506,162
2025-03-05 12:34:00,21506,21506,21504,21506,81
2025-03-05 12:35:00,21503,21506,21501,21504,127
2025-03-05 12:36:00,21506,21509,21506,21507,142
2025-03-05 12:37:00,21501,21502,21501,21501,154
2025-03-05 12:38:00,21498,21499,21495,21498,201
2025-03-05 12:39:00,21495,21496,21494,21495,210
2025-03-05 12:40:00,21489,21490,21487,21488,303
2025-03-05 12:41:00,21494,21495,21494,21494,73
2025-03-05 12:42:00,21503,21504,21499,21501,117
2025-03-05 12:43:00,21499,21500,21499,21500,151
2025-03-05 12:44:00,21503,21503,21502,21503,190
2025-03-05 12:45:00,21504,21505,21504,21504,201
2025-03-05 12:46:00,21506,21507,21506,21506,69
2025-03-05 12:47:00,21512,21512,21507,21511,287
2025-03-05 12:48:00,21512,21513,21512,21512,296
2025-03-05 12:49:00,21515,21515,21512,21514,185
2025-03-05 12:50:00,21507,21508,21507,21507,60
2025-03-05 12:51:00,21509,21511,21508,21508,329
2025-03-05 12:52:00,21508,21508,21507,21507,34
2025-03-05 12:53:00,21504,21506,21504,21505,220
2025-03-05 12:54:00,21503,21504,21502,21503,167
2025-03-05 12:55:00,21505,21505,21504,21505,240
2025-03-05 12:56:00,21501,21504,21501,21501,148
2025-03-05 12:57:00,21503,21503,21502,21502,328
2025-03-05 12:58:00,21500,21501,21497,21499,86
2025-03-05 12:59:00,21502,21503,21502,21502,318
2025-03-05 13:00:00,21502,21506,21502,21502,216
2025-03-05 13:01:00,21498,21498,21498,21498,230
2025-03-05 13:02:00,21495,21498,21493,21496,124
2025-03-05 13:03:00,21497,21498,21496,21497,199
2025-03-05 13:04:00,21493,21494,21492,21493,42
2025-03-05 13:05:00,21495,21495,21495,21495,174
2025-03-05 13:06:00,21494,21494,21490,21491,245
2025-03-05 13:07:00,21488,21489,21485,21487,202
2025-03-05 13:08:00,21494,21494,21493,21494,154
2025-03-05 13:09:00,21493,21494,21491,21494,364
2025-03-05 13:10:00,21493,21494,21493,21494,282
2025-03-05 13:11:00,21497,21497,21497,21497,146
2025-03-05 13:12:00,21495,21499,21494,21497,211
2025-03-05 13:13:00,21499,21499,21499,21499,1
2025-03-05 13:14:00,21501,21501,21498,21500,168
2025-03-05 13:15:00,21497,21498,21497,21497,96
2025-03-05 13:16:00,21494,21498,21494,21496,312
2025-03-05 13:17:00,21496,21498,21496,21497,276
2025-03-05 13:18:00,21493,21495,21491,21493,392
2025-03-05 13:19:00,21495,21495,21489,21489,58
2025-03-05 13:20:00,21486,21486,21486,21486,352
2025-03-05 13:21:00,21482,21484,21481,21482,153
2025-03-05 13:22:00,21486,21491,21479,21487,360
2025-03-05 13:23:00,21494,21495,21492,21493,249
2025-03-05 13:24:00,21498,21499,21498,21498,448
2025-03-05 13:25:00,21500,21500,21500,21500,218
2025-03-05 13:26:00,21501,21502,21500,21502,351
2025-03-05 13:27:00,21507,21507,21507,21507,495
2025-03-05 13:28:00,21514,21516,21513,21514,545
2025-03-05 13:29:00,21509,21512,21509,21511,475
2025-03-05 13:30:00,21498,21500,21498,21500,311
2025-03-05 13:31:00,21496,21496,21495,21496,73
2025-03-05 13:32:00,21498,21499,21498,21498,1
2025-03-05 13:33:00,21497,21500,21496,21496,295
2025-03-05 13:34:00,21493,21494,21492,21493,263
2025-03-05 13:35:00,21492,21495,21491,21492,507
2025-03-05 13:36:00,21498,21498,21496,21497,410
2025-03-05 13:37:00,21497,21498,21497,21498,80
2025-03-05 13:38:00,21499,21500,21499,21499,427
2025-03-05 13:39:00,21498,21503,21495,21499,306
2025-03-05 13:40:00,21511,21516,21506,21512,30
2025-03-05 13:41:00,21516,21517,21513,21515,240
2025-03-05 13:42:00,21524,21528,21521,21522,324
2025-03-05 13:43:00,21517,21517,21517,21517,220
2025-03-05 13:44:00,21516,21518,21516,21517,356
2025-03-06 08:45:00,21532,21532,21531,21532,192
2025-03-06 08:46:00,21538,21540,21536,21537,506
2025-03-06 08:47:00,21538,21538,21536,21537,286
2025-03-06 08:48:00,21538,21539,21537,21538,233
2025-03-06 08:49:00,21534,21534,21533,21533,254
2025-03-06 08:50:00,21537,21537,21537,21537,408
2025-03-06 08:51:00,21545,21547,21544,21545,501
2025-03-06 08:52:00,21559,21559,21557,21558,216
2025-03-06 08:53:00,21552,21552,21552,21552,212
2025-03-06 08:54:00,21544,21545,21543,21544,439
2025-03-06 08:55:00,21548,21549,21548,21548,251
2025-03-06 08:56:00,21553,21554,21553,21553,296
2025-03-06 08:57:00,21544,21544,21541,21544,373
2025-03-06 08:58:00,21541,21541,21538,21539,189
2025-03-06 08:59:00,21544,21544,21543,21543,437
2025-03-06 09:00:00,21546,21547,21546,21546,245
2025-03-06 09:01:00,21550,21550,21550,21550,328
2025-03-06 09:02:00,21546,21546,21543,21544,149
2025-03-06 09:03:00,21545,21545,21542,21545,296
2025-03-06 09:04:00,21541,21543,21541,21542,153
2025-03-06 09:05:00,21546,21546,21543,21543,210
2025-03-06 09:06:00,21543,21543,21541,21542,239
2025-03-06 09:07:00,21538,21538,21537,21538,256
2025-03-06 09:08:00,21533,21533,21533,21533,176
2025-03-06 09:09:00,21534,21534,21531,21533,151
2025-03-06 09:10:00,21528,21529,21527,21528,336
2025-03-06 09:11:00,21532,21536,21532,21533,456
2025-03-06 09:12:00,21532,21533,21532,21532,204
2025-03-06 09:13:00,21533,21533,21533,21533,160
2025-03-06 09:14:00,21539,21540,21539,21539,403
2025-03-06 09:15:00,21533,21537,21533,21537,127
2025-03-06 09:16:00,21534,21534,21534,21534,42
2025-03-06 09:17:00,21534,21534,21534,21534,220
2025-03-06 09:18:00,21531,21531,21530,21530,100
2025-03-06 09:19:00,21527,21529,21527,21527,194
2025-03-06 09:20:00,21525,21527,21525,21526,12
2025-03-06 09:21:00,21529,21529,21529,21529,143
2025-03-06 09:22:00,21531,21531,21530,21530,234
2025-03-06 09:23:00,21529,21531,21529,21529,259
2025-03-06 09:24:00,21532,21532,21530,21531,1
2025-03-06 09:25:00,21529,21529,21529,21529,31
2025-03-06 09:26:00,21528,21529,21527,21528,198
2025-03-06 09:27:00,21529,21529,21527,21528,164
2025-03-06 09:28:00,21528,21528,21527,21528,46
2025-03-06 09:29:00,21530,21531,21527,21531,228
2025-03-06 09:30:00,21531,21531,21531,21531,211
2025-03-06 09:31:00,21531,21531,21530,21531,202
2025-03-06 09:32:00,21532,21532,21528,21530,222
2025-03-06 09:33:00,21532,21533,21532,21532,220
2025-03-06 09:34:00,21535,21538,21532,21536,213
2025-03-06 09:35:00,21534,21535,21533,21535,59
2025-03-06 09:36:00,21541,21543,21541,21542,97
2025-03-06 09:37:00,21543,21543,21543,21543,234
2025-03-06 09:38:00,21541,21541,21540,21541,208
2025-03-06 09:39:00,21538,21540,21537,21539,118
2025-03-06 09:40:00,21542,21544,21542,21543,312
2025-03-06 09:41:00,21547,21548,21547,21548,193
2025-03-06 09:42:00,21551,21551,21551,21551,108
2025-03-06 09:43:00,21553,21556,21553,21553,109
2025-03-06 09:44:00,21554,21555,21554,21554,321
2025-03-06 09:45:00,21552,21552,21550,21550,368
2025-03-06 09:46:00,21554,21554,21554,21554,108
2025-03-06 09:47:00,21556,21556,21556,21556,125
2025-03-06 09:48:00,21555,21556,21553,21554,260
2025-03-06 09:49:00,21556,21557,21556,21556,97
2025-03-06 09:50:00,21558,21558,21556,21557,122
2025-03-06 09:51:00,21563,21573,21559,21563,207
2025-03-06 09:52:00,21562,21563,21562,21563,221
2025-03-06 09:53:00,21557,21557,21557,21557,400
2025-03-06 09:54:00,21551,21557,21550,21552,196
2025-03-06 09:55:00,21555,21556,21554,21555,209
2025-03-06 09:56:00,21552,21552,21552,21552,88
2025-03-06 09:57:00,21552,21554,21550,21552,237
2025-03-06 09:58:00,21552,21552,21551,21551,120
2025-03-06 09:59:00,21545,21545,21542,21543,28
2025-03-06 10:00:00,21550,21550,21550,21550,291
2025-03-06 10:01:00,21552,21552,21551,21552,143
2025-03-06 10:02:00,21551,21552,21551,21552,336
2025-03-06 10:03:00,21553,21553,21552,21553,65
2025-03-06 10:04:00,21551,21552,21551,21551,246
2025-03-06 10:05:00,21553,21553,21552,21553,60
2025-03-06 10:06:00,21547,21551,21546,21547,214
2025-03-06 10:07:00,21543,21543,21541,21543,240
2025-03-06 10:08:00,21544,21546,21540,21543,186
2025-03-06 10:09:00,21544,21545,21534,21544,204
2025-03-06 10:10:00,21545,21545,21540,21543,291
2025-03-06 10:11:00,21537,21538,21536,21538,354
2025-03-06 10:12:00,21537,21538,21537,21537,205
2025-03-06 10:13:00,21539,21539,21536,21538,215
2025-03-06 10:14:00,21537,21537,21536,21537,237
2025-03-06 10:15:00,21542,21542,21541,21542,57
2025-03-06 10:16:00,21541,21542,21540,21542,301
2025-03-06 10:17:00,21545,21545,21545,21545,132
2025-03-06 10:18:00,21544,21544,21540,21542,37
2025-03-06 10:19:00,21543,21543,21541,21542,218
2025-03-06 10:20:00,21536,21536,21536,21536,1
2025-03-06 10:21:00,21535,21535,21534,21535,61
2025-03-06 10:22:00,21536,21536,21535,21535,97
2025-03-06 10:23:00,21532,21532,21531,21531,67
2025-03-06 10:24:00,21524,21527,21524,21525,161
2025-03-06 10:25:00,21524,21526,21522,21523,192
2025-03-06 10:26:00,21527,21529,21524,21527,303
2025-03-06 10:27:00,21527,21527,21525,21526,192
2025-03-06 10:28:00,21530,21530,21530,21530,161
2025-03-06 10:29:00,21536,21536,21536,21536,238
2025-03-06 10:30:00,21537,21537,21536,21537,216
2025-03-06 10:31:00,21538,21538,21534,21536,148
2025-03-06 10:32:00,21534,21535,21533,21534,143
2025-03-06 10:33:00,21533,21534,21533,21533,101
2025-03-06 10:34:00,21533,21535,21531,21533,152
2025-03-06 10:35:00,21529,21533,21527,21528,12
2025-03-06 10:36:00,21529,21530,21528,21529,190
2025-03-06 10:37:00,21532,21533,21532,21532,140
2025-03-06 10:38:00,21533,21533,21533,21533,95
2025-03-06 10:39:00,21537,21537,21536,21537,287
2025-03-06 10:40:00,21538,21539,21537,21538,171
2025-03-06 10:41:00,21544,21544,21543,21544,126
2025-03-06 10:42:00,21542,21543,21542,21542,1
2025-03-06 10:43:00,21539,21542,21539,21541,216
2025-03-06 10:44:00,21544,21544,21543,21544,159
2025-03-06 10:45:00,21544,21545,21543,21545,171
2025-03-06 10:46:00,21548,21549,21548,21549,162
2025-03-06 10:47:00,21543,21545,21542,21543,211
2025-03-06 10:48:00,21541,21541,21540,21541,68
2025-03-06 10:49:00,21538,21538,21538,21538,195
2025-03-06 10:50:00,21539,21539,21538,21539,221
2025-03-06 10:51:00,21539,21539,21539,21539,206
2025-03-06 10:52:00,21536,21537,21536,21537,79
2025-03-06 10:53:00,21531,21531,21530,21530,159
2025-03-06 10:54:00,21529,21530,21527,21529,78
2025-03-06 10:55:00,21531,21531,21531,21531,120
2025-03-06 10:56:00,21532,21532,21532,21532,201
2025-03-06 10:57:00,21532,21534,21532,21533,157
2025-03-06 10:58:00,21535,21537,21534,21536,151
2025-03-06 10:59:00,21537,21540,21536,21538,135
2025-03-06 11:00:00,21541,21544,21541,21542,206
2025-03-06 11:01:00,21541,21542,21541,21542,242
2025-03-06 11:02:00,21542,21542,21540,21540,149
2025-03-06 11:03:00,21537,21540,21535,21538,63
2025-03-06 11:04:00,21538,21538,21538,21538,65
2025-03-06 11:05:00,21541,21542,21541,21541,216
2025-03-06 11:06:00,21538,21539,21538,21538,164
2025-03-06 11:07:00,21534,21537,21534,21536,221
2025-03-06 11:08:00,21536,21536,21535,21535,170
2025-03-06 11:09:00,21535,21535,21535,21535,189
2025-03-06 11:10:00,21535,21535,21530,21534,218
2025-03-06 11:11:00,21539,21539,21539,21539,210
2025-03-06 11:12:00,21541,21542,21539,21541,273
2025-03-06 11:13:00,21541,21541,21541,21541,41
2025-03-06 11:14:00,21543,21543,21542,21542,74
2025-03-06 11:15:00,21541,21542,21541,21541,139
2025-03-06 11:16:00,21543,21543,21541,21542,75
2025-03-06 11:17:00,21542,21543,21542,21542,175
2025-03-06 11:18:00,21543,21545,21540,21542,24
2025-03-06 11:19:00,21540,21540,21540,21540,184
2025-03-06 11:20:00,21541,21541,21541,21541,91
2025-03-06 11:21:00,21540,21540,21540,21540,184
2025-03-06 11:22:00,21541,21541,21540,21540,65
2025-03-06 11:23:00,21537,21538,21536,21537,100
2025-03-06 11:24:00,21539,21539,21537,21538,33
2025-03-06 11:25:00,21538,21538,21538,21538,118
2025-03-06 11:26:00,21535,21540,21534,21536,139
2025-03-06 11:27:00,21538,21538,21538,21538,132
2025-03-06 11:28:00,21540,21541,21540,21540,191
2025-03-06 11:29:00,21539,21539,21539,21539,142
2025-03-06 11:30:00,21537,21538,21537,21537,161
2025-03-06 11:31:00,21539,21539,21539,21539,234
2025-03-06 11:32:00,21536,21536,21535,21535,240
2025-03-06 11:33:00,21534,21534,21534,21534,89
2025-03-06 11:34:00,21533,21534,21532,21533,82
2025-03-06 11:35:00,21535,21535,21533,21534,246
2025-03-06 11:36:00,21536,21536,21536,21536,150
2025-03-06 11:37:00,21537,21537,21533,21536,94
2025-03-06 11:38:00,21536,21536,21534,21535,139
2025-03-06 11:39:00,21534,21534,21534,21534,60
2025-03-06 11:40:00,21533,21534,21533,21533,68
2025-03-06 11:41:00,21534,21534,21532,21533,218
2025-03-06 11:42:00,21535,21535,21535,21535,194
2025-03-06 11:43:00,21536,21540,21536,21538,234
2025-03-06 11:44:00,21537,21537,21537,21537,138
2025-03-06 11:45:00,21537,21537,21537,21537,183
2025-03-06 11:46:00,21537,21537,21536,21537,251
2025-03-06 11:47:00,21537,21538,21537,21537,137
2025-03-06 11:48:00,21544,21546,21543,21544,264
2025-03-06 11:49:00,21548,21550,21546,21548,372
2025-03-06 11:50:00,21550,21550,21550,21550,182
2025-03-06 11:51:00,21547,21548,21547,21547,170
2025-03-06 11:52:00,21543,21544,21542,21543,162
2025-03-06 11:53:00,21544,21544,21540,21543,261
2025-03-06 11:54:00,21540,21540,21540,21540,197
2025-03-06 11:55:00,21539,21540,21538,21538,309
2025-03-06 11:56:00,21539,21539,21539,21539,244
2025-03-06 11:57:00,21538,21538,21536,21537,110
2025-03-06 11:58:00,21540,21543,21539,21540,338
2025-03-06 11:59:00,21540,21541,21538,21540,117
2025-03-06 12:00:00,21535,21536,21533,21536,255
2025-03-06 12:01:00,21538,21541,21536,21538,328
2025-03-06 12:02:00,21540,21540,21540,21540,323
2025-03-06 12:03:00,21540,21541,21540,21541,68
2025-03-06 12:04:00,21541,21544,21540,21542,188
2025-03-06 12:05:00,21544,21545,21544,21544,113
2025-03-06 12:06:00,21540,21540,21539,21540,195
2025-03-06 12:07:00,21543,21543,21543,21543,203
2025-03-06 12:08:00,21540,21540,21540,21540,173
2025-03-06 12:09:00,21539,21540,21539,21539,271
2025-03-06 12:10:00,21541,21541,21540,21541,87
2025-03-06 12:11:00,21544,21550,21544,21546,165
2025-03-06 12:12:00,21546,21546,21543,21545,100
2025-03-06 12:13:00,21540,21543,21536,21540,164
2025-03-06 12:14:00,21539,21539,21538,21539,167
2025-03-06 12:15:00,21537,21540,21537,21539,247
2025-03-06 12:16:00,21539,21539,21538,21539,325
2025-03-06 12:17:00,21543,21543,21542,21542,135
2025-03-06 12:18:00,21542,21542,21542,21542,318
2025-03-06 12:19:00,21544,21544,21544,21544,350
2025-03-06 12:20:00,21546,21546,21542,21545,259
2025-03-06 12:21:00,21546,21548,21546,21548,183
2025-03-06 12:22:00,21542,21542,21540,21541,61
2025-03-06 12:23:00,21542,21542,21541,21542,281
2025-03-06 12:24:00,21542,21542,21541,21542,178
2025-03-06 12:25:00,21541,21541,21539,21540,258
2025-03-06 12:26:00,21539,21543,21539,21540,236
2025-03-06 12:27:00,21545,21545,21544,21545,36
2025-03-06 12:28:00,21544,21544,21543,21543,186
2025-03-06 12:29:00,21543,21544,21543,21543,121
2025-03-06 12:30:00,21543,21543,21543,21543,27
2025-03-06 12:31:00,21545,21548,21543,21545,57
2025-03-06 12:32:00,21547,21547,21546,21547,100
2025-03-06 12:33:00,21543,21543,21541,21543,234
2025-03-06 12:34:00,21539,21539,21538,21538,66
2025-03-06 12:35:00,21539,21543,21538,21539,287
2025-03-06 12:36:00,21542,21543,21541,21542,191
2025-03-06 12:37:00,21537,21538,21537,21537,226
2025-03-06 12:38:00,21535,21536,21531,21535,248
2025-03-06 12:39:00,21531,21532,21530,21531,277
2025-03-06 12:40:00,21533,21535,21531,21533,5
2025-03-06 12:41:00,21531,21533,21530,21530,283
2025-03-06 12:42:00,21539,21539,21536,21538,242
2025-03-06 12:43:00,21534,21537,21534,21535,227
2025-03-06 12:44:00,21536,21536,21534,21536,265
2025-03-06 12:45:00,21537,21537,21536,21537,70
2025-03-06 12:46:00,21537,21537,21532,21535,63
2025-03-06 12:47:00,21535,21535,21534,21535,186
2025-03-06 12:48:00,21533,21533,21532,21533,116
2025-03-06 12:49:00,21532,21532,21532,21532,1
2025-03-06 12:50:00,21533,21534,21532,21533,117
2025-03-06 12:51:00,21533,21535,21533,21533,205
2025-03-06 12:52:00,21529,21529,21529,21529,75
2025-03-06 12:53:00,21527,21528,21527,21527,116
2025-03-06 12:54:00,21528,21531,21528,21529,217
2025-03-06 12:55:00,21529,21529,21527,21529,179
2025-03-06 12:56:00,21522,21523,21522,21522,148
2025-03-06 12:57:00,21527,21531,21527,21528,85
2025-03-06 12:58:00,21532,21535,21529,21532,174
2025-03-06 12:59:00,21534,21536,21533,21534,196
2025-03-06 13:00:00,21532,21532,21532,21532,240
2025-03-06 13:01:00,21533,21533,21531,21533,1
2025-03-06 13:02:00,21535,21536,21535,21535,58
2025-03-06 13:03:00,21532,21532,21531,21531,136
2025-03-06 13:04:00,21532,21533,21532,21532,130
2025-03-06 13:05:00,21532,21532,21530,21532,315
2025-03-06 13:06:00,21529,21529,21528,21528,82
2025-03-06 13:07:00,21527,21527,21526,21526,53
2025-03-06 13:08:00,21526,21528,21526,21526,207
2025-03-06 13:09:00,21530,21530,21530,21530,166
2025-03-06 13:10:00,21533,21533,21528,21533,341
2025-03-06 13:11:00,21533,21538,21525,21534,111
2025-03-06 13:12:00,21531,21540,21526,21533,137
2025-03-06 13:13:00,21528,21528,21527,21527,4
2025-03-06 13:14:00,21533,21533,21532,21532,196
2025-03-06 13:15:00,21537,21540,21536,21537,82
2025-03-06 13:16:00,21531,21532,21531,21531,303
2025-03-06 13:17:00,21533,21535,21531,21532,303
2025-03-06 13:18:00,21525,21529,21523,21525,62
2025-03-06 13:19:00,21515,21521,21515,21518,198
2025-03-06 13:20:00,21520,21520,21520,21520,114
2025-03-06 13:21:00,21523,21525,21523,21524,394
2025-03-06 13:22:00,21524,21525,21524,21524,142
2025-03-06 13:23:00,21529,21529,21527,21529,139
2025-03-06 13:24:00,21527,21529,21526,21527,333
2025-03-06 13:25:00,21525,21527,21525,21526,235
2025-03-06 13:26:00,21525,21525,21519,21522,548
2025-03-06 13:27:00,21517,21520,21510,21517,706
2025-03-06 13:28:00,21522,21523,21519,21521,359
2025-03-06 13:29:00,21521,21521,21520,21521,283
2025-03-06 13:30:00,21528,21528,21528,21528,486
2025-03-06 13:31:00,21520,21520,21518,21519,431
2025-03-06 13:32:00,21517,21517,21516,21517,412
2025-03-06 13:33:00,21517,21518,21509,21515,38
2025-03-06 13:34:00,21510,21512,21510,21510,71
2025-03-06 13:35:00,21511,21513,21511,21512,132
2025-03-06 13:36:00,21506,21507,21505,21505,477
2025-03-06 13:37:00,21503,21503,21503,21503,196
2025-03-06 13:38:00,21510,21510,21506,21508,335
2025-03-06 13:39:00,21512,21512,21506,21510,213
2025-03-06 13:40:00,21502,21511,21502,21506,364
2025-03-06 13:41:00,21503,21503,21501,21502,383
2025-03-06 13:42:00,21494,21496,21492,21495,455
2025-03-06 13:43:00,21491,21492,21484,21491,520
2025-03-06 13:44:00,21494,21498,21494,21496,397
2025-03-07 08:45:00,21459,21460,21459,21459,417
2025-03-07 08:46:00,21455,21458,21454,21455,310
2025-03-07 08:47:00,21459,21461,21458,21459,109
2025-03-07 08:48:00,21462,21463,21460,21461,748
2025-03-07 08:49:00,21462,21462,21453,21459,525
2025-03-07 08:50:00,21457,21457,21453,21455,1
2025-03-07 08:51:00,21454,21455,21453,21453,129
2025-03-07 08:52:00,21452,21452,21449,21451,490
2025-03-07 08:53:00,21455,21455,21455,21455,319
2025-03-07 08:54:00,21457,21461,21457,21458,277
2025-03-07 08:55:00,21462,21462,21461,21461,196
2025-03-07 08:56:00,21462,21462,21462,21462,428
2025-03-07 08:57:00,21457,21462,21450,21460,153
2025-03-07 08:58:00,21463,21463,21462,21463,43
2025-03-07 08:59:00,21456,21459,21454,21456,243
2025-03-07 09:00:00,21464,21464,21461,21463,379
2025-03-07 09:01:00,21471,21471,21470,21470,277
2025-03-07 09:02:00,21472,21472,21471,21472,350
2025-03-07 09:03:00,21466,21467,21466,21466,295
2025-03-07 09:04:00,21468,21468,21468,21468,11
2025-03-07 09:05:00,21468,21472,21468,21470,83
2025-03-07 09:06:00,21466,21466,21466,21466,207
2025-03-07 09:07:00,21470,21473,21470,21471,50
2025-03-07 09:08:00,21472,21475,21472,21473,212
2025-03-07 09:09:00,21470,21472,21469,21470,308
2025-03-07 09:10:00,21473,21476,21473,21475,212
2025-03-07 09:11:00,21472,21473,21471,21472,195
2025-03-07 09:12:00,21468,21470,21468,21470,136
2025-03-07 09:13:00,21473,21475,21472,21473,146
2025-03-07 09:14:00,21477,21478,21477,21478,254
2025-03-07 09:15:00,21480,21481,21480,21480,217
2025-03-07 09:16:00,21485,21485,21484,21485,225
2025-03-07 09:17:00,21487,21487,21486,21487,390
2025-03-07 09:18:00,21483,21489,21483,21487,132
2025-03-07 09:19:00,21488,21489,21485,21488,36
2025-03-07 09:20:00,21486,21486,21485,21486,226
2025-03-07 09:21:00,21485,21485,21484,21485,107
2025-03-07 09:22:00,21483,21483,21481,21482,51
2025-03-07 09:23:00,21484,21485,21479,21483,275
2025-03-07 09:24:00,21489,21489,21489,21489,32
2025-03-07 09:25:00,21494,21495,21494,21494,185
2025-03-07 09:26:00,21495,21496,21495,21496,151
2025-03-07 09:27:00,21490,21493,21490,21491,197
2025-03-07 09:28:00,21490,21491,21490,21490,98
2025-03-07 09:29:00,21488,21490,21487,21488,159
2025-03-07 09:30:00,21484,21486,21481,21484,317
2025-03-07 09:31:00,21483,21484,21483,21484,198
2025-03-07 09:32:00,21483,21483,21482,21483,59
2025-03-07 09:33:00,21483,21483,21483,21483,75
2025-03-07 09:34:00,21487,21487,21486,21486,166
2025-03-07 09:35:00,21485,21486,21485,21485,275
2025-03-07 09:36:00,21489,21490,21489,21489,220
2025-03-07 09:37:00,21489,21491,21488,21489,216
2025-03-07 09:38:00,21492,21492,21491,21492,92
2025-03-07 09:39:00,21491,21491,21491,21491,156
2025-03-07 09:40:00,21495,21496,21495,21495,278
2025-03-07 09:41:00,21501,21501,21500,21500,227
2025-03-07 09:42:00,21498,21499,21497,21498,169
2025-03-07 09:43:00,21498,21499,21496,21498,40
2025-03-07 09:44:00,21497,21497,21496,21496,291
2025-03-07 09:45:00,21496,21496,21495,21496,136
2025-03-07 09:46:00,21495,21499,21493,21496,363
2025-03-07 09:47:00,21499,21502,21498,21498,158
2025-03-07 09:48:00,21499,21500,21498,21500,146
2025-03-07 09:49:00,21497,21497,21496,21497,90
2025-03-07 09:50:00,21493,21497,21493,21494,304
2025-03-07 09:51:00,21492,21496,21492,21494,148
2025-03-07 09:52:00,21490,21490,21487,21489,443
2025-03-07 09:53:00,21487,21487,21486,21487,120
2025-03-07 09:54:00,21491,21492,21486,21490,167
2025-03-07 09:55:00,21489,21489,21489,21489,194
2025-03-07 09:56:00,21492,21495,21492,21492,319
2025-03-07 09:57:00,21492,21493,21492,21492,194
2025-03-07 09:58:00,21488,21488,21488,21488,144
2025-03-07 09:59:00,21486,21489,21485,21485,288
2025-03-07 10:00:00,21485,21485,21484,21484,148
2025-03-07 10:01:00,21481,21485,21481,21483,219
2025-03-07 10:02:00,21485,21487,21484,21485,167
2025-03-07 10:03:00,21487,21488,21487,21487,177
2025-03-07 10:04:00,21486,21487,21485,21486,149
2025-03-07 10:05:00,21487,21489,21487,21488,377
2025-03-07 10:06:00,21488,21489,21488,21488,326
2025-03-07 10:07:00,21491,21491,21489,21489,48
2025-03-07 10:08:00,21485,21488,21483,21485,1
2025-03-07 10:09:00,21483,21484,21483,21484,246
2025-03-07 10:10:00,21491,21491,21487,21489,181
2025-03-07 10:11:00,21489,21492,21486,21489,123
2025-03-07 10:12:00,21486,21487,21486,21487,88
2025-03-07 10:13:00,21489,21489,21486,21488,151
2025-03-07 10:14:00,21488,21488,21488,21488,64
2025-03-07 10:15:00,21484,21484,21481,21481,13
2025-03-07 10:16:00,21479,21479,21479,21479,185
2025-03-07 10:17:00,21482,21482,21480,21482,140
2025-03-07 10:18:00,21478,21478,21477,21478,194
2025-03-07 10:19:00,21480,21480,21479,21479,144
2025-03-07 10:20:00,21479,21479,21478,21478,233
2025-03-07 10:21:00,21479,21481,21479,21479,197
2025-03-07 10:22:00,21484,21485,21482,21484,162
2025-03-07 10:23:00,21483,21483,21480,21483,32
2025-03-07 10:24:00,21492,21492,21491,21492,34
2025-03-07 10:25:00,21494,21494,21493,21494,84
2025-03-07 10:26:00,21495,21495,21494,21494,178
2025-03-07 10:27:00,21497,21497,21494,21496,109
2025-03-07 10:28:00,21494,21501,21494,21498,275
2025-03-07 10:29:00,21502,21502,21502,21502,218
2025-03-07 10:30:00,21508,21508,21503,21508,253
2025-03-07 10:31:00,21513,21514,21513,21513,189
2025-03-07 10:32:00,21510,21511,21510,21510,264
2025-03-07 10:33:00,21509,21509,21508,21508,318
2025-03-07 10:34:00,21508,21511,21506,21509,110
2025-03-07 10:35:00,21505,21506,21505,21505,302
2025-03-07 10:36:00,21500,21500,21497,21500,38
2025-03-07 10:37:00,21499,21499,21498,21499,216
2025-03-07 10:38:00,21495,21495,21495,21495,173
2025-03-07 10:39:00,21490,21490,21488,21490,184
2025-03-07 10:40:00,21494,21494,21494,21494,207
2025-03-07 10:41:00,21488,21490,21488,21489,234
2025-03-07 10:42:00,21487,21488,21486,21487,156
2025-03-07 10:43:00,21486,21486,21486,21486,297
2025-03-07 10:44:00,21483,21485,21482,21482,273
2025-03-07 10:45:00,21483,21483,21482,21482,169
2025-03-07 10:46:00,21482,21485,21480,21483,38
2025-03-07 10:47:00,21479,21480,21478,21480,249
2025-03-07 10:48:00,21478,21479,21478,21479,67
2025-03-07 10:49:00,21478,21479,21477,21478,73
2025-03-07 10:50:00,21474,21474,21474,21474,27
2025-03-07 10:51:00,21475,21475,21474,21475,87
2025-03-07 10:52:00,21474,21475,21474,21475,241
2025-03-07 10:53:00,21475,21475,21475,21475,115
2025-03-07 10:54:00,21472,21472,21471,21472,305
2025-03-07 10:55:00,21468,21468,21467,21467,1
2025-03-07 10:56:00,21466,21466,21465,21466,144
2025-03-07 10:57:00,21465,21465,21463,21464,168
2025-03-07 10:58:00,21463,21468,21463,21464,60
2025-03-07 10:59:00,21466,21466,21465,21466,139
2025-03-07 11:00:00,21471,21471,21469,21470,168
2025-03-07 11:01:00,21472,21472,21471,21471,79
2025-03-07 11:02:00,21473,21474,21472,21473,243
2025-03-07 11:03:00,21477,21478,21477,21477,182
2025-03-07 11:04:00,21474,21476,21474,21475,304
2025-03-07 11:05:00,21477,21477,21475,21476,196
2025-03-07 11:06:00,21477,21477,21477,21477,131
2025-03-07 11:07:00,21477,21478,21477,21478,193
2025-03-07 11:08:00,21479,21480,21478,21480,130
2025-03-07 11:09:00,21481,21481,21481,21481,111
2025-03-07 11:10:00,21483,21483,21483,21483,99
2025-03-07 11:11:00,21482,21482,21482,21482,78
2025-03-07 11:12:00,21481,21483,21480,21481,175
2025-03-07 11:13:00,21483,21485,21483,21484,58
2025-03-07 11:14:00,21484,21485,21484,21484,1
2025-03-07 11:15:00,21484,21485,21484,21484,346
2025-03-07 11:16:00,21488,21493,21488,21488,163
2025-03-07 11:17:00,21489,21490,21489,21489,74
2025-03-07 11:18:00,21491,21491,21490,21491,244
2025-03-07 11:19:00,21487,21488,21487,21487,206
2025-03-07 11:20:00,21486,21486,21485,21485,269
2025-03-07 11:21:00,21490,21492,21486,21490,93
2025-03-07 11:22:00,21491,21491,21489,21490,56
2025-03-07 11:23:00,21495,21495,21494,21495,44
2025-03-07 11:24:00,21494,21495,21493,21494,179
2025-03-07 11:25:00,21494,21495,21493,21495,155
2025-03-07 11:26:00,21495,21495,21495,21495,121
2025-03-07 11:27:00,21493,21494,21493,21494,214
2025-03-07 11:28:00,21492,21492,21492,21492,83
2025-03-07 11:29:00,21494,21494,21494,21494,157
2025-03-07 11:30:00,21492,21498,21491,21494,165
2025-03-07 11:31:00,21494,21494,21494,21494,94
2025-03-07 11:32:00,21493,21493,21492,21493,142
2025-03-07 11:33:00,21496,21496,21495,21496,204
2025-03-07 11:34:00,21499,21500,21499,21499,248
2025-03-07 11:35:00,21502,21502,21501,21502,39
2025-03-07 11:36:00,21502,21502,21502,21502,4
2025-03-07 11:37:00,21503,21504,21503,21503,116
2025-03-07 11:38:00,21504,21505,21503,21503,210
2025-03-07 11:39:00,21507,21507,21502,21506,4
2025-03-07 11:40:00,21509,21511,21509,21509,62
2025-03-07 11:41:00,21510,21512,21506,21510,184
2025-03-07 11:42:00,21510,21510,21510,21510,226
2025-03-07 11:43:00,21510,21510,21509,21510,262
2025-03-07 11:44:00,21511,21512,21511,21512,286
2025-03-07 11:45:00,21509,21509,21509,21509,122
2025-03-07 11:46:00,21503,21503,21502,21503,14
2025-03-07 11:47:00,21502,21502,21501,21501,106
2025-03-07 11:48:00,21505,21507,21505,21506,161
2025-03-07 11:49:00,21506,21506,21506,21506,245
2025-03-07 11:50:00,21509,21510,21507,21509,101
2025-03-07 11:51:00,21504,21504,21504,21504,182
2025-03-07 11:52:00,21502,21502,21502,21502,251
2025-03-07 11:53:00,21501,21503,21498,21501,122
2025-03-07 11:54:00,21497,21497,21497,21497,121
2025-03-07 11:55:00,21498,21499,21497,21498,234
2025-03-07 11:56:00,21494,21496,21494,21496,190
2025-03-07 11:57:00,21496,21498,21494,21497,157
2025-03-07 11:58:00,21491,21491,21490,21490,78
2025-03-07 11:59:00,21487,21487,21485,21487,242
2025-03-07 12:00:00,21488,21488,21487,21487,50
2025-03-07 12:01:00,21484,21484,21483,21484,81
2025-03-07 12:02:00,21488,21489,21486,21489,230
2025-03-07 12:03:00,21493,21494,21492,21493,201
2025-03-07 12:04:00,21490,21491,21490,21490,123
2025-03-07 12:05:00,21488,21488,21487,21487,247
2025-03-07 12:06:00,21486,21486,21486,21486,130
2025-03-07 12:07:00,21482,21482,21481,21481,43
2025-03-07 12:08:00,21481,21484,21481,21482,13
2025-03-07 12:09:00,21482,21483,21481,21482,271
2025-03-07 12:10:00,21480,21480,21478,21479,204
2025-03-07 12:11:00,21481,21481,21481,21481,216
2025-03-07 12:12:00,21484,21487,21481,21486,177
2025-03-07 12:13:00,21487,21487,21486,21487,139
2025-03-07 12:14:00,21486,21486,21484,21485,177
2025-03-07 12:15:00,21489,21490,21489,21489,221
2025-03-07 12:16:00,21494,21494,21494,21494,118
2025-03-07 12:17:00,21495,21495,21493,21494,418
2025-03-07 12:18:00,21494,21497,21488,21496,138
2025-03-07 12:19:00,21495,21497,21494,21496,163
2025-03-07 12:20:00,21499,21499,21499,21499,195
2025-03-07 12:21:00,21502,21502,21499,21502,136
2025-03-07 12:22:00,21496,21496,21495,21496,248
2025-03-07 12:23:00,21497,21500,21496,21498,193
2025-03-07 12:24:00,21499,21499,21498,21499,186
2025-03-07 12:25:00,21503,21505,21502,21504,231
2025-03-07 12:26:00,21506,21507,21505,21506,222
2025-03-07 12:27:00,21500,21501,21500,21500,170
2025-03-07 12:28:00,21501,21503,21500,21501,300
2025-03-07 12:29:00,21499,21500,21499,21500,280
2025-03-07 12:30:00,21500,21500,21499,21499,151
2025-03-07 12:31:00,21500,21500,21500,21500,145
2025-03-07 12:32:00,21505,21505,21504,21504,113
2025-03-07 12:33:00,21502,21503,21502,21502,278
2025-03-07 12:34:00,21501,21501,21500,21501,185
2025-03-07 12:35:00,21502,21504,21500,21502,254
2025-03-07 12:36:00,21506,21506,21506,21506,116
2025-03-07 12:37:00,21503,21503,21502,21503,205
2025-03-07 12:38:00,21505,21505,21504,21505,182
2025-03-07 12:39:00,21504,21505,21504,21504,225
2025-03-07 12:40:00,21501,21501,21501,21501,140
2025-03-07 12:41:00,21501,21502,21501,21501,342
2025-03-07 12:42:00,21501,21501,21501,21501,180
2025-03-07 12:43:00,21503,21503,21503,21503,125
2025-03-07 12:44:00,21503,21504,21503,21504,403
2025-03-07 12:45:00,21505,21507,21505,21506,226
2025-03-07 12:46:00,21504,21505,21504,21505,113
2025-03-07 12:47:00,21506,21506,21505,21506,280
2025-03-07 12:48:00,21510,21510,21510,21510,126
2025-03-07 12:49:00,21510,21510,21510,21510,357
2025-03-07 12:50:00,21511,21512,21510,21510,115
2025-03-07 12:51:00,21510,21511,21509,21510,21
2025-03-07 12:52:00,21509,21511,21509,21510,107
2025-03-07 12:53:00,21512,21512,21509,21512,245
2025-03-07 12:54:00,21516,21516,21516,21516,28
2025-03-07 12:55:00,21514,21514,21513,21514,31
2025-03-07 12:56:00,21509,21509,21509,21509,45
2025-03-07 12:57:00,21514,21514,21513,21514,80
2025-03-07 12:58:00,21514,21516,21512,21515,132
2025-03-07 12:59:00,21519,21519,21519,21519,131
2025-03-07 13:00:00,21522,21522,21521,21522,233
2025-03-07 13:01:00,21519,21520,21515,21517,264
2025-03-07 13:02:00,21520,21523,21519,21521,321
2025-03-07 13:03:00,21524,21525,21524,21525,225
2025-03-07 13:04:00,21521,21521,21521,21521,262
2025-03-07 13:05:00,21522,21523,21522,21522,144
2025-03-07 13:06:00,21519,21520,21518,21519,455
2025-03-07 13:07:00,21521,21524,21520,21521,157
2025-03-07 13:08:00,21525,21528,21524,21526,249
2025-03-07 13:09:00,21518,21519,21518,21519,123
2025-03-07 13:10:00,21517,21518,21515,21516,265
2025-03-07 13:11:00,21514,21514,21514,21514,163
2025-03-07 13:12:00,21513,21514,21512,21514,175
2025-03-07 13:13:00,21514,21514,21513,21514,163
2025-03-07 13:14:00,21516,21516,21516,21516,145
2025-03-07 13:15:00,21515,21518,21515,21515,127
2025-03-07 13:16:00,21525,21525,21524,21525,322
2025-03-07 13:17:00,21518,21518,21517,21517,416
2025-03-07 13:18:00,21513,21513,21513,21513,189
2025-03-07 13:19:00,21516,21516,21516,21516,158
2025-03-07 13:20:00,21519,21519,21515,21517,231
2025-03-07 13:21:00,21515,21515,21515,21515,263
2025-03-07 13:22:00,21514,21514,21514,21514,422
2025-03-07 13:23:00,21514,21514,21512,21514,105
2025-03-07 13:24:00,21517,21518,21516,21517,1
2025-03-07 13:25:00,21518,21523,21517,21519,514
2025-03-07 13:26:00,21518,21522,21514,21518,542
2025-03-07 13:27:00,21514,21514,21511,21514,536
2025-03-07 13:28:00,21522,21522,21518,21520,461
2025-03-07 13:29:00,21520,21522,21519,21520,1
2025-03-07 13:30:00,21522,21522,21518,21519,456
2025-03-07 13:31:00,21522,21523,21522,21523,157
2025-03-07 13:32:00,21521,21521,21520,21520,254
2025-03-07 13:33:00,21517,21517,21515,21517,489
2025-03-07 13:34:00,21515,21515,21515,21515,494
2025-03-07 13:35:00,21516,21516,21516,21516,198
2025-03-07 13:36:00,21511,21516,21507,21515,289
2025-03-07 13:37:00,21516,21516,21515,21516,349
2025-03-07 13:38:00,21522,21522,21520,21521,282
2025-03-07 13:39:00,21535,21535,21532,21533,468
2025-03-07 13:40:00,21527,21528,21527,21528,300
2025-03-07 13:41:00,21534,21540,21529,21534,287
2025-03-07 13:42:00,21525,21525,21520,21524,224
2025-03-07 13:43:00,21512,21513,21512,21513,245
2025-03-07 13:44:00,21513,21514,21513,21513,262
2025-03-10 08:45:00,21498,21498,21498,21498,523
2025-03-10 08:46:00,21488,21489,21486,21488,462
2025-03-10 08:47:00,21487,21488,21486,21487,386
2025-03-10 08:48:00,21479,21480,21479,21479,240
2025-03-10 08:49:00,21484,21484,21484,21484,351
2025-03-10 08:50:00,21487,21487,21485,21487,279
2025-03-10 08:51:00,21488,21491,21488,21490,377
2025-03-10 08:52:00,21481,21481,21481,21481,322
2025-03-10 08:53:00,21480,21480,21476,21477,246
2025-03-10 08:54:00,21483,21483,21483,21483,96
2025-03-10 08:55:00,21487,21487,21486,21486,246
2025-03-10 08:56:00,21487,21490,21487,21488,394
2025-03-10 08:57:00,21487,21489,21487,21488,306
2025-03-10 08:58:00,21491,21491,21490,21491,39
2025-03-10 08:59:00,21494,21496,21492,21493,485
2025-03-10 09:00:00,21488,21493,21486,21488,1
2025-03-10 09:01:00,21485,21485,21485,21485,250
2025-03-10 09:02:00,21481,21482,21481,21481,390
2025-03-10 09:03:00,21483,21486,21483,21483,16
2025-03-10 09:04:00,21480,21480,21479,21480,331
2025-03-10 09:05:00,21486,21486,21485,21485,91
2025-03-10 09:06:00,21486,21487,21485,21486,481
2025-03-10 09:07:00,21478,21483,21478,21481,35
2025-03-10 09:08:00,21478,21478,21478,21478,355
2025-03-10 09:09:00,21476,21477,21476,21476,307
2025-03-10 09:10:00,21470,21473,21468,21472,274
2025-03-10 09:11:00,21474,21477,21474,21476,279
2025-03-10 09:12:00,21478,21478,21469,21474,206
2025-03-10 09:13:00,21475,21476,21474,21475,147
2025-03-10 09:14:00,21480,21480,21480,21480,344
2025-03-10 09:15:00,21483,21483,21477,21482,191
2025-03-10 09:16:00,21484,21484,21484,21484,237
2025-03-10 09:17:00,21483,21483,21482,21483,169
2025-03-10 09:18:00,21483,21483,21483,21483,173
2025-03-10 09:19:00,21485,21485,21484,21485,124
2025-03-10 09:20:00,21488,21488,21487,21487,125
2025-03-10 09:21:00,21484,21485,21481,21483,59
2025-03-10 09:22:00,21474,21477,21473,21475,268
2025-03-10 09:23:00,21472,21473,21468,21471,39
2025-03-10 09:24:00,21471,21473,21470,21471,226
2025-03-10 09:25:00,21468,21469,21467,21468,209
2025-03-10 09:26:00,21467,21467,21467,21467,47
2025-03-10 09:27:00,21463,21463,21463,21463,311
2025-03-10 09:28:00,21457,21461,21453,21458,321
2025-03-10 09:29:00,21455,21455,21455,21455,158
2025-03-10 09:30:00,21457,21458,21457,21458,228
2025-03-10 09:31:00,21459,21459,21459,21459,197
2025-03-10 09:32:00,21455,21455,21455,21455,120
2025-03-10 09:33:00,21461,21464,21459,21459,34
2025-03-10 09:34:00,21460,21461,21460,21460,241
2025-03-10 09:35:00,21462,21462,21461,21461,255
2025-03-10 09:36:00,21459,21459,21456,21458,83
2025-03-10 09:37:00,21458,21460,21458,21460,164
2025-03-10 09:38:00,21457,21458,21457,21458,46
2025-03-10 09:39:00,21458,21459,21456,21458,129
2025-03-10 09:40:00,21460,21460,21460,21460,301
2025-03-10 09:41:00,21461,21463,21461,21462,216
2025-03-10 09:42:00,21465,21467,21465,21465,205
2025-03-10 09:43:00,21469,21469,21466,21468,82
2025-03-10 09:44:00,21466,21466,21465,21466,186
2025-03-10 09:45:00,21466,21467,21463,21465,153
2025-03-10 09:46:00,21465,21468,21461,21465,178
2025-03-10 09:47:00,21467,21469,21466,21468,346
2025-03-10 09:48:00,21466,21466,21466,21466,130
2025-03-10 09:49:00,21470,21470,21468,21470,219
2025-03-10 09:50:00,21475,21476,21475,21475,205
2025-03-10 09:51:00,21478,21478,21474,21476,114
2025-03-10 09:52:00,21475,21475,21475,21475,181
2025-03-10 09:53:00,21473,21473,21472,21472,193
2025-03-10 09:54:00,21469,21471,21468,21471,197
2025-03-10 09:55:00,21464,21464,21463,21463,203
2025-03-10 09:56:00,21461,21463,21461,21462,132
2025-03-10 09:57:00,21460,21461,21460,21460,185
2025-03-10 09:58:00,21460,21463,21460,21461,250
2025-03-10 09:59:00,21462,21463,21461,21463,128
2025-03-10 10:00:00,21461,21462,21459,21461,165
2025-03-10 10:01:00,21459,21460,21458,21460,190
2025-03-10 10:02:00,21460,21460,21459,21460,406
2025-03-10 10:03:00,21460,21461,21459,21460,242
2025-03-10 10:04:00,21464,21464,21464,21464,350
2025-03-10 10:05:00,21466,21467,21466,21466,83
2025-03-10 10:06:00,21470,21471,21468,21470,122
2025-03-10 10:07:00,21466,21469,21466,21469,65
2025-03-10 10:08:00,21472,21473,21468,21472,192
2025-03-10 10:09:00,21473,21476,21470,21473,278
2025-03-10 10:10:00,21473,21473,21470,21472,274
2025-03-10 10:11:00,21477,21478,21477,21477,227
2025-03-10 10:12:00,21475,21476,21475,21476,68
2025-03-10 10:13:00,21476,21478,21476,21477,112
2025-03-10 10:14:00,21477,21479,21476,21477,211
2025-03-10 10:15:00,21477,21479,21477,21478,186
2025-03-10 10:16:00,21473,21475,21471,21474,255
2025-03-10 10:17:00,21476,21476,21474,21476,137
2025-03-10 10:18:00,21478,21480,21477,21478,13
2025-03-10 10:19:00,21473,21474,21472,21472,274
2025-03-10 10:20:00,21468,21468,21468,21468,240
2025-03-10 10:21:00,21471,21471,21470,21471,164
2025-03-10 10:22:00,21479,21479,21474,21478,357
2025-03-10 10:23:00,21475,21475,21474,21475,138
2025-03-10 10:24:00,21473,21473,21471,21472,214
2025-03-10 10:25:00,21469,21472,21467,21470,120
2025-03-10 10:26:00,21473,21473,21473,21473,239
2025-03-10 10:27:00,21478,21478,21477,21477,264
2025-03-10 10:28:00,21477,21477,21476,21477,173
2025-03-10 10:29:00,21472,21473,21471,21472,155
2025-03-10 10:30:00,21475,21475,21475,21475,237
2025-03-10 10:31:00,21475,21475,21474,21474,301
2025-03-10 10:32:00,21475,21476,21474,21474,73
2025-03-10 10:33:00,21480,21480,21478,21479,216
2025-03-10 10:34:00,21483,21483,21482,21483,247
2025-03-10 10:35:00,21484,21485,21484,21484,137
2025-03-10 10:36:00,21486,21487,21486,21486,171
2025-03-10 10:37:00,21490,21490,21489,21490,193
2025-03-10 10:38:00,21489,21490,21486,21489,107
2025-03-10 10:39:00,21491,21491,21491,21491,132
2025-03-10 10:40:00,21493,21494,21493,21493,55
2025-03-10 10:41:00,21495,21496,21494,21496,208
2025-03-10 10:42:00,21502,21502,21501,21501,227
2025-03-10 10:43:00,21499,21504,21498,21499,247
2025-03-10 10:44:00,21496,21498,21496,21497,107
2025-03-10 10:45:00,21496,21496,21495,21496,55
2025-03-10 10:46:00,21499,21500,21499,21500,44
2025-03-10 10:47:00,21499,21500,21498,21499,53
2025-03-10 10:48:00,21499,21499,21499,21499,176
2025-03-10 10:49:00,21503,21504,21501,21502,220
2025-03-10 10:50:00,21503,21504,21503,21504,105
2025-03-10 10:51:00,21504,21505,21504,21504,197
2025-03-10 10:52:00,21505,21505,21504,21505,262
2025-03-10 10:53:00,21503,21505,21503,21503,52
2025-03-10 10:54:00,21503,21504,21503,21503,134
2025-03-10 10:55:00,21506,21506,21506,21506,92
2025-03-10 10:56:00,21508,21509,21508,21509,39
2025-03-10 10:57:00,21508,21509,21507,21508,26
2025-03-10 10:58:00,21506,21506,21504,21505,89
2025-03-10 10:59:00,21509,21509,21509,21509,147
2025-03-10 11:00:00,21513,21513,21512,21513,194
2025-03-10 11:01:00,21516,21516,21516,21516,245
2025-03-10 11:02:00,21515,21517,21514,21516,184
2025-03-10 11:03:00,21517,21518,21515,21517,168
2025-03-10 11:04:00,21516,21517,21516,21516,162
2025-03-10 11:05:00,21516,21517,21516,21517,93
2025-03-10 11:06:00,21517,21517,21517,21517,167
2025-03-10 11:07:00,21520,21520,21520,21520,136
2025-03-10 11:08:00,21522,21522,21522,21522,242
2025-03-10 11:09:00,21524,21526,21524,21526,141
2025-03-10 11:10:00,21530,21530,21528,21528,77
2025-03-10 11:11:00,21531,21531,21529,21531,175
2025-03-10 11:12:00,21528,21529,21527,21528,175
2025-03-10 11:13:00,21529,21530,21529,21530,136
2025-03-10 11:14:00,21535,21535,21534,21535,143
2025-03-10 11:15:00,21537,21537,21536,21536,1
2025-03-10 11:16:00,21536,21536,21535,21536,89
2025-03-10 11:17:00,21539,21539,21537,21539,146
2025-03-10 11:18:00,21538,21538,21538,21538,184
2025-03-10 11:19:00,21538,21538,21538,21538,141
2025-03-10 11:20:00,21542,21542,21542,21542,203
2025-03-10 11:21:00,21546,21547,21542,21545,95
2025-03-10 11:22:00,21546,21546,21543,21546,118
2025-03-10 11:23:00,21547,21547,21546,21547,163
2025-03-10 11:24:00,21543,21543,21543,21543,187
2025-03-10 11:25:00,21538,21539,21538,21538,119
2025-03-10 11:26:00,21537,21539,21536,21537,79
2025-03-10 11:27:00,21541,21541,21540,21541,113
2025-03-10 11:28:00,21538,21538,21538,21538,183
2025-03-10 11:29:00,21537,21537,21537,21537,68
2025-03-10 11:30:00,21532,21534,21530,21532,209
2025-03-10 11:31:00,21531,21532,21531,21531,79
2025-03-10 11:32:00,21530,21530,21529,21529,136
2025-03-10 11:33:00,21525,21525,21525,21525,121
2025-03-10 11:34:00,21524,21527,21522,21525,1
2025-03-10 11:35:00,21527,21527,21526,21526,304
2025-03-10 11:36:00,21527,21527,21527,21527,130
2025-03-10 11:37:00,21528,21531,21528,21530,95
2025-03-10 11:38:00,21524,21524,21524,21524,22
2025-03-10 11:39:00,21529,21529,21528,21529,93
2025-03-10 11:40:00,21528,21528,21525,21527,127
2025-03-10 11:41:00,21524,21524,21524,21524,202
2025-03-10 11:42:00,21527,21527,21527,21527,210
2025-03-10 11:43:00,21527,21527,21527,21527,136
2025-03-10 11:44:00,21528,21528,21527,21528,234
2025-03-10 11:45:00,21526,21527,21526,21527,199
2025-03-10 11:46:00,21529,21529,21526,21528,114
2025-03-10 11:47:00,21530,21531,21529,21530,179
2025-03-10 11:48:00,21527,21528,21527,21528,98
2025-03-10 11:49:00,21528,21529,21528,21528,206
2025-03-10 11:50:00,21527,21528,21524,21527,73
2025-03-10 11:51:00,21524,21524,21522,21524,205
2025-03-10 11:52:00,21524,21526,21523,21524,363
2025-03-10 11:53:00,21522,21525,21520,21523,161
2025-03-10 11:54:00,21516,21517,21515,21516,115
2025-03-10 11:55:00,21513,21513,21512,21513,68
2025-03-10 11:56:00,21517,21518,21517,21518,67
2025-03-10 11:57:00,21522,21524,21520,21523,148
2025-03-10 11:58:00,21527,21528,21527,21527,160
2025-03-10 11:59:00,21527,21527,21526,21526,288
2025-03-10 12:00:00,21526,21527,21524,21527,409
2025-03-10 12:01:00,21528,21528,21527,21528,148
2025-03-10 12:02:00,21524,21525,21523,21524,259
2025-03-10 12:03:00,21526,21527,21525,21526,240
2025-03-10 12:04:00,21521,21522,21520,21521,146
2025-03-10 12:05:00,21523,21524,21521,21523,261
2025-03-10 12:06:00,21521,21521,21521,21521,189
2025-03-10 12:07:00,21521,21521,21518,21520,233
2025-03-10 12:08:00,21516,21517,21516,21516,97
2025-03-10 12:09:00,21517,21520,21516,21518,125
2025-03-10 12:10:00,21521,21521,21519,21519,205
2025-03-10 12:11:00,21517,21518,21516,21517,377
2025-03-10 12:12:00,21516,21517,21516,21516,164
2025-03-10 12:13:00,21522,21523,21521,21522,175
2025-03-10 12:14:00,21518,21521,21518,21519,113
2025-03-10 12:15:00,21520,21521,21520,21521,173
2025-03-10 12:16:00,21524,21524,21520,21523,178
2025-03-10 12:17:00,21526,21528,21526,21528,182
2025-03-10 12:18:00,21526,21530,21525,21527,24
2025-03-10 12:19:00,21526,21527,21526,21526,99
2025-03-10 12:20:00,21523,21523,21523,21523,189
2025-03-10 12:21:00,21526,21526,21525,21525,73
2025-03-10 12:22:00,21526,21526,21526,21526,111
2025-03-10 12:23:00,21527,21529,21524,21527,47
2025-03-10 12:24:00,21526,21526,21523,21525,208
2025-03-10 12:25:00,21522,21524,21522,21522,216
2025-03-10 12:26:00,21521,21522,21521,21521,274
2025-03-10 12:27:00,21519,21519,21515,21518,192
2025-03-10 12:28:00,21519,21519,21519,21519,80
2025-03-10 12:29:00,21521,21521,21520,21521,1
2025-03-10 12:30:00,21516,21520,21515,21516,116
2025-03-10 12:31:00,21515,21515,21515,21515,342
2025-03-10 12:32:00,21511,21511,21509,21509,174
2025-03-10 12:33:00,21514,21515,21514,21515,85
2025-03-10 12:34:00,21518,21518,21517,21518,217
2025-03-10 12:35:00,21520,21523,21520,21521,232
2025-03-10 12:36:00,21513,21513,21513,21513,247
2025-03-10 12:37:00,21512,21512,21512,21512,10
2025-03-10 12:38:00,21507,21508,21507,21507,225
2025-03-10 12:39:00,21505,21505,21504,21505,138
2025-03-10 12:40:00,21509,21509,21509,21509,262
2025-03-10 12:41:00,21505,21505,21504,21504,95
2025-03-10 12:42:00,21507,21507,21507,21507,267
2025-03-10 12:43:00,21510,21510,21508,21508,185
2025-03-10 12:44:00,21511,21512,21511,21511,250
2025-03-10 12:45:00,21510,21513,21508,21510,98
2025-03-10 12:46:00,21515,21515,21514,21515,56
2025-03-10 12:47:00,21525,21525,21522,21523,86
2025-03-10 12:48:00,21525,21526,21525,21526,205
2025-03-10 12:49:00,21520,21520,21520,21520,232
2025-03-10 12:50:00,21523,21524,21519,21522,131
2025-03-10 12:51:00,21527,21531,21524,21525,267
2025-03-10 12:52:00,21522,21524,21522,21523,41
2025-03-10 12:53:00,21517,21517,21516,21516,147
2025-03-10 12:54:00,21517,21517,21517,21517,227
2025-03-10 12:55:00,21513,21516,21513,21514,344
2025-03-10 12:56:00,21516,21517,21514,21516,131
2025-03-10 12:57:00,21515,21515,21514,21514,228
2025-03-10 12:58:00,21515,21519,21515,21516,86
2025-03-10 12:59:00,21514,21514,21512,21513,6
2025-03-10 13:00:00,21515,21516,21513,21514,271
2025-03-10 13:01:00,21516,21516,21516,21516,80
2025-03-10 13:02:00,21514,21515,21513,21514,204
2025-03-10 13:03:00,21514,21515,21514,21514,43
2025-03-10 13:04:00,21513,21514,21513,21513,1
2025-03-10 13:05:00,21512,21514,21512,21512,153
2025-03-10 13:06:00,21511,21511,21509,21510,286
2025-03-10 13:07:00,21504,21505,21504,21504,1
2025-03-10 13:08:00,21508,21508,21507,21507,300
2025-03-10 13:09:00,21507,21507,21507,21507,185
2025-03-10 13:10:00,21509,21509,21509,21509,237
2025-03-10 13:11:00,21509,21510,21509,21510,265
2025-03-10 13:12:00,21512,21512,21511,21511,58
2025-03-10 13:13:00,21512,21512,21510,21512,79
2025-03-10 13:14:00,21511,21511,21511,21511,209
2025-03-10 13:15:00,21512,21512,21512,21512,151
2025-03-10 13:16:00,21516,21516,21516,21516,134
2025-03-10 13:17:00,21523,21523,21522,21523,203
2025-03-10 13:18:00,21524,21524,21524,21524,310
2025-03-10 13:19:00,21518,21520,21518,21519,147
2025-03-10 13:20:00,21516,21520,21511,21516,1
2025-03-10 13:21:00,21514,21514,21514,21514,216
2025-03-10 13:22:00,21519,21519,21517,21518,378
2025-03-10 13:23:00,21518,21518,21516,21517,380
2025-03-10 13:24:00,21513,21514,21510,21513,456
2025-03-10 13:25:00,21516,21519,21514,21515,179
2025-03-10 13:26:00,21505,21513,21498,21505,670
2025-03-10 13:27:00,21508,21509,21507,21509,368
2025-03-10 13:28:00,21512,21513,21512,21512,311
2025-03-10 13:29:00,21511,21522,21508,21513,360
2025-03-10 13:30:00,21509,21512,21507,21510,447
2025-03-10 13:31:00,21510,21510,21507,21508,342
2025-03-10 13:32:00,21502,21504,21501,21502,327
2025-03-10 13:33:00,21505,21508,21505,21506,510
2025-03-10 13:34:00,21504,21506,21502,21504,325
2025-03-10 13:35:00,21514,21514,21513,21513,317
2025-03-10 13:36:00,21513,21513,21512,21512,420
2025-03-10 13:37:00,21509,21517,21507,21511,619
2025-03-10 13:38:00,21509,21509,21507,21508,247
2025-03-10 13:39:00,21508,21510,21508,21509,580
2025-03-10 13:40:00,21510,21510,21503,21509,303
2025-03-10 13:41:00,21506,21507,21505,21506,440
2025-03-10 13:42:00,21502,21504,21495,21501,282
2025-03-10 13:43:00,21501,21501,21500,21500,460
2025-03-10 13:44:00,21489,21490,21489,21490,343
2025-03-11 08:45:00,21495,21495,21494,21494,369
2025-03-11 08:46:00,21490,21491,21489,21489,359
2025-03-11 08:47:00,21500,21500,21496,21498,250
2025-03-11 08:48:00,21506,21507,21506,21506,557
2025-03-11 08:49:00,21507,21507,21505,21507,557
2025-03-11 08:50:00,21507,21508,21506,21507,372
2025-03-11 08:51:00,21504,21504,21504,21504,310
2025-03-11 08:52:00,21496,21500,21496,21500,313
2025-03-11 08:53:00,21496,21497,21496,21496,325
2025-03-11 08:54:00,21487,21489,21484,21487,314
2025-03-11 08:55:00,21479,21481,21479,21480,567
2025-03-11 08:56:00,21479,21483,21478,21481,1
2025-03-11 08:57:00,21483,21483,21482,21482,348
2025-03-11 08:58:00,21484,21484,21483,21483,225
2025-03-11 08:59:00,21483,21483,21483,21483,213
2025-03-11 09:00:00,21484,21484,21480,21484,1
2025-03-11 09:01:00,21488,21489,21487,21487,160
2025-03-11 09:02:00,21494,21495,21494,21494,135
2025-03-11 09:03:00,21492,21497,21487,21493,209
2025-03-11 09:04:00,21490,21491,21490,21491,136
2025-03-11 09:05:00,21491,21492,21490,21492,368
2025-03-11 09:06:00,21491,21493,21488,21491,395
2025-03-11 09:07:00,21491,21492,21491,21491,219
2025-03-11 09:08:00,21497,21497,21495,21496,414
2025-03-11 09:09:00,21493,21493,21493,21493,286
2025-03-11 09:10:00,21497,21497,21497,21497,436
2025-03-11 09:11:00,21502,21502,21500,21502,404
2025-03-11 09:12:00,21505,21506,21504,21504,187
2025-03-11 09:13:00,21504,21509,21503,21503,413
2025-03-11 09:14:00,21501,21504,21500,21500,248
2025-03-11 09:15:00,21504,21504,21502,21503,215
2025-03-11 09:16:00,21505,21506,21505,21505,75
2025-03-11 09:17:00,21495,21495,21493,21495,46
2025-03-11 09:18:00,21496,21496,21496,21496,260
2025-03-11 09:19:00,21500,21501,21500,21500,39
2025-03-11 09:20:00,21501,21502,21501,21502,329
2025-03-11 09:21:00,21503,21503,21500,21502,252
2025-03-11 09:22:00,21505,21506,21504,21504,334
2025-03-11 09:23:00,21507,21510,21504,21508,166
2025-03-11 09:24:00,21504,21504,21503,21504,220
2025-03-11 09:25:00,21504,21505,21504,21504,349
2025-03-11 09:26:00,21509,21509,21507,21508,111
2025-03-11 09:27:00,21506,21510,21504,21507,306
2025-03-11 09:28:00,21509,21510,21508,21509,167
2025-03-11 09:29:00,21510,21511,21510,21510,176
2025-03-11 09:30:00,21516,21516,21514,21515,222
2025-03-11 09:31:00,21520,21522,21519,21520,241
2025-03-11 09:32:00,21516,21516,21515,21515,1
2025-03-11 09:33:00,21518,21518,21517,21518,299
2025-03-11 09:34:00,21518,21518,21516,21517,230
2025-03-11 09:35:00,21519,21520,21519,21519,235
2025-03-11 09:36:00,21517,21518,21515,21516,187
2025-03-11 09:37:00,21520,21520,21520,21520,45
2025-03-11 09:38:00,21523,21523,21523,21523,121
2025-03-11 09:39:00,21525,21525,21525,21525,106
2025-03-11 09:40:00,21524,21525,21524,21524,264
2025-03-11 09:41:00,21527,21527,21527,21527,239
2025-03-11 09:42:00,21529,21529,21528,21528,274
2025-03-11 09:43:00,21525,21529,21525,21525,13
2025-03-11 09:44:00,21526,21527,21525,21527,165
2025-03-11 09:45:00,21526,21526,21520,21525,247
2025-03-11 09:46:00,21523,21524,21519,21523,227
2025-03-11 09:47:00,21528,21528,21528,21528,253
2025-03-11 09:48:00,21532,21533,21532,21533,105
2025-03-11 09:49:00,21529,21530,21528,21529,252
2025-03-11 09:50:00,21530,21530,21530,21530,170
2025-03-11 09:51:00,21532,21532,21532,21532,172
2025-03-11 09:52:00,21533,21533,21531,21533,265
2025-03-11 09:53:00,21525,21526,21525,21526,198
2025-03-11 09:54:00,21525,21525,21525,21525,255
2025-03-11 09:55:00,21528,21530,21527,21528,143
2025-03-11 09:56:00,21524,21530,21524,21525,161
2025-03-11 09:57:00,21522,21522,21522,21522,269
2025-03-11 09:58:00,21515,21515,21515,21515,212
2025-03-11 09:59:00,21509,21510,21509,21509,257
2025-03-11 10:00:00,21510,21511,21510,21510,99
2025-03-11 10:01:00,21511,21514,21511,21512,180
2025-03-11 10:02:00,21519,21519,21519,21519,276
2025-03-11 10:03:00,21518,21518,21518,21518,230
2025-03-11 10:04:00,21519,21519,21519,21519,157
2025-03-11 10:05:00,21525,21533,21525,21525,142
2025-03-11 10:06:00,21530,21531,21529,21530,17
2025-03-11 10:07:00,21537,21540,21535,21536,146
2025-03-11 10:08:00,21536,21536,21535,21536,194
2025-03-11 10:09:00,21540,21541,21539,21540,138
2025-03-11 10:10:00,21544,21544,21540,21542,182
2025-03-11 10:11:00,21541,21542,21541,21541,99
2025-03-11 10:12:00,21545,21548,21545,21546,130
2025-03-11 10:13:00,21542,21542,21542,21542,217
2025-03-11 10:14:00,21535,21536,21535,21536,231
2025-03-11 10:15:00,21533,21534,21533,21533,157
2025-03-11 10:16:00,21535,21535,21534,21535,372
2025-03-11 10:17:00,21532,21533,21531,21532,185
2025-03-11 10:18:00,21534,21535,21534,21534,84
2025-03-11 10:19:00,21532,21532,21532,21532,222
2025-03-11 10:20:00,21528,21528,21528,21528,177
2025-03-11 10:21:00,21532,21533,21530,21531,29
2025-03-11 10:22:00,21532,21533,21532,21533,211
2025-03-11 10:23:00,21532,21535,21532,21532,303
2025-03-11 10:24:00,21532,21537,21532,21534,93
2025-03-11 10:25:00,21534,21535,21533,21534,223
2025-03-11 10:26:00,21534,21535,21534,21534,117
2025-03-11 10:27:00,21538,21538,21537,21537,104
2025-03-11 10:28:00,21539,21540,21538,21539,5
2025-03-11 10:29:00,21543,21544,21543,21543,199
2025-03-11 10:30:00,21543,21544,21543,21544,255
2025-03-11 10:31:00,21551,21551,21548,21550,209
2025-03-11 10:32:00,21548,21549,21547,21548,212
2025-03-11 10:33:00,21550,21551,21547,21550,31
2025-03-11 10:34:00,21550,21553,21549,21552,268
2025-03-11 10:35:00,21550,21551,21550,21550,145
2025-03-11 10:36:00,21546,21549,21544,21546,170
2025-03-11 10:37:00,21544,21549,21544,21546,336
2025-03-11 10:38:00,21551,21551,21551,21551,168
2025-03-11 10:39:00,21549,21553,21548,21550,166
2025-03-11 10:40:00,21548,21548,21548,21548,209
2025-03-11 10:41:00,21550,21552,21549,21550,273
2025-03-11 10:42:00,21551,21552,21551,21551,287
2025-03-11 10:43:00,21552,21552,21552,21552,394
2025-03-11 10:44:00,21554,21555,21554,21554,82
2025-03-11 10:45:00,21557,21557,21554,21556,42
2025-03-11 10:46:00,21552,21552,21551,21552,142
2025-03-11 10:47:00,21548,21548,21548,21548,120
2025-03-11 10:48:00,21554,21555,21554,21554,288
2025-03-11 10:49:00,21555,21555,21554,21554,1
2025-03-11 10:50:00,21557,21557,21556,21556,48
2025-03-11 10:51:00,21554,21555,21553,21554,146
2025-03-11 10:52:00,21558,21559,21557,21558,157
2025-03-11 10:53:00,21557,21562,21557,21560,168
2025-03-11 10:54:00,21561,21561,21559,21560,94
2025-03-11 10:55:00,21562,21564,21561,21562,181
2025-03-11 10:56:00,21561,21561,21560,21561,121
2025-03-11 10:57:00,21565,21565,21565,21565,69
2025-03-11 10:58:00,21563,21565,21561,21564,1
2025-03-11 10:59:00,21570,21571,21568,21569,223
2025-03-11 11:00:00,21569,21569,21568,21568,35
2025-03-11 11:01:00,21563,21563,21563,21563,119
2025-03-11 11:02:00,21564,21565,21562,21564,79
2025-03-11 11:03:00,21563,21564,21563,21563,65
2025-03-11 11:04:00,21569,21571,21568,21569,145
2025-03-11 11:05:00,21572,21574,21571,21571,106
2025-03-11 11:06:00,21572,21573,21572,21572,62
2025-03-11 11:07:00,21571,21571,21570,21571,179
2025-03-11 11:08:00,21570,21570,21569,21570,75
2025-03-11 11:09:00,21565,21567,21565,21566,126
2025-03-11 11:10:00,21565,21566,21564,21565,297
2025-03-11 11:11:00,21563,21564,21562,21563,84
2025-03-11 11:12:00,21564,21564,21562,21564,35
2025-03-11 11:13:00,21564,21564,21563,21563,129
2025-03-11 11:14:00,21563,21566,21561,21563,207
2025-03-11 11:15:00,21565,21566,21565,21565,312
2025-03-11 11:16:00,21565,21567,21565,21565,103
2025-03-11 11:17:00,21567,21567,21566,21567,137
2025-03-11 11:18:00,21567,21567,21566,21567,70
2025-03-11 11:19:00,21571,21572,21570,21571,64
2025-03-11 11:20:00,21571,21571,21570,21571,286
2025-03-11 11:21:00,21571,21572,21571,21571,220
2025-03-11 11:22:00,21575,21576,21575,21575,172
2025-03-11 11:23:00,21576,21579,21576,21576,1
2025-03-11 11:24:00,21575,21575,21575,21575,193
2025-03-11 11:25:00,21577,21577,21576,21577,194
2025-03-11 11:26:00,21578,21579,21578,21579,121
2025-03-11 11:27:00,21576,21576,21575,21576,160
2025-03-11 11:28:00,21576,21576,21576,21576,273
2025-03-11 11:29:00,21578,21578,21578,21578,66
2025-03-11 11:30:00,21575,21575,21573,21575,172
2025-03-11 11:31:00,21573,21574,21570,21573,225
2025-03-11 11:32:00,21570,21570,21570,21570,141
2025-03-11 11:33:00,21573,21573,21573,21573,172
2025-03-11 11:34:00,21574,21576,21567,21573,133
2025-03-11 11:35:00,21567,21571,21567,21569,78
2025-03-11 11:36:00,21568,21569,21568,21569,123
2025-03-11 11:37:00,21571,21571,21571,21571,181
2025-03-11 11:38:00,21569,21569,21568,21569,112
2025-03-11 11:39:00,21570,21570,21568,21569,134
2025-03-11 11:40:00,21567,21568,21566,21567,134
2025-03-11 11:41:00,21568,21570,21568,21569,111
2025-03-11 11:42:00,21568,21569,21568,21568,93
2025-03-11 11:43:00,21568,21570,21566,21569,86
2025-03-11 11:44:00,21568,21572,21568,21569,77
2025-03-11 11:45:00,21567,21568,21565,21566,290
2025-03-11 11:46:00,21567,21569,21566,21568,1
2025-03-11 11:47:00,21564,21564,21564,21564,231
2025-03-11 11:48:00,21564,21567,21564,21565,210
2025-03-11 11:49:00,21565,21567,21565,21565,235
2025-03-11 11:50:00,21568,21568,21568,21568,42
2025-03-11 11:51:00,21567,21567,21562,21566,87
2025-03-11 11:52:00,21569,21569,21568,21569,201
2025-03-11 11:53:00,21567,21570,21567,21568,115
2025-03-11 11:54:00,21568,21569,21566,21568,160
2025-03-11 11:55:00,21567,21568,21566,21567,260
2025-03-11 11:56:00,21567,21567,21564,21566,158
2025-03-11 11:57:00,21566,21567,21565,21567,1
2025-03-11 11:58:00,21568,21569,21568,21568,158
2025-03-11 11:59:00,21564,21565,21564,21564,322
2025-03-11 12:00:00,21566,21566,21566,21566,185
2025-03-11 12:01:00,21568,21568,21567,21568,163
2025-03-11 12:02:00,21565,21566,21563,21565,109
2025-03-11 12:03:00,21567,21567,21564,21566,108
2025-03-11 12:04:00,21567,21567,21566,21566,108
2025-03-11 12:05:00,21563,21563,21563,21563,164
2025-03-11 12:06:00,21562,21563,21562,21563,116
2025-03-11 12:07:00,21559,21560,21558,21559,127
2025-03-11 12:08:00,21561,21561,21561,21561,223
2025-03-11 12:09:00,21564,21564,21563,21564,129
2025-03-11 12:10:00,21566,21566,21565,21565,81
2025-03-11 12:11:00,21562,21562,21562,21562,355
2025-03-11 12:12:00,21563,21563,21562,21563,226
2025-03-11 12:13:00,21558,21558,21558,21558,304
2025-03-11 12:14:00,21556,21558,21555,21555,158
2025-03-11 12:15:00,21555,21555,21554,21555,94
2025-03-11 12:16:00,21555,21555,21553,21555,171
2025-03-11 12:17:00,21552,21553,21552,21552,185
2025-03-11 12:18:00,21550,21550,21547,21549,162
2025-03-11 12:19:00,21551,21552,21551,21551,135
2025-03-11 12:20:00,21553,21555,21553,21554,173
2025-03-11 12:21:00,21551,21552,21551,21551,224
2025-03-11 12:22:00,21552,21553,21552,21553,86
2025-03-11 12:23:00,21553,21554,21553,21554,261
2025-03-11 12:24:00,21553,21553,21553,21553,23
2025-03-11 12:25:00,21554,21554,21553,21554,95
2025-03-11 12:26:00,21550,21550,21550,21550,164
2025-03-11 12:27:00,21548,21548,21548,21548,98
2025-03-11 12:28:00,21550,21550,21550,21550,143
2025-03-11 12:29:00,21550,21550,21548,21549,75
2025-03-11 12:30:00,21552,21554,21548,21551,160
2025-03-11 12:31:00,21550,21551,21549,21550,258
2025-03-11 12:32:00,21550,21550,21546,21548,297
2025-03-11 12:33:00,21548,21551,21544,21547,36
2025-03-11 12:34:00,21549,21553,21547,21549,247
2025-03-11 12:35:00,21547,21550,21546,21547,360
2025-03-11 12:36:00,21550,21551,21550,21550,228
2025-03-11 12:37:00,21550,21550,21550,21550,270
2025-03-11 12:38:00,21556,21557,21554,21555,248
2025-03-11 12:39:00,21555,21556,21555,21555,270
2025-03-11 12:40:00,21553,21554,21552,21554,225
2025-03-11 12:41:00,21556,21556,21556,21556,122
2025-03-11 12:42:00,21563,21565,21562,21563,29
2025-03-11 12:43:00,21568,21570,21568,21568,255
2025-03-11 12:44:00,21573,21575,21573,21573,1
2025-03-11 12:45:00,21574,21574,21573,21574,213
2025-03-11 12:46:00,21571,21572,21571,21571,365
2025-03-11 12:47:00,21569,21570,21569,21569,56
2025-03-11 12:48:00,21569,21571,21569,21570,213
2025-03-11 12:49:00,21570,21570,21570,21570,127
2025-03-11 12:50:00,21570,21571,21570,21570,285
2025-03-11 12:51:00,21570,21570,21569,21570,353
2025-03-11 12:52:00,21567,21568,21563,21568,181
2025-03-11 12:53:00,21570,21571,21568,21570,110
2025-03-11 12:54:00,21572,21572,21567,21570,290
2025-03-11 12:55:00,21576,21579,21576,21576,345
2025-03-11 12:56:00,21578,21579,21575,21578,293
2025-03-11 12:57:00,21579,21579,21577,21579,150
2025-03-11 12:58:00,21580,21581,21580,21581,148
2025-03-11 12:59:00,21580,21580,21579,21579,246
2025-03-11 13:00:00,21577,21578,21576,21578,187
2025-03-11 13:01:00,21578,21578,21578,21578,224
2025-03-11 13:02:00,21578,21579,21578,21579,233
2025-03-11 13:03:00,21575,21578,21575,21576,55
2025-03-11 13:04:00,21576,21576,21575,21576,220
2025-03-11 13:05:00,21575,21575,21575,21575,220
2025-03-11 13:06:00,21573,21575,21573,21575,270
2025-03-11 13:07:00,21574,21574,21562,21572,194
2025-03-11 13:08:00,21572,21572,21571,21571,256
2025-03-11 13:09:00,21574,21574,21572,21573,230
2025-03-11 13:10:00,21572,21572,21572,21572,202
2025-03-11 13:11:00,21575,21575,21575,21575,155
2025-03-11 13:12:00,21562,21567,21562,21564,193
2025-03-11 13:13:00,21562,21565,21559,21563,277
2025-03-11 13:14:00,21566,21567,21565,21566,1
2025-03-11 13:15:00,21569,21570,21568,21569,170
2025-03-11 13:16:00,21573,21574,21572,21572,345
2025-03-11 13:17:00,21571,21572,21571,21571,209
2025-03-11 13:18:00,21573,21573,21572,21573,270
2025-03-11 13:19:00,21574,21580,21574,21576,244
2025-03-11 13:20:00,21574,21577,21568,21574,128
2025-03-11 13:21:00,21572,21573,21568,21572,33
2025-03-11 13:22:00,21568,21570,21568,21569,228
2025-03-11 13:23:00,21563,21565,21563,21564,12
2025-03-11 13:24:00,21561,21561,21561,21561,91
2025-03-11 13:25:00,21569,21571,21564,21567,319
2025-03-11 13:26:00,21571,21572,21571,21571,246
2025-03-11 13:27:00,21572,21572,21570,21572,156
2025-03-11 13:28:00,21554,21555,21552,21554,559
2025-03-11 13:29:00,21555,21555,21555,21555,126
2025-03-11 13:30:00,21558,21558,21556,21557,399
2025-03-11 13:31:00,21557,21559,21557,21558,148
2025-03-11 13:32:00,21567,21568,21566,21567,190
2025-03-11 13:33:00,21574,21574,21572,21573,52
2025-03-11 13:34:00,21588,21588,21588,21588,228
2025-03-11 13:35:00,21602,21602,21599,21601,206
2025-03-11 13:36:00,21603,21603,21593,21597,636
2025-03-11 13:37:00,21592,21592,21589,21591,272
2025-03-11 13:38:00,21589,21589,21587,21589,437
2025-03-11 13:39:00,21577,21578,21574,21576,279
2025-03-11 13:40:00,21576,21582,21575,21577,26
2025-03-11 13:41:00,21573,21576,21571,21574,1
2025-03-11 13:42:00,21573,21573,21569,21571,405
2025-03-11 13:43:00,21572,21572,21569,21569,390
2025-03-11 13:44:00,21569,21569,21568,21569,338
2025-03-12 08:45:00,21528,21539,21522,21534,512
2025-03-12 08:46:00,21538,21552,21532,21538,348
2025-03-12 08:47:00,21541,21541,21540,21541,1
2025-03-12 08:48:00,21541,21554,21541,21545,367
2025-03-12 08:49:00,21540,21542,21539,21540,303
2025-03-12 08:50:00,21554,21555,21554,21554,29
2025-03-12 08:51:00,21545,21546,21544,21545,325
2025-03-12 08:52:00,21545,21545,21541,21544,404
2025-03-12 08:53:00,21542,21542,21538,21539,190
2025-03-12 08:54:00,21546,21551,21540,21548,87
2025-03-12 08:55:00,21553,21554,21553,21554,400
2025-03-12 08:56:00,21550,21553,21545,21545,259
2025-03-12 08:57:00,21548,21550,21544,21547,130
2025-03-12 08:58:00,21549,21552,21547,21549,340
2025-03-12 08:59:00,21554,21554,21554,21554,465
2025-03-12 09:00:00,21553,21553,21553,21553,386
2025-03-12 09:01:00,21549,21551,21549,21550,418
2025-03-12 09:02:00,21554,21555,21553,21554,181
2025-03-12 09:03:00,21558,21558,21558,21558,216
2025-03-12 09:04:00,21568,21568,21563,21566,221
2025-03-12 09:05:00,21569,21569,21568,21569,332
2025-03-12 09:06:00,21568,21569,21568,21568,224
2025-03-12 09:07:00,21568,21572,21563,21568,345
2025-03-12 09:08:00,21562,21562,21560,21561,270
2025-03-12 09:09:00,21560,21562,21556,21559,244
2025-03-12 09:10:00,21548,21549,21545,21548,281
2025-03-12 09:11:00,21547,21547,21546,21546,216
2025-03-12 09:12:00,21541,21543,21541,21542,196
2025-03-12 09:13:00,21535,21535,21534,21535,293
2025-03-12 09:14:00,21531,21531,21530,21531,11
2025-03-12 09:15:00,21531,21532,21531,21532,114
2025-03-12 09:16:00,21536,21537,21536,21536,50
2025-03-12 09:17:00,21536,21537,21533,21537,226
2025-03-12 09:18:00,21533,21533,21531,21532,267
2025-03-12 09:19:00,21532,21533,21532,21532,261
2025-03-12 09:20:00,21529,21529,21529,21529,117
2025-03-12 09:21:00,21524,21525,21519,21524,280
2025-03-12 09:22:00,21524,21525,21523,21524,192
2025-03-12 09:23:00,21524,21524,21523,21524,275
2025-03-12 09:24:00,21520,21520,21518,21519,261
2025-03-12 09:25:00,21519,21521,21518,21519,350
2025-03-12 09:26:00,21520,21522,21519,21520,256
2025-03-12 09:27:00,21515,21515,21514,21514,183
2025-03-12 09:28:00,21511,21511,21510,21510,240
2025-03-12 09:29:00,21508,21508,21507,21508,62
2025-03-12 09:30:00,21509,21509,21505,21507,156
2025-03-12 09:31:00,21508,21511,21506,21510,225
2025-03-12 09:32:00,21516,21521,21515,21515,245
2025-03-12 09:33:00,21519,21519,21519,21519,75
2025-03-12 09:34:00,21520,21521,21520,21521,187
2025-03-12 09:35:00,21522,21524,21522,21523,224
2025-03-12 09:36:00,21522,21523,21522,21522,149
2025-03-12 09:37:00,21525,21525,21525,21525,205
2025-03-12 09:38:00,21522,21522,21522,21522,52
2025-03-12 09:39:00,21518,21518,21517,21518,1
2025-03-12 09:40:00,21520,21523,21517,21520,247
2025-03-12 09:41:00,21521,21521,21517,21519,165
2025-03-12 09:42:00,21523,21523,21523,21523,221
2025-03-12 09:43:00,21519,21519,21516,21518,127
2025-03-12 09:44:00,21517,21517,21516,21517,41
2025-03-12 09:45:00,21519,21520,21518,21519,316
2025-03-12 09:46:00,21517,21525,21510,21517,83
2025-03-12 09:47:00,21518,21519,21518,21518,88
2025-03-12 09:48:00,21520,21521,21520,21520,134
2025-03-12 09:49:00,21526,21526,21523,21525,148
2025-03-12 09:50:00,21522,21522,21521,21521,264
2025-03-12 09:51:00,21524,21524,21524,21524,97
2025-03-12 09:52:00,21523,21524,21522,21524,141
2025-03-12 09:53:00,21525,21525,21524,21524,126
2025-03-12 09:54:00,21529,21530,21529,21529,205
2025-03-12 09:55:00,21529,21530,21526,21529,126
2025-03-12 09:56:00,21535,21536,21535,21535,210
2025-03-12 09:57:00,21537,21537,21537,21537,228
2025-03-12 09:58:00,21537,21537,21532,21535,83
2025-03-12 09:59:00,21533,21534,21533,21533,168
2025-03-12 10:00:00,21540,21541,21539,21540,284
2025-03-12 10:01:00,21539,21542,21539,21539,89
2025-03-12 10:02:00,21538,21539,21537,21537,335
2025-03-12 10:03:00,21537,21538,21536,21537,300
2025-03-12 10:04:00,21534,21534,21533,21533,59
2025-03-12 10:05:00,21527,21528,21527,21527,375
2025-03-12 10:06:00,21530,21531,21529,21530,1
2025-03-12 10:07:00,21526,21528,21526,21526,134
2025-03-12 10:08:00,21525,21525,21525,21525,175
2025-03-12 10:09:00,21527,21535,21521,21525,1
2025-03-12 10:10:00,21526,21526,21525,21525,296
2025-03-12 10:11:00,21530,21531,21529,21529,311
2025-03-12 10:12:00,21529,21529,21529,21529,156
2025-03-12 10:13:00,21529,21530,21528,21529,67
2025-03-12 10:14:00,21529,21530,21523,21527,165
2025-03-12 10:15:00,21523,21529,21522,21524,320
2025-03-12 10:16:00,21524,21525,21520,21523,168
2025-03-12 10:17:00,21529,21529,21529,21529,116
2025-03-12 10:18:00,21528,21529,21528,21529,210
2025-03-12 10:19:00,21532,21533,21532,21533,35
2025-03-12 10:20:00,21537,21538,21534,21536,83
2025-03-12 10:21:00,21539,21541,21538,21539,153
2025-03-12 10:22:00,21539,21547,21538,21540,123
2025-03-12 10:23:00,21539,21539,21537,21538,324
2025-03-12 10:24:00,21540,21543,21537,21539,168
2025-03-12 10:25:00,21536,21537,21536,21536,162
2025-03-12 10:26:00,21532,21532,21532,21532,265
2025-03-12 10:27:00,21531,21531,21531,21531,1
2025-03-12 10:28:00,21536,21538,21533,21535,58
2025-03-12 10:29:00,21537,21537,21536,21537,87
2025-03-12 10:30:00,21538,21538,21538,21538,150
2025-03-12 10:31:00,21539,21540,21535,21540,125
2025-03-12 10:32:00,21542,21544,21542,21542,224
2025-03-12 10:33:00,21544,21545,21544,21544,301
2025-03-12 10:34:00,21539,21539,21539,21539,65
2025-03-12 10:35:00,21533,21535,21531,21533,179
2025-03-12 10:36:00,21531,21533,21529,21530,249
2025-03-12 10:37:00,21532,21532,21532,21532,292
2025-03-12 10:38:00,21529,21530,21529,21530,152
2025-03-12 10:39:00,21530,21531,21530,21531,101
2025-03-12 10:40:00,21536,21538,21533,21535,4
2025-03-12 10:41:00,21535,21536,21532,21535,238
2025-03-12 10:42:00,21538,21538,21538,21538,188
2025-03-12 10:43:00,21542,21542,21539,21542,258
2025-03-12 10:44:00,21541,21541,21541,21541,203
2025-03-12 10:45:00,21544,21544,21543,21543,197
2025-03-12 10:46:00,21545,21545,21545,21545,142
2025-03-12 10:47:00,21545,21548,21543,21546,136
2025-03-12 10:48:00,21547,21547,21546,21547,197
2025-03-12 10:49:00,21550,21550,21547,21549,215
2025-03-12 10:50:00,21554,21554,21552,21553,204
2025-03-12 10:51:00,21555,21555,21555,21555,169
2025-03-12 10:52:00,21557,21558,21556,21556,99
2025-03-12 10:53:00,21558,21559,21558,21559,103
2025-03-12 10:54:00,21563,21564,21563,21563,304
2025-03-12 10:55:00,21560,21560,21560,21560,132
2025-03-12 10:56:00,21558,21559,21558,21559,216
2025-03-12 10:57:00,21560,21560,21559,21560,268
2025-03-12 10:58:00,21557,21557,21556,21556,219
2025-03-12 10:59:00,21554,21555,21554,21554,165
2025-03-12 11:00:00,21558,21558,21556,21557,90
2025-03-12 11:01:00,21557,21557,21556,21557,178
2025-03-12 11:02:00,21559,21559,21559,21559,191
2025-03-12 11:03:00,21556,21561,21556,21557,134
2025-03-12 11:04:00,21560,21560,21557,21558,174
2025-03-12 11:05:00,21560,21560,21560,21560,161
2025-03-12 11:06:00,21559,21559,21558,21559,1
2025-03-12 11:07:00,21558,21560,21558,21559,217
2025-03-12 11:08:00,21562,21562,21562,21562,108
2025-03-12 11:09:00,21559,21559,21558,21558,207
2025-03-12 11:10:00,21562,21562,21562,21562,65
2025-03-12 11:11:00,21561,21562,21560,21561,172
2025-03-12 11:12:00,21560,21560,21560,21560,68
2025-03-12 11:13:00,21554,21556,21553,21555,41
2025-03-12 11:14:00,21554,21554,21554,21554,1
2025-03-12 11:15:00,21554,21555,21554,21554,128
2025-03-12 11:16:00,21554,21554,21552,21554,217
2025-03-12 11:17:00,21552,21552,21551,21552,222
2025-03-12 11:18:00,21549,21550,21549,21549,228
2025-03-12 11:19:00,21554,21554,21553,21553,143
2025-03-12 11:20:00,21553,21562,21552,21553,208
2025-03-12 11:21:00,21558,21558,21557,21558,142
2025-03-12 11:22:00,21557,21558,21556,21557,351
2025-03-12 11:23:00,21558,21559,21558,21559,252
2025-03-12 11:24:00,21562,21562,21554,21560,165
2025-03-12 11:25:00,21560,21560,21557,21558,173
2025-03-12 11:26:00,21556,21556,21554,21556,149
2025-03-12 11:27:00,21555,21556,21555,21555,106
2025-03-12 11:28:00,21556,21558,21553,21556,128
2025-03-12 11:29:00,21558,21559,21558,21559,246
2025-03-12 11:30:00,21558,21562,21556,21558,184
2025-03-12 11:31:00,21557,21557,21557,21557,97
2025-03-12 11:32:00,21556,21556,21555,21556,59
2025-03-12 11:33:00,21551,21551,21549,21551,9
2025-03-12 11:34:00,21548,21548,21547,21548,112
2025-03-12 11:35:00,21542,21543,21542,21542,125
2025-03-12 11:36:00,21542,21543,21541,21542,275
2025-03-12 11:37:00,21542,21543,21541,21543,122
2025-03-12 11:38:00,21543,21544,21542,21543,88
2025-03-12 11:39:00,21543,21543,21541,21543,133
2025-03-12 11:40:00,21543,21544,21542,21543,218
2025-03-12 11:41:00,21546,21547,21546,21546,64
2025-03-12 11:42:00,21547,21547,21545,21546,42
2025-03-12 11:43:00,21546,21547,21544,21546,160
2025-03-12 11:44:00,21547,21547,21547,21547,260
2025-03-12 11:45:00,21545,21546,21544,21545,212
2025-03-12 11:46:00,21544,21544,21544,21544,187
2025-03-12 11:47:00,21541,21541,21539,21540,301
2025-03-12 11:48:00,21532,21537,21532,21534,199
2025-03-12 11:49:00,21535,21536,21535,21535,254
2025-03-12 11:50:00,21537,21537,21537,21537,91
2025-03-12 11:51:00,21534,21535,21532,21534,251
2025-03-12 11:52:00,21537,21537,21537,21537,163
2025-03-12 11:53:00,21539,21540,21539,21539,82
2025-03-12 11:54:00,21537,21537,21537,21537,6
2025-03-12 11:55:00,21540,21541,21540,21540,147
2025-03-12 11:56:00,21541,21541,21533,21540,305
2025-03-12 11:57:00,21543,21544,21543,21543,125
2025-03-12 11:58:00,21541,21541,21541,21541,263
2025-03-12 11:59:00,21542,21542,21541,21541,311
2025-03-12 12:00:00,21539,21542,21539,21541,138
2025-03-12 12:01:00,21541,21541,21541,21541,156
2025-03-12 12:02:00,21539,21539,21538,21539,331
2025-03-12 12:03:00,21537,21540,21533,21537,93
2025-03-12 12:04:00,21534,21536,21531,21534,312
2025-03-12 12:05:00,21533,21533,21533,21533,98
2025-03-12 12:06:00,21527,21528,21527,21527,68
2025-03-12 12:07:00,21528,21529,21526,21528,147
2025-03-12 12:08:00,21532,21534,21530,21532,230
2025-03-12 12:09:00,21529,21529,21528,21529,194
2025-03-12 12:10:00,21530,21531,21530,21531,21
2025-03-12 12:11:00,21531,21531,21531,21531,114
2025-03-12 12:12:00,21535,21537,21534,21535,139
2025-03-12 12:13:00,21535,21536,21535,21535,104
2025-03-12 12:14:00,21536,21538,21536,21537,230
2025-03-12 12:15:00,21539,21539,21538,21539,22
2025-03-12 12:16:00,21540,21540,21539,21540,324
2025-03-12 12:17:00,21545,21545,21539,21542,130
2025-03-12 12:18:00,21541,21543,21539,21540,236
2025-03-12 12:19:00,21543,21543,21542,21542,112
2025-03-12 12:20:00,21547,21549,21547,21548,267
2025-03-12 12:21:00,21547,21550,21547,21548,245
2025-03-12 12:22:00,21549,21550,21549,21549,120
2025-03-12 12:23:00,21552,21554,21551,21551,154
2025-03-12 12:24:00,21554,21556,21554,21555,178
2025-03-12 12:25:00,21554,21555,21554,21554,1
2025-03-12 12:26:00,21553,21553,21552,21553,83
2025-03-12 12:27:00,21552,21553,21550,21552,304
2025-03-12 12:28:00,21557,21557,21557,21557,296
2025-03-12 12:29:00,21563,21563,21563,21563,238
2025-03-12 12:30:00,21560,21561,21560,21560,153
2025-03-12 12:31:00,21557,21558,21556,21556,185
2025-03-12 12:32:00,21553,21554,21552,21554,65
2025-03-12 12:33:00,21555,21556,21554,21554,178
2025-03-12 12:34:00,21555,21556,21555,21556,141
2025-03-12 12:35:00,21560,21560,21559,21560,145
2025-03-12 12:36:00,21565,21566,21562,21564,83
2025-03-12 12:37:00,21563,21563,21563,21563,1
2025-03-12 12:38:00,21566,21567,21565,21566,207
2025-03-12 12:39:00,21569,21571,21569,21569,191
2025-03-12 12:40:00,21568,21568,21568,21568,1
2025-03-12 12:41:00,21567,21569,21566,21568,128
2025-03-12 12:42:00,21569,21570,21565,21568,105
2025-03-12 12:43:00,21567,21567,21566,21566,219
2025-03-12 12:44:00,21567,21571,21567,21569,41
2025-03-12 12:45:00,21568,21570,21568,21569,297
2025-03-12 12:46:00,21565,21567,21562,21566,183
2025-03-12 12:47:00,21562,21562,21560,21561,318
2025-03-12 12:48:00,21566,21567,21565,21566,189
2025-03-12 12:49:00,21565,21565,21565,21565,263
2025-03-12 12:50:00,21566,21566,21565,21566,225
2025-03-12 12:51:00,21567,21568,21564,21566,268
2025-03-12 12:52:00,21568,21568,21567,21567,373
2025-03-12 12:53:00,21569,21569,21566,21568,268
2025-03-12 12:54:00,21563,21564,21562,21563,210
2025-03-12 12:55:00,21564,21565,21564,21565,150
2025-03-12 12:56:00,21566,21566,21565,21566,119
2025-03-12 12:57:00,21568,21568,21568,21568,22
2025-03-12 12:58:00,21565,21567,21562,21565,155
2025-03-12 12:59:00,21568,21568,21567,21567,175
2025-03-12 13:00:00,21565,21569,21565,21566,158
2025-03-12 13:01:00,21564,21567,21564,21565,232
2025-03-12 13:02:00,21565,21565,21565,21565,77
2025-03-12 13:03:00,21561,21561,21560,21561,249
2025-03-12 13:04:00,21558,21559,21555,21558,394
2025-03-12 13:05:00,21554,21556,21554,21555,106
2025-03-12 13:06:00,21556,21556,21556,21556,241
2025-03-12 13:07:00,21552,21552,21552,21552,180
2025-03-12 13:08:00,21554,21554,21552,21552,230
2025-03-12 13:09:00,21553,21553,21552,21553,171
2025-03-12 13:10:00,21551,21551,21551,21551,300
2025-03-12 13:11:00,21553,21554,21553,21553,139
2025-03-12 13:12:00,21549,21554,21549,21550,358
2025-03-12 13:13:00,21554,21554,21554,21554,218
2025-03-12 13:14:00,21551,21552,21551,21551,79
2025-03-12 13:15:00,21559,21559,21557,21559,329
2025-03-12 13:16:00,21565,21569,21559,21562,383
2025-03-12 13:17:00,21553,21554,21552,21553,98
2025-03-12 13:18:00,21555,21557,21555,21555,301
2025-03-12 13:19:00,21564,21564,21563,21564,311
2025-03-12 13:20:00,21570,21577,21569,21571,144
2025-03-12 13:21:00,21568,21572,21568,21569,148
2025-03-12 13:22:00,21565,21566,21565,21566,229
2025-03-12 13:23:00,21562,21562,21560,21562,242
2025-03-12 13:24:00,21567,21568,21564,21566,189
2025-03-12 13:25:00,21569,21569,21567,21569,217
2025-03-12 13:26:00,21575,21575,21571,21573,183
2025-03-12 13:27:00,21571,21571,21567,21571,250
2025-03-12 13:28:00,21567,21568,21567,21567,494
2025-03-12 13:29:00,21566,21577,21566,21567,403
2025-03-12 13:30:00,21571,21574,21567,21570,613
2025-03-12 13:31:00,21565,21565,21560,21565,490
2025-03-12 13:32:00,21561,21562,21561,21561,359
2025-03-12 13:33:00,21562,21564,21561,21563,572
2025-03-12 13:34:00,21558,21560,21557,21559,213
2025-03-12 13:35:00,21567,21570,21560,21566,164
2025-03-12 13:36:00,21574,21574,21574,21574,463
2025-03-12 13:37:00,21575,21575,21575,21575,316
2025-03-12 13:38:00,21565,21566,21565,21565,448
2025-03-12 13:39:00,21559,21559,21559,21559,347
2025-03-12 13:40:00,21559,21559,21554,21559,214
2025-03-12 13:41:00,21568,21570,21554,21568,315
2025-03-12 13:42:00,21554,21554,21551,21553,335
2025-03-12 13:43:00,21549,21552,21542,21550,212
2025-03-12 13:44:00,21549,21550,21549,21550,459
2025-03-13 08:45:00,21612,21619,21612,21613,261
2025-03-13 08:46:00,21602,21602,21595,21600,256
2025-03-13 08:47:00,21599,21603,21597,21598,393
2025-03-13 08:48:00,21590,21591,21588,21591,321
2025-03-13 08:49:00,21587,21588,21587,21587,477
2025-03-13 08:50:00,21591,21592,21588,21589,391
2025-03-13 08:51:00,21583,21586,21574,21579,283
2025-03-13 08:52:00,21588,21589,21588,21589,251
2025-03-13 08:53:00,21594,21595,21593,21594,119
2025-03-13 08:54:00,21594,21597,21592,21594,495
2025-03-13 08:55:00,21597,21598,21596,21598,136
2025-03-13 08:56:00,21596,21597,21592,21596,98
2025-03-13 08:57:00,21591,21591,21589,21591,371
2025-03-13 08:58:00,21587,21587,21587,21587,420
2025-03-13 08:59:00,21591,21597,21588,21594,219
2025-03-13 09:00:00,21592,21593,21591,21592,336
2025-03-13 09:01:00,21591,21591,21590,21591,469
2025-03-13 09:02:00,21596,21596,21596,21596,380
2025-03-13 09:03:00,21593,21594,21593,21593,380
2025-03-13 09:04:00,21591,21594,21591,21592,298
2025-03-13 09:05:00,21594,21595,21594,21594,234
2025-03-13 09:06:00,21599,21601,21598,21600,258
2025-03-13 09:07:00,21598,21599,21597,21598,378
2025-03-13 09:08:00,21599,21599,21599,21599,130
2025-03-13 09:09:00,21595,21595,21594,21595,257
2025-03-13 09:10:00,21600,21600,21600,21600,118
2025-03-13 09:11:00,21599,21600,21599,21600,172
2025-03-13 09:12:00,21597,21599,21597,21598,333
2025-03-13 09:13:00,21598,21598,21598,21598,310
2025-03-13 09:14:00,21593,21597,21583,21593,344
2025-03-13 09:15:00,21592,21596,21590,21591,158
2025-03-13 09:16:00,21592,21593,21592,21592,221
2025-03-13 09:17:00,21594,21594,21594,21594,177
2025-03-13 09:18:00,21599,21599,21599,21599,177
2025-03-13 09:19:00,21598,21598,21598,21598,1
2025-03-13 09:20:00,21594,21594,21593,21594,175
2025-03-13 09:21:00,21594,21600,21594,21596,254
2025-03-13 09:22:00,21595,21596,21595,21595,213
2025-03-13 09:23:00,21595,21595,21595,21595,279
2025-03-13 09:24:00,21594,21594,21594,21594,128
2025-03-13 09:25:00,21589,21589,21588,21589,139
2025-03-13 09:26:00,21592,21594,21590,21592,316
2025-03-13 09:27:00,21591,21591,21591,21591,156
2025-03-13 09:28:00,21590,21591,21589,21591,129
2025-03-13 09:29:00,21591,21591,21590,21591,111
2025-03-13 09:30:00,21594,21595,21591,21593,178
2025-03-13 09:31:00,21593,21594,21593,21594,90
2025-03-13 09:32:00,21597,21597,21595,21596,450
2025-03-13 09:33:00,21593,21595,21593,21594,142
2025-03-13 09:34:00,21589,21592,21587,21588,174
2025-03-13 09:35:00,21588,21588,21588,21588,161
2025-03-13 09:36:00,21585,21585,21584,21585,186
2025-03-13 09:37:00,21586,21587,21585,21587,69
2025-03-13 09:38:00,21591,21591,21589,21590,230
2025-03-13 09:39:00,21590,21590,21589,21590,193
2025-03-13 09:40:00,21590,21590,21590,21590,225
2025-03-13 09:41:00,21596,21596,21595,21596,30
2025-03-13 09:42:00,21597,21597,21596,21597,374
2025-03-13 09:43:00,21597,21598,21595,21597,29
2025-03-13 09:44:00,21601,21602,21601,21601,109
2025-03-13 09:45:00,21604,21611,21604,21606,139
2025-03-13 09:46:00,21608,21608,21606,21607,249
2025-03-13 09:47:00,21609,21609,21609,21609,348
2025-03-13 09:48:00,21611,21613,21610,21611,316
2025-03-13 09:49:00,21607,21607,21607,21607,118
2025-03-13 09:50:00,21605,21607,21605,21606,127
2025-03-13 09:51:00,21603,21603,21603,21603,213
2025-03-13 09:52:00,21599,21599,21599,21599,309
2025-03-13 09:53:00,21601,21601,21600,21601,187
2025-03-13 09:54:00,21601,21602,21600,21602,27
2025-03-13 09:55:00,21603,21606,21603,21604,242
2025-03-13 09:56:00,21602,21602,21602,21602,217
2025-03-13 09:57:00,21605,21607,21603,21604,53
2025-03-13 09:58:00,21606,21607,21603,21606,254
2025-03-13 09:59:00,21602,21602,21600,21602,192
2025-03-13 10:00:00,21602,21602,21602,21602,93
2025-03-13 10:01:00,21607,21607,21604,21605,138
2025-03-13 10:02:00,21607,21607,21606,21607,87
2025-03-13 10:03:00,21603,21607,21603,21606,281
2025-03-13 10:04:00,21610,21610,21606,21609,324
2025-03-13 10:05:00,21613,21614,21613,21613,100
2025-03-13 10:06:00,21614,21614,21614,21614,165
2025-03-13 10:07:00,21612,21612,21612,21612,225
2025-03-13 10:08:00,21614,21614,21614,21614,122
2025-03-13 10:09:00,21611,21611,21611,21611,194
2025-03-13 10:10:00,21608,21611,21606,21609,1
2025-03-13 10:11:00,21612,21614,21611,21612,178
2025-03-13 10:12:00,21613,21613,21610,21611,4
2025-03-13 10:13:00,21609,21610,21609,21610,168
2025-03-13 10:14:00,21610,21612,21606,21609,155
2025-03-13 10:15:00,21613,21614,21613,21613,87
2025-03-13 10:16:00,21615,21616,21615,21615,86
2025-03-13 10:17:00,21617,21618,21616,21616,135
2025-03-13 10:18:00,21615,21620,21615,21617,268
2025-03-13 10:19:00,21618,21619,21617,21617,312
2025-03-13 10:20:00,21619,21619,21618,21618,320
2025-03-13 10:21:00,21616,21616,21615,21615,39
2025-03-13 10:22:00,21616,21618,21615,21616,58
2025-03-13 10:23:00,21619,21619,21619,21619,201
2025-03-13 10:24:00,21622,21622,21622,21622,143
2025-03-13 10:25:00,21624,21624,21624,21624,166
2025-03-13 10:26:00,21625,21626,21624,21625,59
2025-03-13 10:27:00,21622,21625,21622,21622,294
2025-03-13 10:28:00,21617,21617,21617,21617,18
2025-03-13 10:29:00,21626,21626,21624,21625,47
2025-03-13 10:30:00,21627,21629,21627,21628,131
2025-03-13 10:31:00,21626,21627,21626,21626,280
2025-03-13 10:32:00,21622,21624,21620,21623,250
2025-03-13 10:33:00,21622,21623,21622,21622,104
2025-03-13 10:34:00,21621,21621,21621,21621,205
2025-03-13 10:35:00,21617,21617,21615,21616,267
2025-03-13 10:36:00,21618,21620,21617,21618,1
2025-03-13 10:37:00,21621,21621,21621,21621,211
2025-03-13 10:38:00,21627,21629,21623,21626,205
2025-03-13 10:39:00,21630,21632,21630,21630,154
2025-03-13 10:40:00,21637,21638,21635,21637,350
2025-03-13 10:41:00,21641,21641,21637,21639,98
2025-03-13 10:42:00,21639,21639,21638,21639,252
2025-03-13 10:43:00,21636,21637,21636,21636,295
2025-03-13 10:44:00,21635,21636,21634,21635,130
2025-03-13 10:45:00,21636,21639,21635,21635,165
2025-03-13 10:46:00,21637,21639,21637,21638,150
2025-03-13 10:47:00,21637,21638,21637,21637,152
2025-03-13 10:48:00,21634,21634,21633,21633,195
2025-03-13 10:49:00,21633,21633,21631,21633,133
2025-03-13 10:50:00,21626,21626,21626,21626,139
2025-03-13 10:51:00,21620,21622,21619,21620,182
2025-03-13 10:52:00,21621,21622,21620,21621,162
2025-03-13 10:53:00,21622,21622,21619,21621,109
2025-03-13 10:54:00,21625,21626,21624,21625,122
2025-03-13 10:55:00,21626,21626,21626,21626,103
2025-03-13 10:56:00,21627,21627,21627,21627,222
2025-03-13 10:57:00,21624,21624,21624,21624,133
2025-03-13 10:58:00,21628,21628,21628,21628,142
2025-03-13 10:59:00,21625,21625,21625,21625,163
2025-03-13 11:00:00,21625,21626,21625,21625,82
2025-03-13 11:01:00,21624,21624,21623,21624,181
2025-03-13 11:02:00,21623,21624,21623,21624,134
2025-03-13 11:03:00,21622,21623,21621,21622,123
2025-03-13 11:04:00,21624,21624,21617,21622,196
2025-03-13 11:05:00,21624,21624,21623,21624,312
2025-03-13 11:06:00,21624,21626,21623,21624,293
2025-03-13 11:07:00,21626,21626,21625,21625,201
2025-03-13 11:08:00,21624,21624,21624,21624,15
2025-03-13 11:09:00,21626,21626,21626,21626,133
2025-03-13 11:10:00,21626,21627,21626,21626,1
2025-03-13 11:11:00,21624,21624,21621,21622,64
2025-03-13 11:12:00,21624,21624,21623,21624,36
2025-03-13 11:13:00,21623,21623,21623,21623,183
2025-03-13 11:14:00,21623,21623,21623,21623,127
2025-03-13 11:15:00,21619,21619,21619,21619,59
2025-03-13 11:16:00,21623,21623,21622,21622,161
2025-03-13 11:17:00,21623,21623,21623,21623,82
2025-03-13 11:18:00,21624,21625,21623,21624,206
2025-03-13 11:19:00,21626,21627,21626,21626,73
2025-03-13 11:20:00,21628,21628,21628,21628,202
2025-03-13 11:21:00,21626,21628,21626,21627,126
2025-03-13 11:22:00,21624,21626,21623,21624,184
2025-03-13 11:23:00,21625,21626,21624,21625,75
2025-03-13 11:24:00,21626,21627,21626,21627,121
2025-03-13 11:25:00,21627,21628,21627,21628,297
2025-03-13 11:26:00,21629,21629,21628,21628,286
2025-03-13 11:27:00,21628,21629,21627,21627,119
2025-03-13 11:28:00,21626,21628,21624,21627,173
2025-03-13 11:29:00,21631,21633,21629,21631,228
2025-03-13 11:30:00,21630,21633,21629,21630,101
2025-03-13 11:31:00,21632,21632,21631,21631,97
2025-03-13 11:32:00,21636,21637,21635,21636,171
2025-03-13 11:33:00,21638,21638,21637,21638,68
2025-03-13 11:34:00,21636,21636,21635,21636,133
2025-03-13 11:35:00,21639,21640,21638,21639,97
2025-03-13 11:36:00,21637,21643,21637,21639,152
2025-03-13 11:37:00,21637,21638,21637,21637,169
2025-03-13 11:38:00,21632,21633,21632,21632,99
2025-03-13 11:39:00,21631,21631,21631,21631,118
2025-03-13 11:40:00,21631,21632,21631,21631,79
2025-03-13 11:41:00,21627,21629,21624,21627,216
2025-03-13 11:42:00,21626,21627,21625,21626,154
2025-03-13 11:43:00,21627,21627,21626,21626,1
2025-03-13 11:44:00,21628,21628,21628,21628,121
2025-03-13 11:45:00,21631,21635,21631,21633,105
2025-03-13 11:46:00,21632,21635,21631,21633,181
2025-03-13 11:47:00,21631,21634,21631,21631,64
2025-03-13 11:48:00,21632,21632,21630,21631,195
2025-03-13 11:49:00,21630,21630,21629,21629,362
2025-03-13 11:50:00,21630,21632,21630,21630,116
2025-03-13 11:51:00,21630,21630,21628,21629,153
2025-03-13 11:52:00,21629,21629,21628,21629,150
2025-03-13 11:53:00,21631,21631,21630,21630,108
2025-03-13 11:54:00,21630,21631,21629,21630,42
2025-03-13 11:55:00,21630,21630,21630,21630,209
2025-03-13 11:56:00,21629,21629,21629,21629,238
2025-03-13 11:57:00,21629,21630,21628,21629,252
2025-03-13 11:58:00,21621,21622,21621,21622,196
2025-03-13 11:59:00,21621,21622,21621,21622,190
2025-03-13 12:00:00,21624,21624,21623,21624,241
2025-03-13 12:01:00,21620,21621,21617,21620,222
2025-03-13 12:02:00,21623,21624,21623,21623,22
2025-03-13 12:03:00,21620,21622,21620,21621,1
2025-03-13 12:04:00,21623,21624,21620,21624,180
2025-03-13 12:05:00,21626,21627,21626,21626,179
2025-03-13 12:06:00,21626,21626,21624,21626,1
2025-03-13 12:07:00,21623,21623,21621,21622,88
2025-03-13 12:08:00,21617,21617,21617,21617,221
2025-03-13 12:09:00,21619,21620,21618,21619,137
2025-03-13 12:10:00,21621,21621,21621,21621,198
2025-03-13 12:11:00,21627,21628,21627,21628,273
2025-03-13 12:12:00,21625,21625,21625,21625,130
2025-03-13 12:13:00,21634,21634,21633,21633,204
2025-03-13 12:14:00,21631,21633,21629,21629,127
2025-03-13 12:15:00,21626,21627,21626,21626,252
2025-03-13 12:16:00,21626,21626,21626,21626,118
2025-03-13 12:17:00,21621,21621,21619,21621,274
2025-03-13 12:18:00,21622,21622,21621,21622,275
2025-03-13 12:19:00,21624,21627,21623,21624,122
2025-03-13 12:20:00,21628,21630,21623,21626,158
2025-03-13 12:21:00,21626,21626,21626,21626,276
2025-03-13 12:22:00,21621,21621,21621,21621,122
2025-03-13 12:23:00,21619,21619,21619,21619,147
2025-03-13 12:24:00,21616,21616,21616,21616,99
2025-03-13 12:25:00,21616,21616,21615,21615,30
2025-03-13 12:26:00,21615,21618,21612,21615,316
2025-03-13 12:27:00,21620,21622,21618,21620,258
2025-03-13 12:28:00,21620,21620,21619,21620,204
2025-03-13 12:29:00,21615,21618,21615,21616,181
2025-03-13 12:30:00,21613,21613,21613,21613,191
2025-03-13 12:31:00,21609,21612,21609,21612,289
2025-03-13 12:32:00,21611,21613,21610,21611,131
2025-03-13 12:33:00,21609,21609,21609,21609,201
2025-03-13 12:34:00,21610,21612,21610,21610,117
2025-03-13 12:35:00,21617,21619,21613,21616,229
2025-03-13 12:36:00,21611,21611,21609,21611,271
2025-03-13 12:37:00,21612,21613,21611,21612,230
2025-03-13 12:38:00,21617,21618,21617,21617,200
2025-03-13 12:39:00,21617,21618,21616,21616,316
2025-03-13 12:40:00,21614,21616,21614,21615,199
2025-03-13 12:41:00,21615,21615,21611,21614,108
2025-03-13 12:42:00,21612,21613,21612,21612,385
2025-03-13 12:43:00,21614,21614,21614,21614,135
2025-03-13 12:44:00,21616,21618,21615,21617,173
2025-03-13 12:45:00,21617,21617,21616,21616,192
2025-03-13 12:46:00,21613,21613,21612,21612,114
2025-03-13 12:47:00,21608,21609,21608,21609,221
2025-03-13 12:48:00,21608,21610,21607,21608,288
2025-03-13 12:49:00,21605,21605,21599,21604,323
2025-03-13 12:50:00,21603,21603,21603,21603,325
2025-03-13 12:51:00,21600,21602,21600,21601,172
2025-03-13 12:52:00,21596,21596,21595,21596,163
2025-03-13 12:53:00,21592,21593,21592,21592,207
2025-03-13 12:54:00,21593,21594,21593,21594,133
2025-03-13 12:55:00,21591,21592,21591,21592,222
2025-03-13 12:56:00,21593,21593,21591,21592,159
2025-03-13 12:57:00,21593,21595,21592,21593,169
2025-03-13 12:58:00,21594,21594,21594,21594,198
2025-03-13 12:59:00,21599,21599,21598,21599,138
2025-03-13 13:00:00,21599,21600,21599,21600,163
2025-03-13 13:01:00,21601,21602,21599,21600,141
2025-03-13 13:02:00,21601,21601,21601,21601,191
2025-03-13 13:03:00,21601,21604,21597,21601,180
2025-03-13 13:04:00,21602,21603,21602,21603,109
2025-03-13 13:05:00,21606,21607,21606,21606,246
2025-03-13 13:06:00,21614,21615,21614,21615,305
2025-03-13 13:07:00,21615,21615,21613,21614,33
2025-03-13 13:08:00,21614,21614,21613,21613,253
2025-03-13 13:09:00,21606,21609,21605,21607,410
2025-03-13 13:10:00,21606,21606,21605,21606,256
2025-03-13 13:11:00,21605,21605,21605,21605,108
2025-03-13 13:12:00,21599,21600,21598,21598,220
2025-03-13 13:13:00,21597,21597,21596,21597,184
2025-03-13 13:14:00,21593,21603,21590,21595,149
2025-03-13 13:15:00,21590,21590,21590,21590,131
2025-03-13 13:16:00,21578,21591,21578,21581,309
2025-03-13 13:17:00,21578,21579,21578,21579,354
2025-03-13 13:18:00,21580,21581,21580,21580,186
2025-03-13 13:19:00,21576,21577,21576,21576,283
2025-03-13 13:20:00,21581,21581,21578,21579,1
2025-03-13 13:21:00,21578,21578,21578,21578,211
2025-03-13 13:22:00,21581,21581,21581,21581,207
2025-03-13 13:23:00,21576,21577,21576,21577,327
2025-03-13 13:24:00,21583,21585,21581,21582,339
2025-03-13 13:25:00,21591,21592,21591,21591,182
2025-03-13 13:26:00,21585,21607,21582,21586,337
2025-03-13 13:27:00,21585,21585,21584,21585,365
2025-03-13 13:28:00,21581,21582,21580,21580,66
2025-03-13 13:29:00,21572,21586,21572,21577,635
2025-03-13 13:30:00,21579,21580,21578,21580,263
2025-03-13 13:31:00,21587,21590,21587,21588,357
2025-03-13 13:32:00,21592,21592,21592,21592,249
2025-03-13 13:33:00,21601,21601,21600,21601,302
2025-03-13 13:34:00,21601,21602,21597,21600,551
2025-03-13 13:35:00,21586,21588,21586,21587,79
2025-03-13 13:36:00,21576,21577,21576,21576,275
2025-03-13 13:37:00,21574,21574,21573,21573,443
2025-03-13 13:38:00,21582,21583,21579,21581,230
2025-03-13 13:39:00,21578,21579,21578,21578,389
2025-03-13 13:40:00,21584,21588,21584,21585,403
2025-03-13 13:41:00,21590,21592,21587,21589,441
2025-03-13 13:42:00,21580,21584,21573,21582,449
2025-03-13 13:43:00,21573,21573,21569,21572,567
2025-03-13 13:44:00,21570,21570,21569,21570,216
2025-03-14 08:45:00,21562,21563,21561,21562,358
2025-03-14 08:46:00,21565,21574,21565,21568,615
2025-03-14 08:47:00,21570,21570,21569,21570,410
2025-03-14 08:48:00,21559,21562,21558,21559,254
2025-03-14 08:49:00,21561,21563,21560,21561,236
2025-03-14 08:50:00,21558,21565,21556,21560,418
2025-03-14 08:51:00,21557,21558,21555,21556,433
2025-03-14 08:52:00,21562,21562,21556,21560,167
2025-03-14 08:53:00,21564,21564,21563,21564,440
2025-03-14 08:54:00,21568,21568,21567,21568,51
2025-03-14 08:55:00,21568,21569,21568,21569,100
2025-03-14 08:56:00,21564,21564,21562,21563,302
2025-03-14 08:57:00,21564,21565,21563,21564,127
2025-03-14 08:58:00,21555,21561,21554,21555,383
2025-03-14 08:59:00,21554,21554,21554,21554,417
2025-03-14 09:00:00,21552,21556,21552,21554,83
2025-03-14 09:01:00,21556,21559,21551,21556,206
2025-03-14 09:02:00,21557,21561,21557,21559,332
2025-03-14 09:03:00,21558,21560,21557,21558,289
2025-03-14 09:04:00,21559,21559,21559,21559,179
2025-03-14 09:05:00,21558,21560,21558,21558,543
2025-03-14 09:06:00,21559,21559,21558,21558,137
2025-03-14 09:07:00,21554,21557,21553,21555,223
2025-03-14 09:08:00,21550,21550,21549,21550,348
2025-03-14 09:09:00,21548,21549,21548,21548,220
2025-03-14 09:10:00,21540,21540,21539,21540,239
2025-03-14 09:11:00,21541,21543,21541,21542,328
2025-03-14 09:12:00,21549,21549,21545,21548,173
2025-03-14 09:13:00,21548,21548,21543,21546,339
2025-03-14 09:14:00,21543,21544,21543,21543,248
2025-03-14 09:15:00,21545,21546,21541,21545,193
2025-03-14 09:16:00,21543,21544,21543,21543,132
2025-03-14 09:17:00,21542,21542,21539,21542,45
2025-03-14 09:18:00,21544,21545,21544,21545,156
2025-03-14 09:19:00,21549,21550,21548,21549,211
2025-03-14 09:20:00,21548,21548,21546,21547,163
2025-03-14 09:21:00,21548,21549,21548,21549,261
2025-03-14 09:22:00,21552,21552,21551,21552,200
2025-03-14 09:23:00,21554,21554,21553,21554,140
2025-03-14 09:24:00,21557,21557,21557,21557,198
2025-03-14 09:25:00,21555,21556,21554,21555,322
2025-03-14 09:26:00,21553,21553,21553,21553,238
2025-03-14 09:27:00,21553,21553,21547,21551,256
2025-03-14 09:28:00,21550,21552,21547,21550,289
2025-03-14 09:29:00,21543,21543,21543,21543,209
2025-03-14 09:30:00,21543,21544,21539,21543,308
2025-03-14 09:31:00,21538,21540,21538,21539,125
2025-03-14 09:32:00,21542,21542,21542,21542,223
2025-03-14 09:33:00,21539,21543,21538,21540,142
2025-03-14 09:34:00,21541,21543,21540,21541,271
2025-03-14 09:35:00,21543,21543,21542,21543,98
2025-03-14 09:36:00,21539,21543,21539,21543,259
2025-03-14 09:37:00,21543,21543,21542,21543,210
2025-03-14 09:38:00,21544,21544,21541,21542,291
2025-03-14 09:39:00,21543,21543,21542,21543,165
2025-03-14 09:40:00,21546,21546,21546,21546,94
2025-03-14 09:41:00,21545,21548,21545,21547,144
2025-03-14 09:42:00,21547,21547,21546,21547,232
2025-03-14 09:43:00,21548,21549,21548,21548,272
2025-03-14 09:44:00,21549,21550,21549,21550,140
2025-03-14 09:45:00,21549,21549,21548,21548,252
2025-03-14 09:46:00,21548,21549,21547,21548,237
2025-03-14 09:47:00,21544,21545,21544,21544,98
2025-03-14 09:48:00,21544,21544,21542,21544,94
2025-03-14 09:49:00,21547,21549,21546,21547,125
2025-03-14 09:50:00,21544,21546,21544,21545,403
2025-03-14 09:51:00,21540,21546,21537,21542,202
2025-03-14 09:52:00,21544,21545,21543,21544,205
2025-03-14 09:53:00,21540,21542,21537,21539,355
2025-03-14 09:54:00,21537,21540,21537,21538,428
2025-03-14 09:55:00,21533,21534,21533,21533,187
2025-03-14 09:56:00,21535,21536,21535,21535,210
2025-03-14 09:57:00,21527,21529,21526,21528,139
2025-03-14 09:58:00,21531,21531,21531,21531,43
2025-03-14 09:59:00,21533,21533,21533,21533,299
2025-03-14 10:00:00,21534,21538,21533,21535,158
2025-03-14 10:01:00,21537,21539,21537,21538,227
2025-03-14 10:02:00,21535,21535,21534,21535,261
2025-03-14 10:03:00,21528,21531,21526,21528,206
2025-03-14 10:04:00,21527,21531,21527,21527,348
2025-03-14 10:05:00,21537,21538,21537,21537,134
2025-03-14 10:06:00,21537,21537,21535,21536,303
2025-03-14 10:07:00,21536,21536,21535,21535,55
2025-03-14 10:08:00,21539,21540,21539,21539,205
2025-03-14 10:09:00,21542,21542,21542,21542,131
2025-03-14 10:10:00,21539,21539,21539,21539,160
2025-03-14 10:11:00,21543,21543,21543,21543,259
2025-03-14 10:12:00,21548,21552,21548,21549,195
2025-03-14 10:13:00,21548,21549,21547,21548,178
2025-03-14 10:14:00,21542,21542,21542,21542,143
2025-03-14 10:15:00,21546,21546,21546,21546,234
2025-03-14 10:16:00,21547,21548,21544,21547,298
2025-03-14 10:17:00,21545,21551,21543,21545,157
2025-03-14 10:18:00,21544,21545,21544,21544,163
2025-03-14 10:19:00,21549,21549,21546,21549,114
2025-03-14 10:20:00,21546,21548,21544,21546,180
2025-03-14 10:21:00,21544,21545,21544,21544,462
2025-03-14 10:22:00,21544,21545,21544,21544,84
2025-03-14 10:23:00,21542,21543,21541,21542,146
2025-03-14 10:24:00,21540,21542,21539,21540,244
2025-03-14 10:25:00,21542,21542,21542,21542,268
2025-03-14 10:26:00,21542,21543,21540,21543,227
2025-03-14 10:27:00,21544,21545,21544,21544,264
2025-03-14 10:28:00,21542,21542,21542,21542,145
2025-03-14 10:29:00,21540,21540,21540,21540,234
2025-03-14 10:30:00,21544,21544,21544,21544,199
2025-03-14 10:31:00,21547,21548,21543,21546,113
2025-03-14 10:32:00,21546,21546,21544,21545,251
2025-03-14 10:33:00,21546,21549,21544,21547,226
2025-03-14 10:34:00,21546,21548,21546,21547,213
2025-03-14 10:35:00,21550,21552,21549,21549,180
2025-03-14 10:36:00,21547,21548,21546,21547,167
2025-03-14 10:37:00,21552,21554,21549,21552,96
2025-03-14 10:38:00,21554,21554,21554,21554,293
2025-03-14 10:39:00,21553,21555,21552,21553,130
2025-03-14 10:40:00,21557,21558,21556,21557,194
2025-03-14 10:41:00,21564,21564,21564,21564,110
2025-03-14 10:42:00,21559,21568,21559,21562,49
2025-03-14 10:43:00,21558,21559,21557,21558,188
2025-03-14 10:44:00,21553,21553,21553,21553,179
2025-03-14 10:45:00,21550,21550,21550,21550,205
2025-03-14 10:46:00,21548,21550,21547,21549,219
2025-03-14 10:47:00,21551,21551,21550,21551,118
2025-03-14 10:48:00,21544,21546,21544,21545,114
2025-03-14 10:49:00,21540,21541,21537,21539,195
2025-03-14 10:50:00,21539,21540,21539,21539,76
2025-03-14 10:51:00,21539,21539,21539,21539,28
2025-03-14 10:52:00,21539,21539,21539,21539,147
2025-03-14 10:53:00,21540,21544,21537,21540,176
2025-03-14 10:54:00,21541,21542,21541,21541,240
2025-03-14 10:55:00,21542,21542,21541,21541,124
2025-03-14 10:56:00,21538,21539,21538,21539,149
2025-03-14 10:57:00,21540,21540,21540,21540,187
2025-03-14 10:58:00,21541,21541,21541,21541,93
2025-03-14 10:59:00,21544,21547,21541,21542,157
2025-03-14 11:00:00,21545,21545,21543,21544,135
2025-03-14 11:01:00,21547,21547,21543,21546,122
2025-03-14 11:02:00,21545,21547,21545,21545,116
2025-03-14 11:03:00,21544,21548,21544,21547,104
2025-03-14 11:04:00,21549,21549,21546,21548,193
2025-03-14 11:05:00,21546,21547,21545,21546,309
2025-03-14 11:06:00,21548,21549,21548,21549,244
2025-03-14 11:07:00,21551,21557,21550,21551,111
2025-03-14 11:08:00,21554,21555,21553,21554,276
2025-03-14 11:09:00,21556,21558,21555,21557,215
2025-03-14 11:10:00,21558,21558,21558,21558,91
2025-03-14 11:11:00,21557,21557,21554,21556,98
2025-03-14 11:12:00,21557,21558,21557,21557,152
2025-03-14 11:13:00,21558,21558,21554,21556,148
2025-03-14 11:14:00,21555,21556,21554,21555,64
2025-03-14 11:15:00,21555,21555,21555,21555,213
2025-03-14 11:16:00,21555,21555,21555,21555,169
2025-03-14 11:17:00,21555,21556,21555,21555,51
2025-03-14 11:18:00,21551,21552,21551,21552,1
2025-03-14 11:19:00,21553,21554,21553,21553,66
2025-03-14 11:20:00,21553,21554,21552,21553,168
2025-03-14 11:21:00,21557,21558,21553,21557,1
2025-03-14 11:22:00,21560,21560,21560,21560,51
2025-03-14 11:23:00,21564,21564,21564,21564,73
2025-03-14 11:24:00,21564,21565,21564,21565,95
2025-03-14 11:25:00,21569,21570,21568,21569,149
2025-03-14 11:26:00,21571,21572,21570,21571,99
2025-03-14 11:27:00,21570,21572,21564,21569,118
2025-03-14 11:28:00,21570,21570,21570,21570,106
2025-03-14 11:29:00,21573,21573,21573,21573,58
2025-03-14 11:30:00,21573,21574,21572,21573,92
2025-03-14 11:31:00,21575,21575,21574,21575,181
2025-03-14 11:32:00,21572,21573,21572,21573,217
2025-03-14 11:33:00,21572,21572,21572,21572,276
2025-03-14 11:34:00,21568,21568,21568,21568,79
2025-03-14 11:35:00,21565,21565,21564,21565,130
2025-03-14 11:36:00,21567,21569,21567,21567,113
2025-03-14 11:37:00,21569,21569,21566,21568,124
2025-03-14 11:38:00,21568,21568,21564,21567,233
2025-03-14 11:39:00,21567,21571,21564,21567,290
2025-03-14 11:40:00,21572,21575,21572,21573,206
2025-03-14 11:41:00,21572,21572,21572,21572,253
2025-03-14 11:42:00,21570,21570,21570,21570,352
2025-03-14 11:43:00,21572,21575,21572,21573,215
2025-03-14 11:44:00,21572,21573,21572,21572,186
2025-03-14 11:45:00,21575,21576,21575,21575,126
2025-03-14 11:46:00,21579,21579,21578,21578,215
2025-03-14 11:47:00,21574,21576,21571,21573,143
2025-03-14 11:48:00,21576,21578,21573,21577,118
2025-03-14 11:49:00,21577,21577,21577,21577,59
2025-03-14 11:50:00,21582,21585,21582,21583,178
2025-03-14 11:51:00,21585,21585,21585,21585,235
2025-03-14 11:52:00,21585,21585,21584,21585,265
2025-03-14 11:53:00,21588,21588,21587,21587,124
2025-03-14 11:54:00,21593,21593,21592,21593,258
2025-03-14 11:55:00,21598,21598,21597,21598,66
2025-03-14 11:56:00,21598,21599,21598,21599,202
2025-03-14 11:57:00,21595,21598,21594,21595,198
2025-03-14 11:58:00,21593,21594,21593,21593,289
2025-03-14 11:59:00,21592,21592,21591,21592,55
2025-03-14 12:00:00,21592,21594,21590,21592,162
2025-03-14 12:01:00,21597,21597,21597,21597,191
2025-03-14 12:02:00,21597,21597,21597,21597,185
2025-03-14 12:03:00,21597,21597,21597,21597,154
2025-03-14 12:04:00,21593,21596,21593,21594,286
2025-03-14 12:05:00,21598,21599,21597,21598,207
2025-03-14 12:06:00,21599,21605,21599,21600,289
2025-03-14 12:07:00,21596,21597,21596,21596,253
2025-03-14 12:08:00,21599,21602,21598,21598,137
2025-03-14 12:09:00,21600,21601,21600,21601,236
2025-03-14 12:10:00,21600,21600,21599,21599,200
2025-03-14 12:11:00,21600,21602,21599,21600,108
2025-03-14 12:12:00,21600,21601,21600,21600,160
2025-03-14 12:13:00,21594,21595,21594,21595,216
2025-03-14 12:14:00,21592,21594,21592,21592,207
2025-03-14 12:15:00,21594,21594,21593,21594,202
2025-03-14 12:16:00,21597,21599,21597,21598,72
2025-03-14 12:17:00,21599,21599,21597,21598,185
2025-03-14 12:18:00,21596,21596,21594,21595,222
2025-03-14 12:19:00,21593,21596,21590,21594,80
2025-03-14 12:20:00,21593,21595,21592,21594,157
2025-03-14 12:21:00,21594,21595,21593,21594,188
2025-03-14 12:22:00,21593,21594,21593,21593,208
2025-03-14 12:23:00,21588,21588,21587,21588,191
2025-03-14 12:24:00,21595,21598,21592,21595,21
2025-03-14 12:25:00,21595,21595,21595,21595,297
2025-03-14 12:26:00,21594,21594,21594,21594,63
2025-03-14 12:27:00,21595,21597,21595,21595,181
2025-03-14 12:28:00,21591,21591,21591,21591,171
2025-03-14 12:29:00,21589,21591,21589,21590,295
2025-03-14 12:30:00,21586,21586,21585,21586,187
2025-03-14 12:31:00,21581,21581,21581,21581,201
2025-03-14 12:32:00,21580,21580,21580,21580,123
2025-03-14 12:33:00,21577,21580,21577,21578,192
2025-03-14 12:34:00,21577,21577,21576,21577,126
2025-03-14 12:35:00,21576,21576,21576,21576,10
2025-03-14 12:36:00,21573,21575,21572,21572,164
2025-03-14 12:37:00,21568,21569,21568,21569,189
2025-03-14 12:38:00,21567,21568,21567,21567,148
2025-03-14 12:39:00,21567,21567,21567,21567,235
2025-03-14 12:40:00,21568,21568,21565,21567,154
2025-03-14 12:41:00,21566,21569,21566,21568,249
2025-03-14 12:42:00,21570,21571,21569,21570,266
2025-03-14 12:43:00,21574,21576,21574,21575,336
2025-03-14 12:44:00,21570,21570,21570,21570,220
2025-03-14 12:45:00,21569,21569,21569,21569,191
2025-03-14 12:46:00,21568,21570,21567,21568,146
2025-03-14 12:47:00,21565,21565,21563,21565,159
2025-03-14 12:48:00,21565,21565,21564,21564,171
2025-03-14 12:49:00,21562,21562,21557,21561,108
2025-03-14 12:50:00,21562,21563,21562,21563,196
2025-03-14 12:51:00,21565,21565,21562,21564,199
2025-03-14 12:52:00,21562,21562,21558,21562,183
2025-03-14 12:53:00,21560,21567,21560,21562,103
2025-03-14 12:54:00,21564,21564,21559,21562,33
2025-03-14 12:55:00,21563,21566,21554,21561,220
2025-03-14 12:56:00,21563,21564,21562,21564,115
2025-03-14 12:57:00,21572,21572,21569,21570,134
2025-03-14 12:58:00,21572,21573,21570,21572,331
2025-03-14 12:59:00,21574,21574,21573,21574,134
2025-03-14 13:00:00,21584,21584,21583,21584,237
2025-03-14 13:01:00,21584,21584,21583,21584,71
2025-03-14 13:02:00,21587,21587,21587,21587,57
2025-03-14 13:03:00,21585,21586,21585,21586,142
2025-03-14 13:04:00,21585,21586,21583,21586,143
2025-03-14 13:05:00,21580,21580,21577,21579,23
2025-03-14 13:06:00,21582,21582,21580,21581,208
2025-03-14 13:07:00,21583,21583,21582,21582,193
2025-03-14 13:08:00,21583,21584,21582,21583,1
2025-03-14 13:09:00,21586,21586,21586,21586,272
2025-03-14 13:10:00,21591,21592,21590,21591,4
2025-03-14 13:11:00,21590,21590,21589,21589,119
2025-03-14 13:12:00,21586,21587,21586,21586,227
2025-03-14 13:13:00,21587,21589,21586,21587,169
2025-03-14 13:14:00,21589,21589,21588,21589,7
2025-03-14 13:15:00,21588,21590,21588,21589,62
2025-03-14 13:16:00,21595,21596,21595,21595,73
2025-03-14 13:17:00,21591,21595,21591,21591,123
2025-03-14 13:18:00,21586,21588,21586,21587,254
2025-03-14 13:19:00,21593,21595,21592,21593,66
2025-03-14 13:20:00,21597,21598,21596,21596,238
2025-03-14 13:21:00,21594,21595,21592,21594,374
2025-03-14 13:22:00,21587,21588,21587,21588,123
2025-03-14 13:23:00,21588,21588,21588,21588,126
2025-03-14 13:24:00,21585,21586,21585,21586,348
2025-03-14 13:25:00,21573,21577,21570,21574,217
2025-03-14 13:26:00,21580,21581,21580,21580,128
2025-03-14 13:27:00,21579,21590,21579,21584,471
2025-03-14 13:28:00,21597,21597,21597,21597,189
2025-03-14 13:29:00,21595,21601,21594,21596,567
2025-03-14 13:30:00,21602,21607,21593,21600,511
2025-03-14 13:31:00,21602,21603,21601,21602,471
2025-03-14 13:32:00,21609,21609,21609,21609,583
2025-03-14 13:33:00,21616,21620,21616,21617,1
2025-03-14 13:34:00,21611,21615,21609,21611,322
2025-03-14 13:35:00,21609,21609,21609,21609,402
2025-03-14 13:36:00,21617,21617,21608,21612,203
2025-03-14 13:37:00,21620,21621,21620,21620,320
2025-03-14 13:38:00,21621,21625,21621,21622,249
2025-03-14 13:39:00,21624,21624,21623,21624,301
2025-03-14 13:40:00,21624,21627,21624,21625,395
2025-03-14 13:41:00,21617,21619,21615,21618,150
2025-03-14 13:42:00,21622,21623,21622,21623,333
2025-03-14 13:43:00,21628,21628,21626,21627,450
2025-03-14 13:44:00,21638,21638,21637,21638,152
2025-03-17 08:45:00,21649,21650,21648,21650,493
2025-03-17 08:46:00,21651,21652,21651,21651,176
2025-03-17 08:47:00,21649,21649,21648,21649,419
2025-03-17 08:48:00,21639,21641,21639,21640,234
2025-03-17 08:49:00,21638,21639,21638,21639,225
2025-03-17 08:50:00,21641,21641,21640,21641,360
2025-03-17 08:51:00,21645,21651,21645,21647,603
2025-03-17 08:52:00,21657,21661,21654,21655,134
2025-03-17 08:53:00,21649,21659,21642,21649,616
2025-03-17 08:54:00,21657,21663,21655,21655,396
2025-03-17 08:55:00,21654,21659,21653,21655,267
2025-03-17 08:56:00,21659,21661,21659,21659,294
2025-03-17 08:57:00,21665,21665,21663,21663,283
2025-03-17 08:58:00,21662,21667,21658,21661,107
2025-03-17 08:59:00,21667,21672,21665,21668,325
2025-03-17 09:00:00,21670,21670,21668,21668,312
2025-03-17 09:01:00,21663,21664,21661,21663,278
2025-03-17 09:02:00,21669,21669,21667,21669,150
2025-03-17 09:03:00,21676,21677,21674,21675,232
2025-03-17 09:04:00,21682,21682,21680,21681,180
2025-03-17 09:05:00,21683,21683,21680,21681,288
2025-03-17 09:06:00,21683,21692,21683,21686,166
2025-03-17 09:07:00,21692,21692,21690,21692,184
2025-03-17 09:08:00,21693,21693,21690,21691,195
2025-03-17 09:09:00,21685,21685,21684,21685,135
2025-03-17 09:10:00,21684,21684,21683,21683,184
2025-03-17 09:11:00,21685,21686,21685,21685,270
2025-03-17 09:12:00,21676,21679,21676,21677,189
2025-03-17 09:13:00,21674,21675,21674,21674,391
2025-03-17 09:14:00,21674,21676,21672,21673,324
2025-03-17 09:15:00,21668,21669,21667,21668,77
2025-03-17 09:16:00,21672,21672,21671,21671,35
2025-03-17 09:17:00,21670,21670,21669,21669,160
2025-03-17 09:18:00,21666,21666,21666,21666,147
2025-03-17 09:19:00,21668,21668,21667,21667,229
2025-03-17 09:20:00,21664,21664,21664,21664,245
2025-03-17 09:21:00,21661,21663,21659,21662,71
2025-03-17 09:22:00,21661,21666,21658,21661,360
2025-03-17 09:23:00,21663,21664,21662,21663,186
2025-03-17 09:24:00,21660,21660,21659,21659,174
2025-03-17 09:25:00,21658,21658,21658,21658,63
2025-03-17 09:26:00,21654,21654,21654,21654,232
2025-03-17 09:27:00,21657,21657,21652,21654,95
2025-03-17 09:28:00,21653,21653,21653,21653,280
2025-03-17 09:29:00,21653,21653,21650,21652,170
2025-03-17 09:30:00,21653,21655,21652,21653,95
2025-03-17 09:31:00,21654,21655,21652,21654,128
2025-03-17 09:32:00,21651,21652,21650,21651,323
2025-03-17 09:33:00,21650,21650,21650,21650,227
2025-03-17 09:34:00,21652,21652,21651,21652,166
2025-03-17 09:35:00,21649,21649,21648,21649,200
2025-03-17 09:36:00,21648,21653,21646,21648,84
2025-03-17 09:37:00,21650,21650,21650,21650,2
2025-03-17 09:38:00,21654,21660,21650,21653,129
2025-03-17 09:39:00,21653,21654,21653,21654,129
2025-03-17 09:40:00,21656,21656,21655,21656,362
2025-03-17 09:41:00,21656,21657,21656,21656,187
2025-03-17 09:42:00,21655,21657,21654,21656,341
2025-03-17 09:43:00,21656,21656,21655,21655,116
2025-03-17 09:44:00,21654,21656,21653,21654,136
2025-03-17 09:45:00,21650,21651,21650,21650,176
2025-03-17 09:46:00,21652,21652,21650,21651,335
2025-03-17 09:47:00,21651,21651,21651,21651,100
2025-03-17 09:48:00,21652,21652,21649,21651,144
2025-03-17 09:49:00,21650,21652,21649,21651,206
2025-03-17 09:50:00,21652,21653,21652,21652,292
2025-03-17 09:51:00,21650,21650,21649,21649,145
2025-03-17 09:52:00,21652,21652,21651,21651,389
2025-03-17 09:53:00,21645,21649,21645,21648,347
2025-03-17 09:54:00,21652,21655,21652,21653,146
2025-03-17 09:55:00,21652,21657,21652,21654,8
2025-03-17 09:56:00,21653,21653,21646,21651,206
2025-03-17 09:57:00,21658,21658,21657,21658,115
2025-03-17 09:58:00,21659,21660,21656,21659,322
2025-03-17 09:59:00,21664,21664,21664,21664,61
2025-03-17 10:00:00,21661,21661,21661,21661,221
2025-03-17 10:01:00,21667,21668,21665,21666,159
2025-03-17 10:02:00,21665,21667,21665,21666,1
2025-03-17 10:03:00,21668,21668,21665,21668,327
2025-03-17 10:04:00,21668,21669,21668,21668,210
2025-03-17 10:05:00,21665,21665,21665,21665,237
2025-03-17 10:06:00,21659,21660,21659,21660,224
2025-03-17 10:07:00,21655,21656,21655,21656,239
2025-03-17 10:08:00,21657,21657,21656,21656,184
2025-03-17 10:09:00,21654,21654,21654,21654,240
2025-03-17 10:10:00,21649,21651,21647,21650,309
2025-03-17 10:11:00,21646,21647,21646,21646,368
2025-03-17 10:12:00,21647,21647,21647,21647,136
2025-03-17 10:13:00,21648,21652,21647,21648,329
2025-03-17 10:14:00,21645,21647,21645,21645,172
2025-03-17 10:15:00,21649,21650,21649,21649,87
2025-03-17 10:16:00,21649,21650,21648,21649,244
2025-03-17 10:17:00,21653,21655,21651,21653,184
2025-03-17 10:18:00,21654,21655,21654,21655,63
2025-03-17 10:19:00,21655,21657,21655,21656,192
2025-03-17 10:20:00,21658,21659,21657,21658,265
2025-03-17 10:21:00,21660,21660,21659,21659,273
2025-03-17 10:22:00,21662,21662,21660,21660,158
2025-03-17 10:23:00,21656,21657,21656,21657,219
2025-03-17 10:24:00,21655,21656,21655,21655,162
2025-03-17 10:25:00,21655,21656,21654,21655,221
2025-03-17 10:26:00,21650,21650,21650,21650,252
2025-03-17 10:27:00,21645,21647,21645,21645,126
2025-03-17 10:28:00,21645,21645,21644,21644,236
2025-03-17 10:29:00,21640,21642,21640,21641,229
2025-03-17 10:30:00,21639,21639,21638,21638,105
2025-03-17 10:31:00,21638,21638,21635,21637,142
2025-03-17 10:32:00,21633,21634,21633,21633,237
2025-03-17 10:33:00,21631,21632,21631,21632,173
2025-03-17 10:34:00,21625,21631,21625,21627,298
2025-03-17 10:35:00,21629,21630,21628,21629,294
2025-03-17 10:36:00,21628,21629,21628,21628,169
2025-03-17 10:37:00,21628,21628,21628,21628,31
2025-03-17 10:38:00,21625,21626,21624,21625,224
2025-03-17 10:39:00,21620,21622,21620,21620,254
2025-03-17 10:40:00,21619,21619,21618,21618,193
2025-03-17 10:41:00,21616,21616,21616,21616,6
2025-03-17 10:42:00,21611,21611,21611,21611,240
2025-03-17 10:43:00,21607,21608,21607,21607,7
2025-03-17 10:44:00,21604,21605,21603,21605,280
2025-03-17 10:45:00,21607,21609,21607,21607,200
2025-03-17 10:46:00,21610,21610,21609,21610,81
2025-03-17 10:47:00,21610,21610,21610,21610,122
2025-03-17 10:48:00,21608,21608,21607,21608,24
2025-03-17 10:49:00,21610,21610,21610,21610,211
2025-03-17 10:50:00,21610,21611,21609,21610,94
2025-03-17 10:51:00,21607,21608,21607,21607,90
2025-03-17 10:52:00,21610,21611,21610,21611,137
2025-03-17 10:53:00,21611,21611,21610,21610,282
2025-03-17 10:54:00,21613,21613,21613,21613,122
2025-03-17 10:55:00,21609,21609,21609,21609,233
2025-03-17 10:56:00,21608,21610,21608,21609,78
2025-03-17 10:57:00,21609,21609,21608,21609,180
2025-03-17 10:58:00,21608,21608,21607,21608,169
2025-03-17 10:59:00,21608,21610,21608,21608,62
2025-03-17 11:00:00,21611,21611,21611,21611,1
2025-03-17 11:01:00,21606,21606,21606,21606,98
2025-03-17 11:02:00,21607,21608,21606,21606,179
2025-03-17 11:03:00,21605,21605,21605,21605,164
2025-03-17 11:04:00,21605,21606,21604,21605,173
2025-03-17 11:05:00,21606,21607,21605,21606,242
2025-03-17 11:06:00,21604,21604,21604,21604,185
2025-03-17 11:07:00,21603,21603,21603,21603,198
2025-03-17 11:08:00,21607,21609,21607,21609,3
2025-03-17 11:09:00,21610,21610,21609,21609,49
2025-03-17 11:10:00,21607,21610,21606,21608,180
2025-03-17 11:11:00,21610,21610,21608,21610,142
2025-03-17 11:12:00,21613,21614,21613,21614,77
2025-03-17 11:13:00,21614,21616,21613,21614,70
2025-03-17 11:14:00,21615,21615,21615,21615,168
2025-03-17 11:15:00,21618,21620,21617,21618,149
2025-03-17 11:16:00,21620,21620,21619,21619,100
2025-03-17 11:17:00,21616,21618,21615,21617,121
2025-03-17 11:18:00,21613,21614,21613,21613,72
2025-03-17 11:19:00,21616,21617,21616,21616,184
2025-03-17 11:20:00,21615,21616,21615,21615,156
2025-03-17 11:21:00,21613,21613,21613,21613,167
2025-03-17 11:22:00,21609,21612,21608,21609,250
2025-03-17 11:23:00,21609,21610,21608,21609,173
2025-03-17 11:24:00,21611,21612,21611,21612,173
2025-03-17 11:25:00,21611,21611,21611,21611,205
2025-03-17 11:26:00,21611,21611,21610,21611,136
2025-03-17 11:27:00,21607,21607,21605,21607,107
2025-03-17 11:28:00,21608,21608,21607,21608,304
2025-03-17 11:29:00,21607,21608,21607,21608,85
2025-03-17 11:30:00,21612,21612,21612,21612,50
2025-03-17 11:31:00,21611,21611,21610,21611,124
2025-03-17 11:32:00,21613,21613,21612,21613,42
2025-03-17 11:33:00,21610,21611,21610,21610,136
2025-03-17 11:34:00,21610,21610,21609,21609,202
2025-03-17 11:35:00,21609,21612,21609,21611,193
2025-03-17 11:36:00,21610,21612,21610,21612,26
2025-03-17 11:37:00,21616,21616,21616,21616,27
2025-03-17 11:38:00,21618,21618,21617,21617,65
2025-03-17 11:39:00,21619,21620,21619,21619,272
2025-03-17 11:40:00,21625,21625,21624,21625,208
2025-03-17 11:41:00,21622,21622,21621,21622,94
2025-03-17 11:42:00,21620,21621,21620,21620,140
2025-03-17 11:43:00,21619,21620,21619,21619,76
2025-03-17 11:44:00,21620,21620,21613,21619,204
2025-03-17 11:45:00,21619,21620,21619,21619,11
2025-03-17 11:46:00,21617,21618,21617,21617,64
2025-03-17 11:47:00,21618,21620,21615,21618,213
2025-03-17 11:48:00,21621,21622,21621,21621,297
2025-03-17 11:49:00,21617,21618,21616,21618,189
2025-03-17 11:50:00,21619,21619,21618,21619,186
2025-03-17 11:51:00,21624,21625,21622,21623,200
2025-03-17 11:52:00,21624,21625,21623,21625,62
2025-03-17 11:53:00,21625,21625,21624,21624,199
2025-03-17 11:54:00,21628,21628,21627,21627,184
2025-03-17 11:55:00,21626,21626,21624,21625,251
2025-03-17 11:56:00,21620,21620,21620,21620,261
2025-03-17 11:57:00,21620,21622,21620,21620,121
2025-03-17 11:58:00,21616,21616,21614,21616,1
2025-03-17 11:59:00,21616,21616,21615,21616,244
2025-03-17 12:00:00,21618,21618,21617,21617,128
2025-03-17 12:01:00,21614,21614,21613,21613,128
2025-03-17 12:02:00,21611,21612,21610,21611,172
2025-03-17 12:03:00,21610,21610,21610,21610,218
2025-03-17 12:04:00,21612,21612,21610,21611,106
2025-03-17 12:05:00,21610,21611,21609,21610,227
2025-03-17 12:06:00,21611,21614,21611,21612,254
2025-03-17 12:07:00,21609,21610,21609,21610,353
2025-03-17 12:08:00,21610,21610,21609,21609,97
2025-03-17 12:09:00,21603,21605,21602,21603,242
2025-03-17 12:10:00,21601,21601,21600,21601,296
2025-03-17 12:11:00,21606,21608,21605,21606,300
2025-03-17 12:12:00,21608,21608,21607,21608,194
2025-03-17 12:13:00,21612,21614,21612,21612,191
2025-03-17 12:14:00,21618,21618,21618,21618,92
2025-03-17 12:15:00,21618,21621,21616,21618,211
2025-03-17 12:16:00,21617,21620,21613,21617,292
2025-03-17 12:17:00,21617,21619,21617,21618,158
2025-03-17 12:18:00,21618,21618,21618,21618,135
2025-03-17 12:19:00,21617,21617,21617,21617,204
2025-03-17 12:20:00,21620,21620,21620,21620,245
2025-03-17 12:21:00,21616,21617,21616,21617,108
2025-03-17 12:22:00,21619,21619,21619,21619,325
2025-03-17 12:23:00,21620,21622,21620,21620,194
2025-03-17 12:24:00,21618,21618,21617,21617,107
2025-03-17 12:25:00,21615,21615,21615,21615,65
2025-03-17 12:26:00,21617,21617,21616,21617,280
2025-03-17 12:27:00,21614,21618,21612,21615,213
2025-03-17 12:28:00,21616,21617,21615,21616,76
2025-03-17 12:29:00,21620,21621,21619,21621,27
2025-03-17 12:30:00,21613,21615,21613,21614,90
2025-03-17 12:31:00,21615,21615,21615,21615,118
2025-03-17 12:32:00,21614,21614,21613,21614,145
2025-03-17 12:33:00,21612,21612,21612,21612,302
2025-03-17 12:34:00,21610,21610,21610,21610,259
2025-03-17 12:35:00,21605,21606,21603,21604,198
2025-03-17 12:36:00,21605,21605,21604,21605,131
2025-03-17 12:37:00,21607,21607,21606,21607,167
2025-03-17 12:38:00,21607,21607,21607,21607,212
2025-03-17 12:39:00,21609,21610,21609,21610,62
2025-03-17 12:40:00,21611,21612,21610,21612,144
2025-03-17 12:41:00,21610,21610,21609,21610,216
2025-03-17 12:42:00,21614,21615,21614,21615,403
2025-03-17 12:43:00,21619,21620,21616,21619,255
2025-03-17 12:44:00,21617,21619,21616,21616,14
2025-03-17 12:45:00,21613,21613,21610,21613,287
2025-03-17 12:46:00,21614,21614,21611,21613,194
2025-03-17 12:47:00,21611,21612,21611,21611,90
2025-03-17 12:48:00,21609,21611,21608,21610,174
2025-03-17 12:49:00,21608,21611,21608,21609,206
2025-03-17 12:50:00,21607,21609,21606,21607,191
2025-03-17 12:51:00,21605,21606,21605,21605,124
2025-03-17 12:52:00,21603,21604,21602,21604,272
2025-03-17 12:53:00,21602,21602,21601,21602,19
2025-03-17 12:54:00,21606,21608,21604,21606,187
2025-03-17 12:55:00,21602,21602,21601,21601,134
2025-03-17 12:56:00,21603,21604,21603,21603,251
2025-03-17 12:57:00,21600,21601,21600,21600,121
2025-03-17 12:58:00,21602,21602,21602,21602,77
2025-03-17 12:59:00,21597,21602,21594,21598,116
2025-03-17 13:00:00,21598,21598,21598,21598,1
2025-03-17 13:01:00,21595,21597,21592,21595,147
2025-03-17 13:02:00,21596,21596,21596,21596,282
2025-03-17 13:03:00,21595,21595,21594,21595,223
2025-03-17 13:04:00,21590,21594,21588,21591,290
2025-03-17 13:05:00,21594,21594,21593,21594,121
2025-03-17 13:06:00,21597,21597,21597,21597,212
2025-03-17 13:07:00,21591,21591,21590,21591,267
2025-03-17 13:08:00,21596,21596,21596,21596,140
2025-03-17 13:09:00,21596,21597,21595,21596,213
2025-03-17 13:10:00,21594,21594,21592,21593,216
2025-03-17 13:11:00,21595,21595,21595,21595,198
2025-03-17 13:12:00,21593,21593,21591,21593,68
2025-03-17 13:13:00,21595,21595,21594,21595,134
2025-03-17 13:14:00,21596,21597,21596,21596,247
2025-03-17 13:15:00,21600,21600,21598,21599,125
2025-03-17 13:16:00,21599,21600,21599,21600,342
2025-03-17 13:17:00,21597,21597,21597,21597,147
2025-03-17 13:18:00,21595,21595,21595,21595,163
2025-03-17 13:19:00,21593,21594,21592,21593,224
2025-03-17 13:20:00,21590,21591,21588,21590,318
2025-03-17 13:21:00,21593,21595,21593,21593,386
2025-03-17 13:22:00,21596,21598,21596,21597,323
2025-03-17 13:23:00,21597,21598,21597,21597,1
2025-03-17 13:24:00,21596,21596,21593,21594,387
2025-03-17 13:25:00,21597,21597,21597,21597,413
2025-03-17 13:26:00,21596,21596,21595,21596,487
2025-03-17 13:27:00,21597,21597,21596,21596,1
2025-03-17 13:28:00,21595,21595,21595,21595,477
2025-03-17 13:29:00,21596,21596,21596,21596,153
2025-03-17 13:30:00,21592,21594,21589,21593,36
2025-03-17 13:31:00,21596,21596,21595,21595,324
2025-03-17 13:32:00,21591,21597,21591,21595,293
2025-03-17 13:33:00,21588,21590,21587,21588,340
2025-03-17 13:34:00,21590,21594,21585,21590,271
2025-03-17 13:35:00,21581,21581,21581,21581,139
2025-03-17 13:36:00,21590,21599,21582,21585,312
2025-03-17 13:37:00,21587,21587,21583,21584,1
2025-03-17 13:38:00,21594,21598,21588,21592,555
2025-03-17 13:39:00,21601,21602,21601,21601,374
2025-03-17 13:40:00,21607,21607,21604,21607,1
2025-03-17 13:41:00,21606,21607,21606,21606,191
2025-03-17 13:42:00,21606,21607,21602,21606,644
2025-03-17 13:43:00,21604,21607,21604,21605,59
2025-03-17 13:44:00,21606,21606,21602,21604,172
2025-03-18 08:45:00,21619,21620,21618,21619,265
2025-03-18 08:46:00,21624,21624,21622,21624,275
2025-03-18 08:47:00,21617,21617,21617,21617,207
2025-03-18 08:48:00,21611,21611,21611,21611,144
2025-03-18 08:49:00,21607,21607,21607,21607,407
2025-03-18 08:50:00,21615,21617,21614,21616,208
2025-03-18 08:51:00,21613,21616,21613,21614,321
2025-03-18 08:52:00,21612,21617,21609,21613,320
2025-03-18 08:53:00,21610,21610,21607,21607,313
2025-03-18 08:54:00,21611,21611,21609,21610,343
2025-03-18 08:55:00,21615,21617,21614,21615,198
2025-03-18 08:56:00,21621,21622,21619,21621,194
2025-03-18 08:57:00,21624,21625,21623,21624,287
2025-03-18 08:58:00,21629,21630,21628,21629,486
2025-03-18 08:59:00,21630,21630,21628,21630,329
2025-03-18 09:00:00,21632,21632,21630,21631,229
2025-03-18 09:01:00,21624,21624,21624,21624,242
2025-03-18 09:02:00,21625,21625,21624,21624,350
2025-03-18 09:03:00,21621,21621,21619,21620,264
2025-03-18 09:04:00,21608,21611,21608,21609,86
2025-03-18 09:05:00,21607,21607,21607,21607,270
2025-03-18 09:06:00,21607,21608,21605,21606,226
2025-03-18 09:07:00,21603,21607,21603,21604,151
2025-03-18 09:08:00,21597,21597,21596,21597,215
2025-03-18 09:09:00,21600,21600,21600,21600,132
2025-03-18 09:10:00,21592,21594,21590,21593,276
2025-03-18 09:11:00,21597,21597,21592,21594,226
2025-03-18 09:12:00,21590,21591,21589,21590,218
2025-03-18 09:13:00,21593,21594,21589,21593,18
2025-03-18 09:14:00,21595,21595,21593,21595,361
2025-03-18 09:15:00,21594,21596,21591,21593,48
2025-03-18 09:16:00,21595,21596,21594,21595,197
2025-03-18 09:17:00,21601,21601,21600,21601,201
2025-03-18 09:18:00,21605,21609,21602,21605,235
2025-03-18 09:19:00,21605,21605,21597,21603,158
2025-03-18 09:20:00,21609,21610,21609,21609,157
2025-03-18 09:21:00,21608,21608,21608,21608,342
2025-03-18 09:22:00,21609,21610,21609,21610,308
2025-03-18 09:23:00,21612,21612,21611,21612,153
2025-03-18 09:24:00,21614,21614,21613,21614,317
2025-03-18 09:25:00,21614,21618,21612,21616,123
2025-03-18 09:26:00,21617,21617,21617,21617,309
2025-03-18 09:27:00,21621,21621,21621,21621,218
2025-03-18 09:28:00,21622,21622,21618,21619,201
2025-03-18 09:29:00,21617,21617,21616,21617,111
2025-03-18 09:30:00,21614,21615,21612,21614,138
2025-03-18 09:31:00,21615,21618,21612,21615,65
2025-03-18 09:32:00,21616,21616,21616,21616,89
2025-03-18 09:33:00,21615,21616,21608,21615,93
2025-03-18 09:34:00,21615,21616,21614,21614,133
2025-03-18 09:35:00,21608,21610,21608,21608,232
2025-03-18 09:36:00,21608,21608,21608,21608,54
2025-03-18 09:37:00,21610,21612,21608,21610,71
2025-03-18 09:38:00,21610,21610,21610,21610,199
2025-03-18 09:39:00,21608,21609,21608,21608,215
2025-03-18 09:40:00,21604,21605,21603,21604,134
2025-03-18 09:41:00,21607,21608,21607,21607,155
2025-03-18 09:42:00,21604,21606,21604,21605,152
2025-03-18 09:43:00,21596,21601,21594,21596,1
2025-03-18 09:44:00,21595,21596,21595,21595,209
2025-03-18 09:45:00,21598,21598,21598,21598,17
2025-03-18 09:46:00,21599,21599,21599,21599,110
2025-03-18 09:47:00,21600,21600,21600,21600,179
2025-03-18 09:48:00,21600,21601,21600,21600,175
2025-03-18 09:49:00,21600,21600,21600,21600,210
2025-03-18 09:50:00,21604,21606,21603,21603,206
2025-03-18 09:51:00,21604,21604,21603,21604,194
2025-03-18 09:52:00,21602,21612,21602,21604,254
2025-03-18 09:53:00,21605,21606,21604,21605,235
2025-03-18 09:54:00,21607,21607,21607,21607,245
2025-03-18 09:55:00,21610,21610,21609,21609,82
2025-03-18 09:56:00,21609,21609,21608,21609,189
2025-03-18 09:57:00,21614,21614,21613,21614,100
2025-03-18 09:58:00,21609,21610,21607,21609,256
2025-03-18 09:59:00,21605,21605,21605,21605,238
2025-03-18 10:00:00,21604,21605,21602,21604,271
2025-03-18 10:01:00,21607,21607,21607,21607,208
2025-03-18 10:02:00,21612,21614,21610,21613,81
2025-03-18 10:03:00,21609,21609,21608,21609,172
2025-03-18 10:04:00,21612,21612,21610,21611,172
2025-03-18 10:05:00,21614,21614,21613,21614,113
2025-03-18 10:06:00,21611,21612,21609,21610,204
2025-03-18 10:07:00,21611,21611,21610,21611,202
2025-03-18 10:08:00,21612,21612,21612,21612,236
2025-03-18 10:09:00,21610,21610,21608,21609,171
2025-03-18 10:10:00,21605,21606,21602,21605,233
2025-03-18 10:11:00,21605,21605,21605,21605,66
2025-03-18 10:12:00,21607,21608,21607,21608,31
2025-03-18 10:13:00,21611,21611,21610,21610,215
2025-03-18 10:14:00,21610,21611,21609,21611,139
2025-03-18 10:15:00,21609,21610,21609,21610,213
2025-03-18 10:16:00,21606,21606,21606,21606,212
2025-03-18 10:17:00,21609,21609,21609,21609,116
2025-03-18 10:18:00,21606,21606,21604,21606,261
2025-03-18 10:19:00,21608,21609,21608,21608,234
2025-03-18 10:20:00,21606,21607,21606,21607,153
2025-03-18 10:21:00,21611,21611,21611,21611,208
2025-03-18 10:22:00,21607,21607,21607,21607,171
2025-03-18 10:23:00,21611,21611,21609,21610,193
2025-03-18 10:24:00,21608,21609,21608,21608,231
2025-03-18 10:25:00,21609,21610,21609,21609,148
2025-03-18 10:26:00,21606,21606,21606,21606,157
2025-03-18 10:27:00,21607,21610,21606,21607,192
2025-03-18 10:28:00,21611,21612,21609,21610,68
2025-03-18 10:29:00,21610,21611,21610,21610,345
2025-03-18 10:30:00,21613,21615,21613,21615,287
2025-03-18 10:31:00,21617,21618,21617,21618,160
2025-03-18 10:32:00,21619,21619,21618,21618,321
2025-03-18 10:33:00,21613,21614,21613,21613,284
2025-03-18 10:34:00,21610,21610,21609,21610,142
2025-03-18 10:35:00,21610,21610,21609,21610,347
2025-03-18 10:36:00,21617,21618,21616,21616,222
2025-03-18 10:37:00,21616,21617,21614,21616,166
2025-03-18 10:38:00,21616,21616,21616,21616,113
2025-03-18 10:39:00,21614,21614,21611,21614,53
2025-03-18 10:40:00,21619,21619,21617,21619,197
2025-03-18 10:41:00,21619,21619,21619,21619,253
2025-03-18 10:42:00,21614,21616,21613,21614,275
2025-03-18 10:43:00,21614,21614,21612,21612,129
2025-03-18 10:44:00,21612,21613,21612,21612,193
2025-03-18 10:45:00,21613,21614,21611,21613,109
2025-03-18 10:46:00,21609,21610,21609,21609,186
2025-03-18 10:47:00,21608,21608,21608,21608,136
2025-03-18 10:48:00,21609,21609,21608,21609,192
2025-03-18 10:49:00,21607,21607,21605,21606,199
2025-03-18 10:50:00,21604,21604,21604,21604,113
2025-03-18 10:51:00,21600,21600,21599,21600,127
2025-03-18 10:52:00,21599,21602,21599,21601,173
2025-03-18 10:53:00,21598,21600,21597,21598,65
2025-03-18 10:54:00,21594,21598,21594,21595,110
2025-03-18 10:55:00,21597,21597,21596,21597,107
2025-03-18 10:56:00,21597,21598,21596,21597,132
2025-03-18 10:57:00,21594,21595,21594,21594,150
2025-03-18 10:58:00,21592,21598,21588,21591,204
2025-03-18 10:59:00,21592,21592,21591,21592,176
2025-03-18 11:00:00,21590,21590,21590,21590,85
2025-03-18 11:01:00,21586,21587,21586,21587,232
2025-03-18 11:02:00,21587,21590,21586,21587,190
2025-03-18 11:03:00,21587,21588,21587,21587,157
2025-03-18 11:04:00,21593,21593,21593,21593,241
2025-03-18 11:05:00,21591,21592,21590,21591,97
2025-03-18 11:06:00,21593,21595,21590,21592,100
2025-03-18 11:07:00,21592,21593,21591,21592,71
2025-03-18 11:08:00,21592,21594,21591,21591,162
2025-03-18 11:09:00,21594,21595,21594,21595,185
2025-03-18 11:10:00,21592,21593,21592,21592,186
2025-03-18 11:11:00,21593,21594,21593,21593,111
2025-03-18 11:12:00,21591,21591,21591,21591,109
2025-03-18 11:13:00,21592,21592,21592,21592,133
2025-03-18 11:14:00,21593,21593,21592,21592,170
2025-03-18 11:15:00,21596,21596,21596,21596,179
2025-03-18 11:16:00,21595,21595,21595,21595,225
2025-03-18 11:17:00,21594,21594,21593,21594,340
2025-03-18 11:18:00,21592,21592,21591,21591,120
2025-03-18 11:19:00,21591,21592,21591,21592,1
2025-03-18 11:20:00,21595,21595,21595,21595,211
2025-03-18 11:21:00,21599,21599,21599,21599,166
2025-03-18 11:22:00,21597,21600,21597,21598,126
2025-03-18 11:23:00,21599,21599,21598,21599,38
2025-03-18 11:24:00,21601,21601,21601,21601,132
2025-03-18 11:25:00,21595,21596,21594,21595,185
2025-03-18 11:26:00,21596,21597,21596,21596,202
2025-03-18 11:27:00,21594,21596,21594,21594,8
2025-03-18 11:28:00,21591,21591,21591,21591,166
2025-03-18 11:29:00,21594,21598,21593,21594,162
2025-03-18 11:30:00,21590,21590,21590,21590,233
2025-03-18 11:31:00,21594,21594,21593,21593,130
2025-03-18 11:32:00,21595,21595,21589,21594,168
2025-03-18 11:33:00,21593,21596,21587,21592,118
2025-03-18 11:34:00,21591,21592,21590,21591,187
2025-03-18 11:35:00,21594,21595,21592,21595,72
2025-03-18 11:36:00,21595,21595,21594,21595,91
2025-03-18 11:37:00,21597,21597,21597,21597,70
2025-03-18 11:38:00,21595,21597,21594,21596,301
2025-03-18 11:39:00,21595,21597,21595,21596,260
2025-03-18 11:40:00,21596,21596,21596,21596,51
2025-03-18 11:41:00,21594,21595,21594,21595,36
2025-03-18 11:42:00,21597,21597,21592,21593,231
2025-03-18 11:43:00,21592,21594,21592,21593,163
2025-03-18 11:44:00,21590,21590,21588,21589,109
2025-03-18 11:45:00,21593,21595,21591,21593,178
2025-03-18 11:46:00,21591,21592,21591,21591,179
2025-03-18 11:47:00,21591,21591,21591,21591,212
2025-03-18 11:48:00,21589,21591,21586,21589,285
2025-03-18 11:49:00,21591,21592,21590,21591,253
2025-03-18 11:50:00,21594,21595,21592,21594,16
2025-03-18 11:51:00,21592,21592,21589,21590,225
2025-03-18 11:52:00,21587,21589,21585,21588,439
2025-03-18 11:53:00,21583,21584,21582,21583,75
2025-03-18 11:54:00,21588,21589,21587,21588,202
2025-03-18 11:55:00,21588,21589,21586,21588,59
2025-03-18 11:56:00,21587,21587,21587,21587,132
2025-03-18 11:57:00,21588,21588,21588,21588,92
2025-03-18 11:58:00,21588,21590,21584,21589,261
2025-03-18 11:59:00,21590,21591,21590,21590,225
2025-03-18 12:00:00,21591,21591,21590,21591,126
2025-03-18 12:01:00,21594,21594,21593,21594,70
2025-03-18 12:02:00,21598,21598,21598,21598,182
2025-03-18 12:03:00,21604,21604,21602,21603,105
2025-03-18 12:04:00,21598,21600,21598,21598,64
2025-03-18 12:05:00,21596,21597,21595,21596,195
2025-03-18 12:06:00,21599,21599,21596,21598,242
2025-03-18 12:07:00,21599,21603,21599,21601,236
2025-03-18 12:08:00,21599,21599,21599,21599,363
2025-03-18 12:09:00,21602,21603,21602,21602,280
2025-03-18 12:10:00,21597,21597,21596,21596,214
2025-03-18 12:11:00,21594,21594,21592,21594,244
2025-03-18 12:12:00,21590,21590,21589,21589,183
2025-03-18 12:13:00,21581,21583,21581,21581,123
2025-03-18 12:14:00,21578,21579,21576,21578,163
2025-03-18 12:15:00,21582,21583,21581,21582,294
2025-03-18 12:16:00,21580,21580,21580,21580,115
2025-03-18 12:17:00,21583,21586,21580,21582,268
2025-03-18 12:18:00,21583,21583,21583,21583,192
2025-03-18 12:19:00,21585,21587,21585,21586,148
2025-03-18 12:20:00,21584,21584,21583,21584,1
2025-03-18 12:21:00,21582,21583,21582,21582,91
2025-03-18 12:22:00,21574,21577,21572,21575,258
2025-03-18 12:23:00,21577,21577,21577,21577,251
2025-03-18 12:24:00,21575,21578,21575,21576,156
2025-03-18 12:25:00,21572,21572,21571,21572,233
2025-03-18 12:26:00,21568,21568,21568,21568,181
2025-03-18 12:27:00,21571,21571,21571,21571,381
2025-03-18 12:28:00,21569,21570,21569,21570,166
2025-03-18 12:29:00,21565,21565,21565,21565,45
2025-03-18 12:30:00,21562,21562,21560,21561,194
2025-03-18 12:31:00,21562,21563,21562,21562,192
2025-03-18 12:32:00,21557,21558,21557,21558,129
2025-03-18 12:33:00,21558,21558,21557,21558,188
2025-03-18 12:34:00,21563,21563,21562,21562,100
2025-03-18 12:35:00,21564,21564,21562,21562,181
2025-03-18 12:36:00,21567,21569,21565,21568,201
2025-03-18 12:37:00,21575,21579,21574,21575,116
2025-03-18 12:38:00,21569,21570,21569,21569,120
2025-03-18 12:39:00,21568,21569,21568,21569,360
2025-03-18 12:40:00,21571,21571,21571,21571,207
2025-03-18 12:41:00,21569,21575,21569,21572,137
2025-03-18 12:42:00,21579,21579,21579,21579,73
2025-03-18 12:43:00,21579,21581,21578,21579,284
2025-03-18 12:44:00,21582,21582,21580,21581,176
2025-03-18 12:45:00,21579,21579,21579,21579,51
2025-03-18 12:46:00,21576,21577,21575,21577,79
2025-03-18 12:47:00,21575,21575,21575,21575,113
2025-03-18 12:48:00,21576,21576,21575,21576,231
2025-03-18 12:49:00,21575,21576,21575,21575,214
2025-03-18 12:50:00,21576,21576,21575,21576,281
2025-03-18 12:51:00,21576,21576,21576,21576,251
2025-03-18 12:52:00,21573,21575,21573,21574,158
2025-03-18 12:53:00,21575,21580,21575,21576,344
2025-03-18 12:54:00,21573,21575,21571,21573,169
2025-03-18 12:55:00,21573,21575,21573,21574,259
2025-03-18 12:56:00,21572,21574,21572,21572,153
2025-03-18 12:57:00,21573,21573,21573,21573,197
2025-03-18 12:58:00,21574,21574,21574,21574,132
2025-03-18 12:59:00,21574,21574,21571,21573,154
2025-03-18 13:00:00,21570,21570,21568,21569,158
2025-03-18 13:01:00,21565,21565,21564,21565,109
2025-03-18 13:02:00,21567,21567,21567,21567,280
2025-03-18 13:03:00,21567,21568,21567,21567,237
2025-03-18 13:04:00,21567,21568,21567,21567,178
2025-03-18 13:05:00,21563,21563,21563,21563,312
2025-03-18 13:06:00,21563,21563,21562,21563,228
2025-03-18 13:07:00,21559,21559,21558,21559,52
2025-03-18 13:08:00,21561,21562,21559,21561,294
2025-03-18 13:09:00,21560,21561,21560,21560,230
2025-03-18 13:10:00,21559,21560,21556,21557,156
2025-03-18 13:11:00,21555,21555,21554,21554,68
2025-03-18 13:12:00,21550,21557,21548,21551,238
2025-03-18 13:13:00,21552,21552,21549,21552,185
2025-03-18 13:14:00,21554,21554,21554,21554,229
2025-03-18 13:15:00,21552,21552,21552,21552,271
2025-03-18 13:16:00,21554,21555,21554,21554,375
2025-03-18 13:17:00,21548,21549,21547,21548,179
2025-03-18 13:18:00,21554,21555,21554,21554,271
2025-03-18 13:19:00,21554,21554,21552,21553,402
2025-03-18 13:20:00,21549,21550,21547,21549,153
2025-03-18 13:21:00,21548,21549,21547,21548,71
2025-03-18 13:22:00,21547,21547,21546,21547,367
2025-03-18 13:23:00,21546,21546,21546,21546,368
2025-03-18 13:24:00,21551,21552,21546,21549,216
2025-03-18 13:25:00,21557,21557,21554,21557,361
2025-03-18 13:26:00,21561,21562,21560,21560,534
2025-03-18 13:27:00,21562,21563,21562,21563,513
2025-03-18 13:28:00,21566,21571,21555,21562,379
2025-03-18 13:29:00,21569,21569,21563,21565,398
2025-03-18 13:30:00,21560,21560,21560,21560,109
2025-03-18 13:31:00,21561,21561,21561,21561,338
2025-03-18 13:32:00,21558,21558,21558,21558,259
2025-03-18 13:33:00,21561,21563,21560,21561,106
2025-03-18 13:34:00,21562,21564,21562,21563,98
2025-03-18 13:35:00,21567,21567,21562,21566,223
2025-03-18 13:36:00,21570,21572,21567,21568,605
2025-03-18 13:37:00,21567,21568,21567,21567,1
2025-03-18 13:38:00,21562,21563,21559,21562,1
2025-03-18 13:39:00,21556,21557,21556,21557,400
2025-03-18 13:40:00,21562,21562,21560,21562,321
2025-03-18 13:41:00,21564,21564,21564,21564,461
2025-03-18 13:42:00,21569,21569,21568,21569,138
2025-03-18 13:43:00,21575,21577,21572,21572,284
2025-03-18 13:44:00,21570,21571,21568,21569,297
2025-03-19 08:45:00,21583,21583,21573,21582,544
2025-03-19 08:46:00,21584,21585,21583,21585,282
2025-03-19 08:47:00,21585,21589,21579,21587,201
2025-03-19 08:48:00,21587,21589,21587,21588,218
2025-03-19 08:49:00,21586,21586,21586,21586,442
2025-03-19 08:50:00,21590,21590,21590,21590,77
2025-03-19 08:51:00,21598,21598,21597,21598,598
2025-03-19 08:52:00,21601,21603,21600,21602,294
2025-03-19 08:53:00,21597,21599,21596,21597,300
2025-03-19 08:54:00,21602,21605,21601,21602,93
2025-03-19 08:55:00,21607,21609,21604,21606,159
2025-03-19 08:56:00,21599,21601,21596,21599,420
2025-03-19 08:57:00,21595,21599,21595,21596,302
2025-03-19 08:58:00,21596,21596,21595,21596,415
2025-03-19 08:59:00,21591,21592,21590,21592,417
2025-03-19 09:00:00,21599,21600,21596,21598,83
2025-03-19 09:01:00,21591,21593,21586,21592,98
2025-03-19 09:02:00,21589,21591,21586,21589,235
2025-03-19 09:03:00,21597,21597,21594,21594,148
2025-03-19 09:04:00,21591,21591,21584,21589,1
2025-03-19 09:05:00,21592,21593,21592,21593,252
2025-03-19 09:06:00,21597,21597,21597,21597,519
2025-03-19 09:07:00,21599,21599,21596,21598,265
2025-03-19 09:08:00,21595,21596,21595,21596,134
2025-03-19 09:09:00,21603,21604,21600,21602,381
2025-03-19 09:10:00,21603,21604,21602,21603,278
2025-03-19 09:11:00,21601,21601,21601,21601,130
2025-03-19 09:12:00,21596,21596,21596,21596,181
2025-03-19 09:13:00,21597,21597,21597,21597,371
2025-03-19 09:14:00,21604,21605,21603,21605,155
2025-03-19 09:15:00,21599,21606,21599,21601,322
2025-03-19 09:16:00,21604,21604,21602,21602,97
2025-03-19 09:17:00,21605,21607,21603,21605,294
2025-03-19 09:18:00,21609,21609,21608,21609,324
2025-03-19 09:19:00,21607,21608,21602,21606,125
2025-03-19 09:20:00,21604,21605,21603,21604,94
2025-03-19 09:21:00,21600,21600,21600,21600,214
2025-03-19 09:22:00,21602,21602,21600,21601,43
2025-03-19 09:23:00,21603,21603,21602,21603,107
2025-03-19 09:24:00,21606,21606,21604,21605,149
2025-03-19 09:25:00,21604,21605,21604,21605,154
2025-03-19 09:26:00,21605,21606,21605,21605,193
2025-03-19 09:27:00,21612,21612,21612,21612,89
2025-03-19 09:28:00,21607,21609,21607,21607,97
2025-03-19 09:29:00,21612,21612,21605,21608,236
2025-03-19 09:30:00,21611,21612,21611,21611,87
2025-03-19 09:31:00,21613,21613,21613,21613,289
2025-03-19 09:32:00,21608,21611,21607,21608,318
2025-03-19 09:33:00,21609,21610,21609,21610,297
2025-03-19 09:34:00,21605,21607,21605,21606,186
2025-03-19 09:35:00,21607,21607,21607,21607,267
2025-03-19 09:36:00,21609,21609,21608,21609,272
2025-03-19 09:37:00,21614,21615,21614,21614,153
2025-03-19 09:38:00,21619,21619,21619,21619,216
2025-03-19 09:39:00,21622,21623,21622,21622,72
2025-03-19 09:40:00,21618,21619,21617,21618,137
2025-03-19 09:41:00,21614,21615,21614,21614,50
2025-03-19 09:42:00,21618,21618,21618,21618,80
2025-03-19 09:43:00,21619,21622,21618,21619,224
2025-03-19 09:44:00,21612,21614,21612,21613,198
2025-03-19 09:45:00,21616,21619,21615,21616,75
2025-03-19 09:46:00,21616,21617,21616,21616,237
2025-03-19 09:47:00,21617,21617,21617,21617,1
2025-03-19 09:48:00,21616,21621,21613,21616,104
2025-03-19 09:49:00,21615,21615,21614,21614,1
2025-03-19 09:50:00,21614,21615,21614,21614,106
2025-03-19 09:51:00,21613,21613,21613,21613,1
2025-03-19 09:52:00,21613,21613,21612,21613,324
2025-03-19 09:53:00,21615,21615,21614,21615,134
2025-03-19 09:54:00,21614,21615,21613,21614,306
2025-03-19 09:55:00,21617,21617,21617,21617,117
2025-03-19 09:56:00,21618,21618,21618,21618,47
2025-03-19 09:57:00,21620,21620,21620,21620,57
2025-03-19 09:58:00,21620,21621,21620,21620,61
2025-03-19 09:59:00,21625,21625,21623,21624,49
2025-03-19 10:00:00,21620,21620,21620,21620,209
2025-03-19 10:01:00,21618,21619,21618,21618,196
2025-03-19 10:02:00,21622,21624,21622,21622,217
2025-03-19 10:03:00,21622,21623,21621,21622,208
2025-03-19 10:04:00,21616,21619,21616,21617,247
2025-03-19 10:05:00,21619,21621,21619,21620,238
2025-03-19 10:06:00,21618,21619,21618,21618,264
2025-03-19 10:07:00,21619,21619,21616,21618,278
2025-03-19 10:08:00,21616,21616,21616,21616,209
2025-03-19 10:09:00,21614,21615,21614,21615,45
2025-03-19 10:10:00,21614,21615,21614,21614,218
2025-03-19 10:11:00,21613,21613,21612,21612,110
2025-03-19 10:12:00,21610,21610,21610,21610,125
2025-03-19 10:13:00,21615,21620,21613,21614,188
2025-03-19 10:14:00,21614,21615,21614,21614,182
2025-03-19 10:15:00,21612,21612,21611,21611,154
2025-03-19 10:16:00,21604,21607,21603,21605,97
2025-03-19 10:17:00,21599,21602,21594,21599,199
2025-03-19 10:18:00,21598,21598,21598,21598,332
2025-03-19 10:19:00,21602,21603,21597,21602,149
2025-03-19 10:20:00,21602,21602,21601,21602,63
2025-03-19 10:21:00,21601,21603,21599,21601,220
2025-03-19 10:22:00,21600,21600,21597,21597,226
2025-03-19 10:23:00,21599,21600,21597,21600,190
2025-03-19 10:24:00,21602,21602,21601,21601,309
2025-03-19 10:25:00,21600,21600,21600,21600,231
2025-03-19 10:26:00,21603,21604,21603,21604,52
2025-03-19 10:27:00,21599,21599,21599,21599,72
2025-03-19 10:28:00,21598,21600,21597,21599,218
2025-03-19 10:29:00,21602,21606,21595,21602,133
2025-03-19 10:30:00,21602,21603,21601,21603,202
2025-03-19 10:31:00,21607,21607,21606,21606,175
2025-03-19 10:32:00,21603,21605,21603,21604,110
2025-03-19 10:33:00,21604,21604,21604,21604,277
2025-03-19 10:34:00,21601,21601,21601,21601,129
2025-03-19 10:35:00,21603,21605,21602,21603,140
2025-03-19 10:36:00,21605,21605,21605,21605,211
2025-03-19 10:37:00,21607,21607,21606,21607,131
2025-03-19 10:38:00,21607,21608,21607,21608,130
2025-03-19 10:39:00,21615,21616,21615,21615,135
2025-03-19 10:40:00,21623,21623,21620,21621,82
2025-03-19 10:41:00,21616,21616,21616,21616,121
2025-03-19 10:42:00,21618,21618,21617,21618,252
2025-03-19 10:43:00,21614,21617,21614,21615,15
2025-03-19 10:44:00,21612,21612,21612,21612,225
2025-03-19 10:45:00,21610,21610,21610,21610,175
2025-03-19 10:46:00,21605,21607,21605,21607,173
2025-03-19 10:47:00,21600,21601,21599,21600,179
2025-03-19 10:48:00,21601,21601,21601,21601,105
2025-03-19 10:49:00,21596,21596,21596,21596,4
2025-03-19 10:50:00,21599,21599,21599,21599,194
2025-03-19 10:51:00,21596,21597,21595,21596,315
2025-03-19 10:52:00,21597,21604,21593,21597,112
2025-03-19 10:53:00,21600,21601,21600,21601,152
2025-03-19 10:54:00,21602,21602,21602,21602,78
2025-03-19 10:55:00,21605,21605,21602,21604,123
2025-03-19 10:56:00,21600,21601,21600,21600,100
2025-03-19 10:57:00,21599,21601,21599,21600,183
2025-03-19 10:58:00,21601,21602,21600,21601,73
2025-03-19 10:59:00,21599,21599,21598,21599,147
2025-03-19 11:00:00,21601,21604,21600,21602,250
2025-03-19 11:01:00,21600,21601,21600,21600,187
2025-03-19 11:02:00,21600,21601,21599,21600,127
2025-03-19 11:03:00,21601,21603,21600,21601,224
2025-03-19 11:04:00,21600,21600,21597,21600,39
2025-03-19 11:05:00,21598,21602,21595,21597,316
2025-03-19 11:06:00,21596,21598,21595,21598,71
2025-03-19 11:07:00,21601,21602,21598,21601,112
2025-03-19 11:08:00,21599,21599,21598,21598,76
2025-03-19 11:09:00,21596,21596,21595,21596,158
2025-03-19 11:10:00,21593,21593,21592,21592,95
2025-03-19 11:11:00,21589,21591,21588,21590,92
2025-03-19 11:12:00,21590,21590,21589,21590,118
2025-03-19 11:13:00,21590,21590,21589,21590,166
2025-03-19 11:14:00,21592,21592,21592,21592,62
2025-03-19 11:15:00,21595,21597,21595,21595,114
2025-03-19 11:16:00,21599,21599,21598,21598,225
2025-03-19 11:17:00,21597,21597,21597,21597,110
2025-03-19 11:18:00,21594,21594,21594,21594,45
2025-03-19 11:19:00,21593,21596,21593,21595,164
2025-03-19 11:20:00,21593,21594,21591,21592,148
2025-03-19 11:21:00,21591,21591,21590,21590,82
2025-03-19 11:22:00,21591,21591,21591,21591,93
2025-03-19 11:23:00,21590,21591,21588,21589,153
2025-03-19 11:24:00,21591,21593,21590,21592,67
2025-03-19 11:25:00,21590,21590,21590,21590,167
2025-03-19 11:26:00,21589,21589,21589,21589,143
2025-03-19 11:27:00,21587,21588,21586,21587,88
2025-03-19 11:28:00,21591,21591,21591,21591,6
2025-03-19 11:29:00,21588,21590,21588,21589,178
2025-03-19 11:30:00,21586,21587,21586,21587,142
2025-03-19 11:31:00,21591,21592,21590,21591,94
2025-03-19 11:32:00,21591,21591,21591,21591,117
2025-03-19 11:33:00,21584,21585,21583,21584,31
2025-03-19 11:34:00,21583,21585,21583,21583,238
2025-03-19 11:35:00,21582,21583,21581,21582,303
2025-03-19 11:36:00,21583,21584,21583,21584,50
2025-03-19 11:37:00,21585,21585,21583,21584,153
2025-03-19 11:38:00,21583,21584,21583,21583,106
2025-03-19 11:39:00,21586,21589,21582,21587,143
2025-03-19 11:40:00,21589,21593,21587,21589,84
2025-03-19 11:41:00,21589,21590,21588,21589,141
2025-03-19 11:42:00,21588,21588,21588,21588,186
2025-03-19 11:43:00,21586,21586,21586,21586,245
2025-03-19 11:44:00,21583,21583,21581,21582,138
2025-03-19 11:45:00,21582,21582,21581,21582,75
2025-03-19 11:46:00,21584,21585,21584,21584,204
2025-03-19 11:47:00,21583,21586,21583,21584,278
2025-03-19 11:48:00,21588,21588,21586,21587,454
2025-03-19 11:49:00,21585,21587,21585,21586,93
2025-03-19 11:50:00,21581,21581,21580,21581,93
2025-03-19 11:51:00,21578,21578,21577,21578,341
2025-03-19 11:52:00,21576,21577,21576,21577,132
2025-03-19 11:53:00,21579,21580,21579,21579,207
2025-03-19 11:54:00,21581,21582,21579,21580,105
2025-03-19 11:55:00,21573,21574,21573,21573,1
2025-03-19 11:56:00,21576,21578,21576,21577,145
2025-03-19 11:57:00,21572,21572,21571,21572,113
2025-03-19 11:58:00,21572,21575,21567,21571,1
2025-03-19 11:59:00,21572,21574,21570,21573,64
2025-03-19 12:00:00,21571,21573,21571,21571,85
2025-03-19 12:01:00,21574,21574,21574,21574,83
2025-03-19 12:02:00,21568,21572,21568,21570,1
2025-03-19 12:03:00,21574,21574,21571,21573,157
2025-03-19 12:04:00,21579,21579,21574,21577,177
2025-03-19 12:05:00,21576,21578,21574,21576,144
2025-03-19 12:06:00,21579,21580,21579,21579,238
2025-03-19 12:07:00,21584,21584,21583,21584,205
2025-03-19 12:08:00,21580,21585,21580,21582,28
2025-03-19 12:09:00,21579,21581,21574,21577,243
2025-03-19 12:10:00,21579,21579,21579,21579,121
2025-03-19 12:11:00,21582,21583,21582,21583,252
2025-03-19 12:12:00,21583,21583,21583,21583,99
2025-03-19 12:13:00,21583,21584,21583,21584,1
2025-03-19 12:14:00,21582,21584,21582,21583,234
2025-03-19 12:15:00,21587,21587,21586,21587,192
2025-03-19 12:16:00,21582,21583,21580,21581,263
2025-03-19 12:17:00,21577,21580,21575,21577,141
2025-03-19 12:18:00,21576,21578,21575,21576,267
2025-03-19 12:19:00,21573,21575,21573,21573,212
2025-03-19 12:20:00,21575,21575,21574,21575,119
2025-03-19 12:21:00,21573,21574,21573,21574,161
2025-03-19 12:22:00,21582,21583,21581,21582,323
2025-03-19 12:23:00,21581,21583,21579,21580,161
2025-03-19 12:24:00,21580,21580,21577,21579,89
2025-03-19 12:25:00,21577,21579,21577,21578,251
2025-03-19 12:26:00,21580,21580,21577,21579,71
2025-03-19 12:27:00,21574,21575,21574,21574,149
2025-03-19 12:28:00,21575,21580,21575,21578,204
2025-03-19 12:29:00,21584,21585,21584,21585,253
2025-03-19 12:30:00,21584,21587,21582,21584,77
2025-03-19 12:31:00,21586,21587,21585,21585,221
2025-03-19 12:32:00,21588,21590,21587,21589,318
2025-03-19 12:33:00,21591,21591,21591,21591,265
2025-03-19 12:34:00,21588,21588,21587,21587,256
2025-03-19 12:35:00,21583,21584,21582,21583,145
2025-03-19 12:36:00,21580,21581,21580,21580,125
2025-03-19 12:37:00,21577,21577,21577,21577,102
2025-03-19 12:38:00,21574,21574,21574,21574,196
2025-03-19 12:39:00,21576,21577,21574,21576,117
2025-03-19 12:40:00,21580,21581,21580,21580,249
2025-03-19 12:41:00,21581,21581,21581,21581,190
2025-03-19 12:42:00,21580,21580,21577,21579,135
2025-03-19 12:43:00,21579,21579,21577,21578,110
2025-03-19 12:44:00,21582,21582,21582,21582,132
2025-03-19 12:45:00,21589,21589,21587,21588,130
2025-03-19 12:46:00,21592,21593,21588,21593,176
2025-03-19 12:47:00,21597,21601,21596,21597,43
2025-03-19 12:48:00,21595,21597,21595,21595,141
2025-03-19 12:49:00,21594,21595,21594,21595,160
2025-03-19 12:50:00,21589,21590,21588,21589,59
2025-03-19 12:51:00,21591,21592,21589,21591,256
2025-03-19 12:52:00,21592,21595,21592,21592,380
2025-03-19 12:53:00,21595,21597,21595,21596,249
2025-03-19 12:54:00,21597,21598,21597,21597,150
2025-03-19 12:55:00,21598,21600,21597,21599,224
2025-03-19 12:56:00,21597,21600,21597,21598,141
2025-03-19 12:57:00,21605,21606,21602,21604,245
2025-03-19 12:58:00,21603,21604,21600,21603,262
2025-03-19 12:59:00,21600,21601,21600,21600,224
2025-03-19 13:00:00,21599,21599,21599,21599,165
2025-03-19 13:01:00,21596,21596,21595,21596,123
2025-03-19 13:02:00,21597,21597,21597,21597,240
2025-03-19 13:03:00,21595,21595,21595,21595,306
2025-03-19 13:04:00,21597,21598,21597,21597,119
2025-03-19 13:05:00,21600,21600,21599,21600,220
2025-03-19 13:06:00,21605,21605,21602,21603,147
2025-03-19 13:07:00,21610,21610,21610,21610,72
2025-03-19 13:08:00,21609,21610,21609,21609,204
2025-03-19 13:09:00,21610,21613,21609,21610,17
2025-03-19 13:10:00,21609,21610,21608,21610,184
2025-03-19 13:11:00,21613,21613,21612,21612,192
2025-03-19 13:12:00,21617,21617,21613,21614,94
2025-03-19 13:13:00,21610,21610,21610,21610,184
2025-03-19 13:14:00,21606,21606,21606,21606,142
2025-03-19 13:15:00,21613,21614,21612,21613,207
2025-03-19 13:16:00,21609,21610,21609,21610,322
2025-03-19 13:17:00,21617,21618,21616,21616,249
2025-03-19 13:18:00,21619,21619,21618,21619,303
2025-03-19 13:19:00,21615,21615,21615,21615,267
2025-03-19 13:20:00,21614,21618,21614,21615,210
2025-03-19 13:21:00,21619,21619,21618,21619,175
2025-03-19 13:22:00,21622,21622,21622,21622,353
2025-03-19 13:23:00,21620,21621,21619,21620,162
2025-03-19 13:24:00,21619,21621,21618,21619,206
2025-03-19 13:25:00,21621,21621,21621,21621,363
2025-03-19 13:26:00,21616,21617,21615,21616,414
2025-03-19 13:27:00,21613,21615,21611,21614,318
2025-03-19 13:28:00,21612,21614,21609,21613,307
2025-03-19 13:29:00,21621,21624,21614,21619,261
2025-03-19 13:30:00,21617,21617,21616,21617,211
2025-03-19 13:31:00,21620,21620,21620,21620,450
2025-03-19 13:32:00,21624,21631,21622,21622,67
2025-03-19 13:33:00,21634,21635,21634,21635,318
2025-03-19 13:34:00,21638,21639,21638,21638,410
2025-03-19 13:35:00,21646,21646,21641,21643,291
2025-03-19 13:36:00,21647,21647,21645,21646,334
2025-03-19 13:37:00,21640,21642,21632,21640,288
2025-03-19 13:38:00,21639,21640,21637,21639,262
2025-03-19 13:39:00,21644,21645,21644,21644,281
2025-03-19 13:40:00,21646,21646,21645,21645,315
2025-03-19 13:41:00,21644,21653,21644,21646,536
2025-03-19 13:42:00,21644,21645,21644,21644,712
2025-03-19 13:43:00,21636,21641,21636,21637,116
2025-03-19 13:44:00,21629,21636,21616,21629,57
2025-03-20 08:45:00,21647,21647,21642,21644,369
2025-03-20 08:46:00,21656,21657,21655,21656,346
2025-03-20 08:47:00,21660,21662,21659,21661,1
2025-03-20 08:48:00,21667,21668,21666,21667,1
2025-03-20 08:49:00,21662,21662,21660,21661,283
2025-03-20 08:50:00,21658,21661,21656,21658,366
2025-03-20 08:51:00,21651,21651,21651,21651,174
2025-03-20 08:52:00,21651,21651,21642,21650,347
2025-03-20 08:53:00,21648,21649,21648,21649,527
2025-03-20 08:54:00,21651,21651,21651,21651,248
2025-03-20 08:55:00,21660,21662,21659,21660,424
2025-03-20 08:56:00,21656,21656,21655,21655,223
2025-03-20 08:57:00,21651,21656,21651,21655,408
2025-03-20 08:58:00,21648,21651,21648,21649,308
2025-03-20 08:59:00,21663,21663,21653,21656,323
2025-03-20 09:00:00,21658,21659,21658,21658,152
2025-03-20 09:01:00,21651,21652,21651,21651,422
2025-03-20 09:02:00,21648,21648,21647,21647,205
2025-03-20 09:03:00,21649,21649,21649,21649,338
2025-03-20 09:04:00,21654,21654,21652,21654,70
2025-03-20 09:05:00,21652,21653,21650,21652,26
2025-03-20 09:06:00,21653,21654,21652,21654,253
2025-03-20 09:07:00,21655,21655,21655,21655,198
2025-03-20 09:08:00,21657,21658,21657,21658,144
2025-03-20 09:09:00,21657,21660,21655,21658,239
2025-03-20 09:10:00,21655,21657,21655,21655,288
2025-03-20 09:11:00,21654,21655,21650,21654,238
2025-03-20 09:12:00,21655,21655,21654,21654,105
2025-03-20 09:13:00,21655,21655,21645,21653,333
2025-03-20 09:14:00,21643,21649,21640,21644,256
2025-03-20 09:15:00,21646,21647,21645,21646,88
2025-03-20 09:16:00,21639,21640,21639,21640,261
2025-03-20 09:17:00,21640,21640,21639,21640,241
2025-03-20 09:18:00,21643,21644,21642,21642,204
2025-03-20 09:19:00,21639,21641,21638,21639,118
2025-03-20 09:20:00,21640,21641,21639,21640,343
2025-03-20 09:21:00,21639,21640,21639,21639,141
2025-03-20 09:22:00,21644,21645,21641,21642,270
2025-03-20 09:23:00,21642,21643,21642,21642,298
2025-03-20 09:24:00,21645,21646,21645,21645,68
2025-03-20 09:25:00,21645,21645,21644,21645,182
2025-03-20 09:26:00,21645,21648,21645,21646,176
2025-03-20 09:27:00,21651,21654,21649,21650,3
2025-03-20 09:28:00,21647,21649,21647,21648,107
2025-03-20 09:29:00,21644,21655,21644,21648,257
2025-03-20 09:30:00,21647,21647,21647,21647,219
2025-03-20 09:31:00,21650,21654,21649,21650,236
2025-03-20 09:32:00,21649,21649,21647,21648,161
2025-03-20 09:33:00,21648,21649,21648,21648,193
2025-03-20 09:34:00,21651,21652,21650,21651,199
2025-03-20 09:35:00,21655,21655,21650,21652,333
2025-03-20 09:36:00,21652,21652,21652,21652,112
2025-03-20 09:37:00,21649,21653,21647,21650,1
2025-03-20 09:38:00,21651,21651,21645,21648,200
2025-03-20 09:39:00,21648,21648,21647,21648,112
2025-03-20 09:40:00,21649,21652,21645,21648,167
2025-03-20 09:41:00,21649,21649,21647,21647,33
2025-03-20 09:42:00,21649,21649,21648,21649,88
2025-03-20 09:43:00,21648,21649,21647,21649,193
2025-03-20 09:44:00,21648,21648,21646,21647,191
2025-03-20 09:45:00,21644,21645,21644,21645,252
2025-03-20 09:46:00,21645,21646,21645,21646,143
2025-03-20 09:47:00,21648,21650,21647,21648,244
2025-03-20 09:48:00,21646,21647,21646,21646,99
2025-03-20 09:49:00,21642,21642,21641,21642,166
2025-03-20 09:50:00,21633,21636,21632,21633,1
2025-03-20 09:51:00,21632,21634,21630,21632,137
2025-03-20 09:52:00,21635,21635,21631,21633,119
2025-03-20 09:53:00,21632,21632,21632,21632,289
2025-03-20 09:54:00,21631,21631,21630,21631,262
2025-03-20 09:55:00,21635,21635,21628,21630,119
2025-03-20 09:56:00,21631,21633,21630,21631,239
2025-03-20 09:57:00,21631,21631,21631,21631,206
2025-03-20 09:58:00,21630,21630,21630,21630,115
2025-03-20 09:59:00,21635,21635,21635,21635,197
2025-03-20 10:00:00,21638,21638,21637,21637,116
2025-03-20 10:01:00,21638,21638,21638,21638,95
2025-03-20 10:02:00,21639,21639,21637,21639,147
2025-03-20 10:03:00,21640,21641,21640,21641,112
2025-03-20 10:04:00,21641,21643,21641,21642,174
2025-03-20 10:05:00,21642,21642,21642,21642,204
2025-03-20 10:06:00,21642,21643,21642,21642,297
2025-03-20 10:07:00,21643,21647,21642,21644,165
2025-03-20 10:08:00,21644,21647,21644,21644,7
2025-03-20 10:09:00,21645,21646,21645,21645,211
2025-03-20 10:10:00,21646,21647,21646,21646,197
2025-03-20 10:11:00,21642,21642,21642,21642,259
2025-03-20 10:12:00,21644,21644,21642,21643,158
2025-03-20 10:13:00,21643,21645,21643,21643,340
2025-03-20 10:14:00,21648,21649,21646,21648,310
2025-03-20 10:15:00,21647,21647,21647,21647,201
2025-03-20 10:16:00,21646,21648,21645,21646,100
2025-03-20 10:17:00,21642,21642,21641,21642,287
2025-03-20 10:18:00,21645,21646,21645,21645,244
2025-03-20 10:19:00,21645,21645,21645,21645,243
2025-03-20 10:20:00,21644,21645,21644,21645,130
2025-03-20 10:21:00,21642,21642,21640,21641,60
2025-03-20 10:22:00,21642,21642,21641,21642,338
2025-03-20 10:23:00,21642,21643,21642,21642,71
2025-03-20 10:24:00,21641,21642,21641,21641,179
2025-03-20 10:25:00,21641,21641,21641,21641,84
2025-03-20 10:26:00,21643,21645,21641,21642,68
2025-03-20 10:27:00,21642,21642,21639,21641,119
2025-03-20 10:28:00,21641,21641,21641,21641,79
2025-03-20 10:29:00,21640,21640,21639,21640,173
2025-03-20 10:30:00,21643,21643,21643,21643,177
2025-03-20 10:31:00,21640,21640,21639,21639,230
2025-03-20 10:32:00,21643,21644,21643,21644,18
2025-03-20 10:33:00,21642,21642,21642,21642,94
2025-03-20 10:34:00,21641,21643,21640,21641,174
2025-03-20 10:35:00,21643,21643,21643,21643,94
2025-03-20 10:36:00,21641,21644,21640,21642,300
2025-03-20 10:37:00,21641,21641,21638,21639,33
2025-03-20 10:38:00,21644,21644,21644,21644,69
2025-03-20 10:39:00,21646,21646,21646,21646,244
2025-03-20 10:40:00,21648,21648,21647,21648,166
2025-03-20 10:41:00,21652,21652,21652,21652,167
2025-03-20 10:42:00,21656,21657,21656,21656,155
2025-03-20 10:43:00,21656,21656,21655,21656,184
2025-03-20 10:44:00,21657,21658,21656,21657,227
2025-03-20 10:45:00,21659,21660,21658,21660,210
2025-03-20 10:46:00,21660,21661,21660,21660,91
2025-03-20 10:47:00,21660,21665,21659,21661,122
2025-03-20 10:48:00,21660,21662,21659,21660,190
2025-03-20 10:49:00,21656,21662,21656,21659,321
2025-03-20 10:50:00,21657,21658,21657,21657,203
2025-03-20 10:51:00,21655,21655,21654,21655,212
2025-03-20 10:52:00,21654,21654,21654,21654,230
2025-03-20 10:53:00,21654,21654,21653,21654,303
2025-03-20 10:54:00,21656,21656,21656,21656,168
2025-03-20 10:55:00,21658,21658,21658,21658,85
2025-03-20 10:56:00,21657,21663,21655,21657,117
2025-03-20 10:57:00,21659,21659,21657,21659,30
2025-03-20 10:58:00,21659,21659,21659,21659,102
2025-03-20 10:59:00,21660,21660,21659,21660,86
2025-03-20 11:00:00,21658,21658,21656,21658,253
2025-03-20 11:01:00,21660,21662,21659,21661,128
2025-03-20 11:02:00,21664,21665,21662,21664,131
2025-03-20 11:03:00,21664,21664,21663,21663,139
2025-03-20 11:04:00,21662,21662,21662,21662,193
2025-03-20 11:05:00,21665,21665,21665,21665,72
2025-03-20 11:06:00,21665,21665,21663,21664,154
2025-03-20 11:07:00,21667,21668,21666,21667,90
2025-03-20 11:08:00,21668,21668,21667,21668,192
2025-03-20 11:09:00,21662,21662,21662,21662,143
2025-03-20 11:10:00,21662,21662,21662,21662,29
2025-03-20 11:11:00,21659,21660,21659,21660,130
2025-03-20 11:12:00,21658,21659,21658,21659,57
2025-03-20 11:13:00,21654,21657,21654,21654,56
2025-03-20 11:14:00,21651,21651,21651,21651,105
2025-03-20 11:15:00,21655,21655,21653,21654,225
2025-03-20 11:16:00,21655,21657,21654,21655,137
2025-03-20 11:17:00,21652,21655,21650,21652,225
2025-03-20 11:18:00,21654,21654,21654,21654,195
2025-03-20 11:19:00,21654,21654,21654,21654,195
2025-03-20 11:20:00,21653,21654,21653,21654,132
2025-03-20 11:21:00,21654,21654,21654,21654,139
2025-03-20 11:22:00,21654,21654,21653,21654,167
2025-03-20 11:23:00,21649,21649,21648,21649,197
2025-03-20 11:24:00,21653,21654,21652,21653,152
2025-03-20 11:25:00,21650,21653,21650,21651,154
2025-03-20 11:26:00,21649,21649,21649,21649,39
2025-03-20 11:27:00,21650,21650,21650,21650,63
2025-03-20 11:28:00,21649,21650,21648,21649,188
2025-03-20 11:29:00,21652,21652,21652,21652,93
2025-03-20 11:30:00,21658,21658,21653,21656,156
2025-03-20 11:31:00,21653,21653,21653,21653,219
2025-03-20 11:32:00,21659,21659,21653,21657,173
2025-03-20 11:33:00,21654,21654,21653,21653,144
2025-03-20 11:34:00,21655,21655,21655,21655,186
2025-03-20 11:35:00,21659,21660,21657,21659,259
2025-03-20 11:36:00,21663,21663,21659,21662,140
2025-03-20 11:37:00,21665,21666,21662,21665,200
2025-03-20 11:38:00,21663,21663,21662,21662,275
2025-03-20 11:39:00,21660,21663,21660,21661,188
2025-03-20 11:40:00,21661,21661,21661,21661,130
2025-03-20 11:41:00,21663,21663,21662,21662,119
2025-03-20 11:42:00,21664,21665,21663,21664,161
2025-03-20 11:43:00,21666,21666,21665,21665,49
2025-03-20 11:44:00,21666,21666,21663,21666,149
2025-03-20 11:45:00,21663,21664,21662,21663,127
2025-03-20 11:46:00,21660,21660,21659,21660,114
2025-03-20 11:47:00,21664,21664,21664,21664,225
2025-03-20 11:48:00,21661,21664,21661,21661,183
2025-03-20 11:49:00,21662,21664,21660,21661,290
2025-03-20 11:50:00,21660,21661,21660,21660,56
2025-03-20 11:51:00,21664,21665,21662,21664,257
2025-03-20 11:52:00,21663,21663,21661,21663,195
2025-03-20 11:53:00,21660,21660,21659,21660,152
2025-03-20 11:54:00,21652,21653,21652,21653,261
2025-03-20 11:55:00,21650,21652,21649,21649,270
2025-03-20 11:56:00,21651,21652,21651,21651,142
2025-03-20 11:57:00,21648,21655,21648,21651,85
2025-03-20 11:58:00,21652,21655,21652,21654,100
2025-03-20 11:59:00,21659,21662,21656,21658,35
2025-03-20 12:00:00,21660,21662,21660,21660,273
2025-03-20 12:01:00,21657,21658,21657,21657,125
2025-03-20 12:02:00,21653,21655,21653,21653,195
2025-03-20 12:03:00,21657,21662,21657,21659,266
2025-03-20 12:04:00,21667,21667,21665,21665,144
2025-03-20 12:05:00,21665,21671,21664,21665,196
2025-03-20 12:06:00,21663,21665,21662,21664,153
2025-03-20 12:07:00,21667,21668,21666,21667,179
2025-03-20 12:08:00,21662,21662,21662,21662,308
2025-03-20 12:09:00,21658,21658,21658,21658,144
2025-03-20 12:10:00,21659,21661,21654,21659,237
2025-03-20 12:11:00,21662,21662,21658,21660,157
2025-03-20 12:12:00,21662,21662,21661,21662,205
2025-03-20 12:13:00,21654,21656,21654,21655,328
2025-03-20 12:14:00,21655,21655,21654,21655,270
2025-03-20 12:15:00,21658,21658,21658,21658,138
2025-03-20 12:16:00,21654,21655,21653,21654,235
2025-03-20 12:17:00,21646,21646,21646,21646,46
2025-03-20 12:18:00,21648,21649,21642,21647,180
2025-03-20 12:19:00,21645,21645,21645,21645,156
2025-03-20 12:20:00,21645,21645,21642,21644,219
2025-03-20 12:21:00,21645,21645,21645,21645,119
2025-03-20 12:22:00,21644,21646,21642,21644,151
2025-03-20 12:23:00,21642,21642,21642,21642,98
2025-03-20 12:24:00,21642,21643,21641,21642,157
2025-03-20 12:25:00,21646,21646,21645,21645,297
2025-03-20 12:26:00,21645,21645,21645,21645,269
2025-03-20 12:27:00,21646,21650,21646,21647,65
2025-03-20 12:28:00,21647,21648,21647,21647,104
2025-03-20 12:29:00,21650,21650,21648,21649,279
2025-03-20 12:30:00,21650,21650,21650,21650,202
2025-03-20 12:31:00,21648,21652,21648,21649,197
2025-03-20 12:32:00,21649,21652,21647,21650,86
2025-03-20 12:33:00,21647,21649,21644,21645,249
2025-03-20 12:34:00,21643,21643,21643,21643,188
2025-03-20 12:35:00,21644,21646,21644,21645,219
2025-03-20 12:36:00,21641,21641,21637,21641,142
2025-03-20 12:37:00,21641,21642,21639,21640,214
2025-03-20 12:38:00,21638,21638,21638,21638,136
2025-03-20 12:39:00,21636,21636,21635,21636,349
2025-03-20 12:40:00,21636,21638,21636,21637,141
2025-03-20 12:41:00,21637,21638,21633,21637,1
2025-03-20 12:42:00,21636,21636,21635,21635,265
2025-03-20 12:43:00,21639,21639,21636,21638,187
2025-03-20 12:44:00,21635,21637,21635,21636,51
2025-03-20 12:45:00,21633,21633,21632,21633,185
2025-03-20 12:46:00,21632,21633,21632,21633,141
2025-03-20 12:47:00,21635,21636,21635,21635,178
2025-03-20 12:48:00,21635,21637,21635,21636,288
2025-03-20 12:49:00,21630,21631,21630,21630,217
2025-03-20 12:50:00,21634,21636,21633,21634,252
2025-03-20 12:51:00,21632,21633,21632,21633,126
2025-03-20 12:52:00,21632,21632,21628,21631,213
2025-03-20 12:53:00,21631,21631,21631,21631,82
2025-03-20 12:54:00,21630,21630,21630,21630,66
2025-03-20 12:55:00,21627,21627,21627,21627,243
2025-03-20 12:56:00,21627,21627,21626,21626,177
2025-03-20 12:57:00,21623,21624,21622,21623,150
2025-03-20 12:58:00,21623,21624,21622,21623,195
2025-03-20 12:59:00,21621,21622,21621,21621,290
2025-03-20 13:00:00,21623,21624,21622,21624,395
2025-03-20 13:01:00,21625,21625,21624,21625,150
2025-03-20 13:02:00,21623,21624,21623,21623,274
2025-03-20 13:03:00,21623,21626,21621,21622,213
2025-03-20 13:04:00,21617,21617,21617,21617,185
2025-03-20 13:05:00,21617,21617,21617,21617,145
2025-03-20 13:06:00,21616,21617,21616,21617,229
2025-03-20 13:07:00,21613,21617,21611,21614,83
2025-03-20 13:08:00,21609,21616,21609,21611,129
2025-03-20 13:09:00,21607,21608,21605,21608,273
2025-03-20 13:10:00,21615,21615,21615,21615,151
2025-03-20 13:11:00,21611,21611,21611,21611,156
2025-03-20 13:12:00,21613,21614,21612,21613,185
2025-03-20 13:13:00,21609,21611,21609,21611,111
2025-03-20 13:14:00,21611,21612,21611,21611,297
2025-03-20 13:15:00,21616,21616,21609,21613,136
2025-03-20 13:16:00,21609,21615,21606,21609,202
2025-03-20 13:17:00,21613,21617,21610,21611,341
2025-03-20 13:18:00,21605,21606,21603,21606,355
2025-03-20 13:19:00,21610,21611,21610,21611,186
2025-03-20 13:20:00,21613,21613,21612,21613,444
2025-03-20 13:21:00,21611,21612,21611,21611,215
2025-03-20 13:22:00,21608,21608,21605,21606,224
2025-03-20 13:23:00,21604,21607,21602,21605,143
2025-03-20 13:24:00,21608,21608,21605,21607,377
2025-03-20 13:25:00,21611,21614,21611,21612,144
2025-03-20 13:26:00,21616,21616,21614,21614,111
2025-03-20 13:27:00,21612,21614,21608,21612,111
2025-03-20 13:28:00,21623,21623,21619,21620,623
2025-03-20 13:29:00,21623,21623,21623,21623,343
2025-03-20 13:30:00,21625,21626,21623,21624,205
2025-03-20 13:31:00,21622,21622,21620,21621,128
2025-03-20 13:32:00,21609,21609,21605,21609,429
2025-03-20 13:33:00,21598,21599,21597,21598,630
2025-03-20 13:34:00,21589,21592,21588,21589,247
2025-03-20 13:35:00,21585,21585,21582,21584,280
2025-03-20 13:36:00,21584,21584,21577,21581,442
2025-03-20 13:37:00,21583,21586,21581,21583,610
2025-03-20 13:38:00,21584,21587,21578,21584,131
2025-03-20 13:39:00,21590,21596,21589,21594,339
2025-03-20 13:40:00,21595,21599,21595,21596,396
2025-03-20 13:41:00,21601,21603,21599,21600,207
2025-03-20 13:42:00,21593,21593,21592,21593,416
2025-03-20 13:43:00,21598,21599,21597,21597,458
2025-03-20 13:44:00,21604,21606,21604,21605,571
2025-03-21 08:45:00,21582,21585,21582,21583,455
2025-03-21 08:46:00,21590,21591,21589,21590,550
2025-03-21 08:47:00,21588,21589,21587,21589,230
2025-03-21 08:48:00,21593,21594,21591,21593,405
2025-03-21 08:49:00,21586,21588,21585,21586,193
2025-03-21 08:50:00,21585,21589,21585,21585,181
2025-03-21 08:51:00,21599,21606,21591,21595,1
2025-03-21 08:52:00,21597,21597,21597,21597,217
2025-03-21 08:53:00,21589,21593,21588,21591,161
2025-03-21 08:54:00,21591,21592,21587,21590,432
2025-03-21 08:55:00,21595,21595,21594,21594,284
2025-03-21 08:56:00,21587,21587,21586,21586,580
2025-03-21 08:57:00,21584,21585,21583,21584,259
2025-03-21 08:58:00,21593,21593,21588,21591,441
2025-03-21 08:59:00,21599,21599,21597,21599,330
2025-03-21 09:00:00,21599,21601,21599,21599,419
2025-03-21 09:01:00,21608,21608,21608,21608,352
2025-03-21 09:02:00,21604,21605,21604,21605,242
2025-03-21 09:03:00,21614,21614,21613,21614,258
2025-03-21 09:04:00,21612,21614,21611,21612,299
2025-03-21 09:05:00,21608,21609,21603,21608,97
2025-03-21 09:06:00,21602,21603,21602,21602,414
2025-03-21 09:07:00,21603,21607,21603,21604,113
2025-03-21 09:08:00,21607,21607,21607,21607,167
2025-03-21 09:09:00,21612,21613,21611,21612,148
2025-03-21 09:10:00,21617,21617,21611,21614,162
2025-03-21 09:11:00,21618,21630,21611,21617,352
2025-03-21 09:12:00,21621,21622,21620,21621,537
2025-03-21 09:13:00,21623,21623,21622,21623,329
2025-03-21 09:14:00,21621,21622,21621,21621,424
2025-03-21 09:15:00,21621,21621,21621,21621,131
2025-03-21 09:16:00,21623,21623,21623,21623,99
2025-03-21 09:17:00,21621,21621,21620,21621,240
2025-03-21 09:18:00,21619,21619,21618,21618,1
2025-03-21 09:19:00,21621,21621,21620,21621,254
2025-03-21 09:20:00,21620,21620,21620,21620,238
2025-03-21 09:21:00,21621,21622,21621,21621,305
2025-03-21 09:22:00,21625,21625,21624,21625,236
2025-03-21 09:23:00,21621,21621,21618,21620,278
2025-03-21 09:24:00,21619,21619,21616,21619,134
2025-03-21 09:25:00,21623,21623,21621,21622,119
2025-03-21 09:26:00,21624,21628,21624,21625,330
2025-03-21 09:27:00,21629,21629,21623,21627,157
2025-03-21 09:28:00,21625,21631,21622,21628,100
2025-03-21 09:29:00,21628,21629,21625,21627,196
2025-03-21 09:30:00,21627,21627,21627,21627,216
2025-03-21 09:31:00,21629,21630,21624,21629,243
2025-03-21 09:32:00,21631,21632,21631,21631,234
2025-03-21 09:33:00,21630,21631,21629,21629,10
2025-03-21 09:34:00,21626,21626,21624,21626,320
2025-03-21 09:35:00,21627,21628,21627,21627,234
2025-03-21 09:36:00,21630,21630,21630,21630,155
2025-03-21 09:37:00,21627,21628,21627,21627,148
2025-03-21 09:38:00,21627,21627,21627,21627,274
2025-03-21 09:39:00,21630,21630,21629,21629,13
2025-03-21 09:40:00,21636,21636,21635,21635,268
2025-03-21 09:41:00,21634,21634,21633,21634,145
2025-03-21 09:42:00,21629,21633,21629,21630,71
2025-03-21 09:43:00,21634,21634,21629,21633,229
2025-03-21 09:44:00,21635,21635,21635,21635,228
2025-03-21 09:45:00,21636,21640,21634,21637,259
2025-03-21 09:46:00,21636,21638,21636,21636,139
2025-03-21 09:47:00,21629,21630,21627,21630,240
2025-03-21 09:48:00,21626,21639,21626,21631,110
2025-03-21 09:49:00,21632,21632,21632,21632,122
2025-03-21 09:50:00,21635,21635,21635,21635,160
2025-03-21 09:51:00,21633,21633,21633,21633,220
2025-03-21 09:52:00,21636,21637,21636,21636,189
2025-03-21 09:53:00,21632,21633,21632,21632,239
2025-03-21 09:54:00,21635,21637,21634,21635,340
2025-03-21 09:55:00,21637,21637,21637,21637,168
2025-03-21 09:56:00,21632,21632,21632,21632,273
2025-03-21 09:57:00,21637,21637,21637,21637,252
2025-03-21 09:58:00,21641,21641,21641,21641,117
2025-03-21 09:59:00,21639,21642,21638,21640,165
2025-03-21 10:00:00,21638,21639,21637,21638,309
2025-03-21 10:01:00,21633,21634,21631,21633,143
2025-03-21 10:02:00,21632,21633,21632,21633,160
2025-03-21 10:03:00,21638,21638,21638,21638,195
2025-03-21 10:04:00,21636,21636,21632,21634,84
2025-03-21 10:05:00,21635,21636,21635,21635,158
2025-03-21 10:06:00,21635,21635,21635,21635,210
2025-03-21 10:07:00,21629,21632,21629,21631,185
2025-03-21 10:08:00,21631,21631,21631,21631,172
2025-03-21 10:09:00,21634,21634,21632,21633,120
2025-03-21 10:10:00,21637,21637,21637,21637,1
2025-03-21 10:11:00,21627,21627,21627,21627,238
2025-03-21 10:12:00,21625,21625,21624,21625,146
2025-03-21 10:13:00,21627,21627,21627,21627,197
2025-03-21 10:14:00,21626,21626,21626,21626,344
2025-03-21 10:15:00,21622,21622,21622,21622,137
2025-03-21 10:16:00,21621,21623,21621,21622,264
2025-03-21 10:17:00,21620,21620,21617,21618,1
2025-03-21 10:18:00,21618,21619,21616,21618,372
2025-03-21 10:19:00,21619,21620,21619,21620,258
2025-03-21 10:20:00,21621,21622,21621,21621,322
2025-03-21 10:21:00,21623,21623,21622,21623,20
2025-03-21 10:22:00,21621,21621,21621,21621,177
2025-03-21 10:23:00,21627,21627,21627,21627,228
2025-03-21 10:24:00,21625,21625,21625,21625,205
2025-03-21 10:25:00,21623,21623,21623,21623,170
2025-03-21 10:26:00,21625,21625,21624,21625,342
2025-03-21 10:27:00,21625,21625,21624,21624,193
2025-03-21 10:28:00,21621,21622,21620,21622,233
2025-03-21 10:29:00,21624,21624,21623,21624,12
2025-03-21 10:30:00,21625,21625,21624,21625,157
2025-03-21 10:31:00,21622,21623,21621,21621,149
2025-03-21 10:32:00,21620,21620,21620,21620,183
2025-03-21 10:33:00,21614,21614,21614,21614,77
2025-03-21 10:34:00,21613,21614,21612,21613,190
2025-03-21 10:35:00,21612,21614,21612,21613,203
2025-03-21 10:36:00,21617,21618,21616,21617,175
2025-03-21 10:37:00,21616,21616,21614,21615,175
2025-03-21 10:38:00,21614,21619,21613,21613,271
2025-03-21 10:39:00,21617,21617,21616,21617,275
2025-03-21 10:40:00,21618,21623,21617,21618,157
2025-03-21 10:41:00,21618,21618,21617,21618,175
2025-03-21 10:42:00,21615,21616,21614,21615,144
2025-03-21 10:43:00,21614,21617,21612,21616,228
2025-03-21 10:44:00,21619,21619,21616,21619,121
2025-03-21 10:45:00,21623,21624,21622,21622,164
2025-03-21 10:46:00,21624,21624,21622,21624,88
2025-03-21 10:47:00,21623,21624,21623,21623,107
2025-03-21 10:48:00,21620,21622,21618,21621,200
2025-03-21 10:49:00,21620,21621,21620,21620,209
2025-03-21 10:50:00,21622,21624,21621,21621,74
2025-03-21 10:51:00,21621,21622,21621,21621,171
2025-03-21 10:52:00,21623,21623,21622,21622,75
2025-03-21 10:53:00,21621,21621,21620,21621,87
2025-03-21 10:54:00,21616,21619,21613,21617,121
2025-03-21 10:55:00,21620,21620,21619,21620,76
2025-03-21 10:56:00,21619,21619,21619,21619,111
2025-03-21 10:57:00,21618,21619,21618,21618,315
2025-03-21 10:58:00,21620,21621,21620,21621,103
2025-03-21 10:59:00,21627,21628,21625,21626,151
2025-03-21 11:00:00,21620,21621,21620,21621,265
2025-03-21 11:01:00,21622,21623,21622,21623,187
2025-03-21 11:02:00,21621,21621,21618,21619,179
2025-03-21 11:03:00,21619,21619,21618,21619,244
2025-03-21 11:04:00,21618,21618,21618,21618,81
2025-03-21 11:05:00,21617,21617,21616,21617,166
2025-03-21 11:06:00,21621,21621,21620,21620,70
2025-03-21 11:07:00,21619,21619,21617,21618,156
2025-03-21 11:08:00,21621,21623,21621,21622,151
2025-03-21 11:09:00,21626,21626,21626,21626,173
2025-03-21 11:10:00,21627,21628,21625,21627,52
2025-03-21 11:11:00,21626,21626,21626,21626,145
2025-03-21 11:12:00,21625,21625,21624,21625,165
2025-03-21 11:13:00,21621,21622,21621,21621,243
2025-03-21 11:14:00,21620,21621,21619,21620,100
2025-03-21 11:15:00,21621,21622,21621,21621,67
2025-03-21 11:16:00,21623,21624,21623,21623,287
2025-03-21 11:17:00,21621,21622,21621,21621,117
2025-03-21 11:18:00,21622,21622,21622,21622,132
2025-03-21 11:19:00,21623,21625,21623,21624,176
2025-03-21 11:20:00,21621,21622,21621,21621,192
2025-03-21 11:21:00,21621,21621,21617,21620,198
2025-03-21 11:22:00,21619,21620,21619,21619,5
2025-03-21 11:23:00,21616,21618,21616,21617,13
2025-03-21 11:24:00,21620,21621,21618,21620,64
2025-03-21 11:25:00,21619,21619,21618,21619,74
2025-03-21 11:26:00,21620,21620,21619,21620,133
2025-03-21 11:27:00,21618,21620,21618,21620,230
2025-03-21 11:28:00,21620,21623,21617,21620,213
2025-03-21 11:29:00,21621,21622,21621,21621,153
2025-03-21 11:30:00,21618,21618,21618,21618,165
2025-03-21 11:31:00,21618,21619,21618,21618,86
2025-03-21 11:32:00,21614,21615,21612,21615,258
2025-03-21 11:33:00,21615,21616,21614,21616,227
2025-03-21 11:34:00,21621,21621,21619,21619,87
2025-03-21 11:35:00,21618,21618,21617,21618,107
2025-03-21 11:36:00,21620,21620,21619,21620,163
2025-03-21 11:37:00,21620,21620,21620,21620,261
2025-03-21 11:38:00,21616,21618,21616,21616,157
2025-03-21 11:39:00,21620,21622,21618,21621,136
2025-03-21 11:40:00,21621,21622,21621,21621,162
2025-03-21 11:41:00,21620,21622,21620,21621,76
2025-03-21 11:42:00,21621,21621,21620,21621,77
2025-03-21 11:43:00,21619,21621,21616,21619,139
2025-03-21 11:44:00,21621,21622,21621,21621,197
2025-03-21 11:45:00,21623,21623,21623,21623,34
2025-03-21 11:46:00,21615,21618,21612,21617,200
2025-03-21 11:47:00,21612,21612,21611,21612,3
2025-03-21 11:48:00,21614,21614,21612,21613,154
2025-03-21 11:49:00,21611,21611,21610,21610,283
2025-03-21 11:50:00,21610,21610,21610,21610,100
2025-03-21 11:51:00,21604,21606,21604,21605,126
2025-03-21 11:52:00,21610,21610,21608,21609,156
2025-03-21 11:53:00,21611,21611,21609,21611,1
2025-03-21 11:54:00,21607,21607,21607,21607,263
2025-03-21 11:55:00,21607,21607,21607,21607,98
2025-03-21 11:56:00,21609,21610,21607,21609,112
2025-03-21 11:57:00,21609,21611,21607,21609,208
2025-03-21 11:58:00,21609,21609,21609,21609,215
2025-03-21 11:59:00,21613,21616,21613,21614,206
2025-03-21 12:00:00,21614,21614,21614,21614,85
2025-03-21 12:01:00,21616,21617,21616,21617,267
2025-03-21 12:02:00,21622,21624,21620,21621,272
2025-03-21 12:03:00,21620,21621,21619,21620,198
2025-03-21 12:04:00,21620,21620,21620,21620,224
2025-03-21 12:05:00,21619,21619,21618,21618,112
2025-03-21 12:06:00,21625,21625,21622,21623,133
2025-03-21 12:07:00,21621,21621,21620,21621,140
2025-03-21 12:08:00,21619,21619,21618,21619,282
2025-03-21 12:09:00,21625,21627,21625,21626,145
2025-03-21 12:10:00,21628,21628,21626,21628,120
2025-03-21 12:11:00,21627,21630,21627,21629,191
2025-03-21 12:12:00,21633,21633,21632,21633,221
2025-03-21 12:13:00,21633,21636,21633,21633,214
2025-03-21 12:14:00,21638,21639,21638,21639,181
2025-03-21 12:15:00,21642,21642,21642,21642,242
2025-03-21 12:16:00,21645,21646,21645,21645,372
2025-03-21 12:17:00,21647,21647,21646,21646,27
2025-03-21 12:18:00,21648,21649,21646,21648,6
2025-03-21 12:19:00,21650,21651,21650,21651,144
2025-03-21 12:20:00,21651,21651,21650,21650,49
2025-03-21 12:21:00,21647,21647,21646,21647,287
2025-03-21 12:22:00,21645,21647,21641,21644,335
2025-03-21 12:23:00,21648,21649,21647,21648,121
2025-03-21 12:24:00,21650,21653,21650,21651,379
2025-03-21 12:25:00,21653,21653,21652,21652,163
2025-03-21 12:26:00,21651,21652,21651,21651,89
2025-03-21 12:27:00,21656,21656,21653,21654,141
2025-03-21 12:28:00,21652,21652,21652,21652,1
2025-03-21 12:29:00,21651,21651,21649,21651,335
2025-03-21 12:30:00,21651,21653,21651,21652,86
2025-03-21 12:31:00,21651,21652,21651,21652,48
2025-03-21 12:32:00,21653,21653,21653,21653,121
2025-03-21 12:33:00,21653,21654,21653,21653,162
2025-03-21 12:34:00,21654,21657,21651,21652,196
2025-03-21 12:35:00,21658,21658,21656,21656,107
2025-03-21 12:36:00,21657,21657,21657,21657,84
2025-03-21 12:37:00,21652,21654,21652,21653,1
2025-03-21 12:38:00,21654,21660,21654,21658,188
2025-03-21 12:39:00,21660,21660,21660,21660,94
2025-03-21 12:40:00,21662,21662,21661,21661,451
2025-03-21 12:41:00,21655,21655,21653,21655,312
2025-03-21 12:42:00,21652,21659,21652,21655,176
2025-03-21 12:43:00,21658,21658,21658,21658,148
2025-03-21 12:44:00,21651,21651,21651,21651,245
2025-03-21 12:45:00,21653,21656,21653,21654,257
2025-03-21 12:46:00,21658,21658,21656,21657,335
2025-03-21 12:47:00,21655,21657,21650,21652,112
2025-03-21 12:48:00,21648,21648,21647,21648,138
2025-03-21 12:49:00,21640,21640,21640,21640,144
2025-03-21 12:50:00,21634,21634,21634,21634,440
2025-03-21 12:51:00,21638,21639,21637,21637,287
2025-03-21 12:52:00,21637,21638,21636,21637,179
2025-03-21 12:53:00,21642,21642,21641,21642,146
2025-03-21 12:54:00,21641,21642,21641,21641,250
2025-03-21 12:55:00,21648,21648,21648,21648,88
2025-03-21 12:56:00,21649,21650,21649,21650,220
2025-03-21 12:57:00,21647,21647,21646,21647,156
2025-03-21 12:58:00,21649,21649,21649,21649,97
2025-03-21 12:59:00,21648,21649,21648,21649,224
2025-03-21 13:00:00,21645,21647,21643,21645,35
2025-03-21 13:01:00,21647,21647,21643,21645,210
2025-03-21 13:02:00,21645,21645,21644,21645,65
2025-03-21 13:03:00,21645,21647,21645,21646,156
2025-03-21 13:04:00,21644,21644,21642,21644,264
2025-03-21 13:05:00,21641,21641,21641,21641,62
2025-03-21 13:06:00,21639,21639,21638,21639,176
2025-03-21 13:07:00,21642,21642,21642,21642,239
2025-03-21 13:08:00,21644,21647,21643,21646,161
2025-03-21 13:09:00,21643,21643,21640,21642,244
2025-03-21 13:10:00,21641,21641,21639,21640,400
2025-03-21 13:11:00,21639,21643,21638,21640,107
2025-03-21 13:12:00,21641,21642,21640,21641,58
2025-03-21 13:13:00,21640,21641,21636,21640,139
2025-03-21 13:14:00,21637,21638,21636,21637,161
2025-03-21 13:15:00,21634,21634,21634,21634,204
2025-03-21 13:16:00,21636,21636,21636,21636,396
2025-03-21 13:17:00,21632,21632,21632,21632,241
2025-03-21 13:18:00,21635,21638,21635,21636,231
2025-03-21 13:19:00,21635,21636,21634,21636,33
2025-03-21 13:20:00,21645,21646,21644,21645,72
2025-03-21 13:21:00,21646,21646,21644,21645,292
2025-03-21 13:22:00,21645,21648,21645,21647,99
2025-03-21 13:23:00,21647,21647,21647,21647,512
2025-03-21 13:24:00,21654,21656,21652,21656,177
2025-03-21 13:25:00,21660,21662,21658,21661,1
2025-03-21 13:26:00,21666,21667,21666,21667,350
2025-03-21 13:27:00,21656,21659,21656,21656,335
2025-03-21 13:28:00,21645,21645,21645,21645,393
2025-03-21 13:29:00,21648,21652,21647,21650,408
2025-03-21 13:30:00,21654,21655,21651,21654,120
2025-03-21 13:31:00,21657,21662,21657,21659,569
2025-03-21 13:32:00,21663,21664,21661,21662,418
2025-03-21 13:33:00,21661,21661,21660,21660,350
2025-03-21 13:34:00,21667,21670,21667,21668,287
2025-03-21 13:35:00,21661,21661,21655,21658,329
2025-03-21 13:36:00,21654,21655,21652,21654,197
2025-03-21 13:37:00,21647,21651,21644,21648,309
2025-03-21 13:38:00,21655,21655,21655,21655,447
2025-03-21 13:39:00,21656,21658,21646,21650,127
2025-03-21 13:40:00,21653,21654,21653,21653,415
2025-03-21 13:41:00,21654,21655,21652,21654,462
2025-03-21 13:42:00,21653,21653,21648,21652,191
2025-03-21 13:43:00,21651,21654,21647,21651,316
2025-03-21 13:44:00,21650,21653,21650,21651,364
2025-03-24 08:45:00,21651,21651,21651,21651,311
2025-03-24 08:46:00,21661,21663,21659,21660,287
2025-03-24 08:47:00,21652,21662,21647,21650,594
2025-03-24 08:48:00,21649,21649,21648,21649,310
2025-03-24 08:49:00,21652,21657,21651,21654,133
2025-03-24 08:50:00,21648,21652,21648,21649,395
2025-03-24 08:51:00,21655,21657,21655,21656,176
2025-03-24 08:52:00,21658,21662,21658,21659,131
2025-03-24 08:53:00,21651,21652,21651,21651,315
2025-03-24 08:54:00,21642,21646,21640,21641,442
2025-03-24 08:55:00,21642,21644,21641,21642,412
2025-03-24 08:56:00,21646,21650,21635,21644,590
2025-03-24 08:57:00,21647,21655,21646,21649,414
2025-03-24 08:58:00,21646,21647,21646,21647,232
2025-03-24 08:59:00,21648,21648,21648,21648,703
2025-03-24 09:00:00,21642,21642,21641,21642,186
2025-03-24 09:01:00,21643,21644,21643,21644,1
2025-03-24 09:02:00,21641,21641,21640,21641,1
2025-03-24 09:03:00,21637,21637,21635,21636,45
2025-03-24 09:04:00,21637,21638,21637,21638,189
2025-03-24 09:05:00,21639,21639,21639,21639,199
2025-03-24 09:06:00,21642,21643,21639,21642,1
2025-03-24 09:07:00,21636,21636,21636,21636,255
2025-03-24 09:08:00,21632,21632,21630,21631,182
2025-03-24 09:09:00,21628,21630,21628,21629,253
2025-03-24 09:10:00,21622,21625,21621,21622,174
2025-03-24 09:11:00,21626,21628,21626,21626,166
2025-03-24 09:12:00,21628,21630,21628,21628,78
2025-03-24 09:13:00,21630,21630,21629,21630,303
2025-03-24 09:14:00,21635,21636,21635,21636,257
2025-03-24 09:15:00,21637,21640,21634,21637,355
2025-03-24 09:16:00,21637,21637,21637,21637,71
2025-03-24 09:17:00,21640,21641,21640,21640,202
2025-03-24 09:18:00,21640,21640,21639,21640,94
2025-03-24 09:19:00,21641,21642,21639,21642,246
2025-03-24 09:20:00,21644,21644,21644,21644,105
2025-03-24 09:21:00,21648,21650,21648,21648,161
2025-03-24 09:22:00,21647,21650,21646,21648,179
2025-03-24 09:23:00,21647,21647,21647,21647,367
2025-03-24 09:24:00,21649,21651,21649,21650,113
2025-03-24 09:25:00,21649,21649,21649,21649,189
2025-03-24 09:26:00,21653,21653,21653,21653,99
2025-03-24 09:27:00,21650,21653,21649,21652,88
2025-03-24 09:28:00,21654,21654,21653,21653,66
2025-03-24 09:29:00,21654,21654,21653,21653,94
2025-03-24 09:30:00,21655,21655,21655,21655,147
2025-03-24 09:31:00,21648,21648,21647,21648,252
2025-03-24 09:32:00,21649,21651,21649,21649,84
2025-03-24 09:33:00,21645,21650,21643,21646,264
2025-03-24 09:34:00,21646,21649,21643,21647,140
2025-03-24 09:35:00,21646,21647,21645,21646,164
2025-03-24 09:36:00,21645,21646,21644,21645,190
2025-03-24 09:37:00,21643,21647,21642,21643,207
2025-03-24 09:38:00,21645,21645,21645,21645,149
2025-03-24 09:39:00,21642,21644,21642,21642,224
2025-03-24 09:40:00,21646,21646,21645,21646,212
2025-03-24 09:41:00,21644,21644,21644,21644,235
2025-03-24 09:42:00,21645,21645,21645,21645,120
2025-03-24 09:43:00,21642,21643,21642,21643,265
2025-03-24 09:44:00,21642,21643,21642,21642,170
2025-03-24 09:45:00,21638,21638,21636,21638,261
2025-03-24 09:46:00,21639,21641,21639,21640,77
2025-03-24 09:47:00,21644,21644,21644,21644,114
2025-03-24 09:48:00,21641,21642,21639,21641,326
2025-03-24 09:49:00,21641,21643,21638,21639,290
2025-03-24 09:50:00,21640,21642,21639,21641,223
2025-03-24 09:51:00,21635,21635,21635,21635,153
2025-03-24 09:52:00,21638,21643,21636,21637,376
2025-03-24 09:53:00,21638,21640,21637,21639,1
2025-03-24 09:54:00,21638,21640,21637,21638,154
2025-03-24 09:55:00,21636,21640,21635,21636,228
2025-03-24 09:56:00,21639,21639,21638,21639,92
2025-03-24 09:57:00,21639,21645,21639,21641,191
2025-03-24 09:58:00,21636,21641,21636,21636,200
2025-03-24 09:59:00,21637,21639,21631,21638,64
2025-03-24 10:00:00,21634,21635,21634,21634,169
2025-03-24 10:01:00,21630,21630,21630,21630,170
2025-03-24 10:02:00,21625,21627,21625,21626,198
2025-03-24 10:03:00,21628,21629,21628,21628,356
2025-03-24 10:04:00,21627,21627,21627,21627,195
2025-03-24 10:05:00,21620,21622,21619,21621,144
2025-03-24 10:06:00,21618,21619,21618,21619,104
2025-03-24 10:07:00,21619,21620,21617,21618,174
2025-03-24 10:08:00,21620,21621,21619,21620,235
2025-03-24 10:09:00,21625,21629,21625,21626,52
2025-03-24 10:10:00,21625,21628,21625,21625,228
2025-03-24 10:11:00,21623,21625,21623,21624,221
2025-03-24 10:12:00,21626,21626,21626,21626,164
2025-03-24 10:13:00,21628,21629,21628,21629,69
2025-03-24 10:14:00,21625,21625,21625,21625,319
2025-03-24 10:15:00,21628,21630,21628,21630,250
2025-03-24 10:16:00,21629,21629,21629,21629,147
2025-03-24 10:17:00,21630,21630,21630,21630,188
2025-03-24 10:18:00,21631,21632,21631,21632,358
2025-03-24 10:19:00,21633,21633,21633,21633,132
2025-03-24 10:20:00,21630,21631,21630,21631,237
2025-03-24 10:21:00,21631,21631,21630,21631,193
2025-03-24 10:22:00,21635,21636,21635,21636,114
2025-03-24 10:23:00,21640,21640,21640,21640,68
2025-03-24 10:24:00,21640,21640,21640,21640,131
2025-03-24 10:25:00,21642,21642,21640,21641,231
2025-03-24 10:26:00,21644,21645,21642,21644,344
2025-03-24 10:27:00,21645,21645,21644,21645,248
2025-03-24 10:28:00,21642,21646,21641,21642,181
2025-03-24 10:29:00,21639,21640,21639,21639,122
2025-03-24 10:30:00,21637,21639,21636,21638,316
2025-03-24 10:31:00,21637,21639,21634,21638,125
2025-03-24 10:32:00,21640,21648,21635,21640,152
2025-03-24 10:33:00,21635,21639,21634,21636,269
2025-03-24 10:34:00,21632,21632,21628,21631,229
2025-03-24 10:35:00,21635,21637,21631,21634,1
2025-03-24 10:36:00,21638,21639,21637,21638,219
2025-03-24 10:37:00,21642,21642,21641,21641,121
2025-03-24 10:38:00,21643,21644,21642,21643,173
2025-03-24 10:39:00,21643,21644,21643,21643,171
2025-03-24 10:40:00,21644,21644,21642,21643,299
2025-03-24 10:41:00,21640,21641,21640,21640,237
2025-03-24 10:42:00,21636,21637,21636,21636,127
2025-03-24 10:43:00,21636,21637,21636,21636,286
2025-03-24 10:44:00,21634,21634,21634,21634,154
2025-03-24 10:45:00,21636,21636,21633,21634,233
2025-03-24 10:46:00,21633,21633,21631,21632,106
2025-03-24 10:47:00,21634,21636,21634,21635,142
2025-03-24 10:48:00,21632,21633,21630,21632,91
2025-03-24 10:49:00,21633,21633,21631,21632,111
2025-03-24 10:50:00,21632,21632,21629,21631,136
2025-03-24 10:51:00,21633,21634,21633,21633,308
2025-03-24 10:52:00,21634,21634,21634,21634,120
2025-03-24 10:53:00,21629,21630,21629,21630,99
2025-03-24 10:54:00,21627,21627,21627,21627,184
2025-03-24 10:55:00,21629,21629,21629,21629,235
2025-03-24 10:56:00,21631,21632,21631,21631,193
2025-03-24 10:57:00,21631,21631,21629,21630,236
2025-03-24 10:58:00,21630,21631,21630,21630,171
2025-03-24 10:59:00,21631,21631,21630,21631,69
2025-03-24 11:00:00,21631,21631,21629,21629,161
2025-03-24 11:01:00,21630,21630,21630,21630,63
2025-03-24 11:02:00,21634,21634,21633,21634,74
2025-03-24 11:03:00,21636,21637,21636,21637,49
2025-03-24 11:04:00,21639,21639,21639,21639,52
2025-03-24 11:05:00,21642,21643,21639,21640,63
2025-03-24 11:06:00,21637,21638,21637,21638,106
2025-03-24 11:07:00,21643,21643,21643,21643,35
2025-03-24 11:08:00,21641,21641,21641,21641,284
2025-03-24 11:09:00,21643,21643,21643,21643,108
2025-03-24 11:10:00,21641,21641,21641,21641,111
2025-03-24 11:11:00,21643,21644,21642,21643,293
2025-03-24 11:12:00,21646,21648,21646,21646,58
2025-03-24 11:13:00,21641,21641,21641,21641,191
2025-03-24 11:14:00,21644,21647,21642,21644,1
2025-03-24 11:15:00,21646,21648,21645,21646,69
2025-03-24 11:16:00,21642,21642,21642,21642,157
2025-03-24 11:17:00,21637,21641,21637,21638,212
2025-03-24 11:18:00,21633,21634,21633,21634,103
2025-03-24 11:19:00,21632,21632,21631,21632,144
2025-03-24 11:20:00,21635,21635,21634,21635,116
2025-03-24 11:21:00,21635,21636,21632,21635,258
2025-03-24 11:22:00,21638,21639,21637,21638,179
2025-03-24 11:23:00,21641,21643,21639,21640,18
2025-03-24 11:24:00,21645,21645,21644,21645,148
2025-03-24 11:25:00,21646,21646,21644,21646,287
2025-03-24 11:26:00,21643,21643,21643,21643,126
2025-03-24 11:27:00,21640,21641,21639,21641,1
2025-03-24 11:28:00,21642,21642,21641,21641,220
2025-03-24 11:29:00,21642,21642,21642,21642,1
2025-03-24 11:30:00,21642,21644,21642,21643,145
2025-03-24 11:31:00,21647,21649,21645,21647,76
2025-03-24 11:32:00,21648,21648,21648,21648,54
2025-03-24 11:33:00,21644,21645,21644,21644,51
2025-03-24 11:34:00,21642,21643,21639,21642,144
2025-03-24 11:35:00,21636,21638,21635,21637,89
2025-03-24 11:36:00,21632,21632,21631,21632,60
2025-03-24 11:37:00,21626,21626,21626,21626,199
2025-03-24 11:38:00,21621,21622,21621,21622,202
2025-03-24 11:39:00,21622,21622,21622,21622,225
2025-03-24 11:40:00,21622,21623,21621,21621,92
2025-03-24 11:41:00,21622,21623,21619,21621,51
2025-03-24 11:42:00,21622,21622,21621,21621,73
2025-03-24 11:43:00,21619,21619,21619,21619,143
2025-03-24 11:44:00,21621,21622,21621,21621,64
2025-03-24 11:45:00,21623,21626,21621,21624,210
2025-03-24 11:46:00,21624,21624,21623,21624,151
2025-03-24 11:47:00,21621,21622,21620,21621,259
2025-03-24 11:48:00,21620,21620,21617,21618,195
2025-03-24 11:49:00,21620,21621,21619,21620,167
2025-03-24 11:50:00,21621,21622,21621,21621,201
2025-03-24 11:51:00,21623,21624,21623,21623,258
2025-03-24 11:52:00,21617,21618,21615,21616,1
2025-03-24 11:53:00,21616,21616,21614,21615,362
2025-03-24 11:54:00,21612,21616,21611,21613,221
2025-03-24 11:55:00,21615,21615,21615,21615,250
2025-03-24 11:56:00,21616,21616,21616,21616,274
2025-03-24 11:57:00,21614,21614,21613,21613,297
2025-03-24 11:58:00,21620,21620,21619,21620,162
2025-03-24 11:59:00,21619,21619,21618,21619,234
2025-03-24 12:00:00,21621,21621,21621,21621,99
2025-03-24 12:01:00,21621,21621,21621,21621,1
2025-03-24 12:02:00,21626,21626,21623,21624,176
2025-03-24 12:03:00,21630,21630,21629,21629,87
2025-03-24 12:04:00,21631,21632,21631,21632,49
2025-03-24 12:05:00,21634,21635,21632,21634,350
2025-03-24 12:06:00,21639,21639,21639,21639,181
2025-03-24 12:07:00,21640,21640,21639,21639,389
2025-03-24 12:08:00,21639,21640,21638,21639,136
2025-03-24 12:09:00,21638,21639,21638,21639,191
2025-03-24 12:10:00,21641,21641,21639,21640,205
2025-03-24 12:11:00,21639,21640,21638,21639,114
2025-03-24 12:12:00,21639,21640,21638,21640,276
2025-03-24 12:13:00,21637,21639,21637,21638,278
2025-03-24 12:14:00,21638,21639,21638,21638,187
2025-03-24 12:15:00,21641,21644,21641,21642,70
2025-03-24 12:16:00,21643,21643,21642,21643,115
2025-03-24 12:17:00,21643,21643,21642,21642,6
2025-03-24 12:18:00,21635,21636,21634,21635,280
2025-03-24 12:19:00,21642,21642,21642,21642,133
2025-03-24 12:20:00,21643,21644,21642,21643,103
2025-03-24 12:21:00,21647,21648,21647,21647,404
2025-03-24 12:22:00,21646,21646,21645,21646,210
2025-03-24 12:23:00,21645,21646,21644,21645,265
2025-03-24 12:24:00,21646,21647,21646,21646,213
2025-03-24 12:25:00,21643,21643,21642,21642,148
2025-03-24 12:26:00,21637,21637,21636,21636,43
2025-03-24 12:27:00,21635,21635,21635,21635,174
2025-03-24 12:28:00,21637,21638,21637,21637,257
2025-03-24 12:29:00,21637,21638,21636,21638,128
2025-03-24 12:30:00,21638,21638,21638,21638,52
2025-03-24 12:31:00,21637,21638,21633,21636,267
2025-03-24 12:32:00,21637,21638,21637,21637,205
2025-03-24 12:33:00,21629,21629,21628,21629,222
2025-03-24 12:34:00,21628,21628,21628,21628,293
2025-03-24 12:35:00,21633,21635,21631,21634,144
2025-03-24 12:36:00,21634,21634,21634,21634,217
2025-03-24 12:37:00,21639,21640,21636,21639,140
2025-03-24 12:38:00,21637,21641,21636,21638,214
2025-03-24 12:39:00,21631,21631,21630,21631,147
2025-03-24 12:40:00,21635,21636,21629,21635,108
2025-03-24 12:41:00,21635,21638,21634,21635,65
2025-03-24 12:42:00,21636,21636,21635,21635,80
2025-03-24 12:43:00,21639,21640,21635,21638,177
2025-03-24 12:44:00,21639,21639,21639,21639,238
2025-03-24 12:45:00,21641,21643,21641,21642,196
2025-03-24 12:46:00,21640,21640,21640,21640,235
2025-03-24 12:47:00,21639,21640,21637,21639,136
2025-03-24 12:48:00,21641,21641,21640,21641,109
2025-03-24 12:49:00,21643,21643,21642,21643,139
2025-03-24 12:50:00,21641,21641,21639,21640,212
2025-03-24 12:51:00,21644,21644,21640,21641,263
2025-03-24 12:52:00,21637,21637,21635,21637,80
2025-03-24 12:53:00,21631,21638,21631,21631,403
2025-03-24 12:54:00,21629,21630,21629,21630,201
2025-03-24 12:55:00,21634,21635,21633,21634,113
2025-03-24 12:56:00,21628,21633,21625,21628,356
2025-03-24 12:57:00,21636,21636,21633,21635,204
2025-03-24 12:58:00,21638,21639,21638,21638,134
2025-03-24 12:59:00,21631,21632,21624,21630,105
2025-03-24 13:00:00,21634,21640,21632,21632,172
2025-03-24 13:01:00,21633,21633,21630,21632,229
2025-03-24 13:02:00,21631,21632,21631,21631,131
2025-03-24 13:03:00,21628,21630,21627,21629,161
2025-03-24 13:04:00,21629,21630,21629,21629,158
2025-03-24 13:05:00,21625,21625,21624,21625,349
2025-03-24 13:06:00,21629,21629,21624,21626,289
2025-03-24 13:07:00,21627,21627,21627,21627,160
2025-03-24 13:08:00,21631,21635,21629,21630,160
2025-03-24 13:09:00,21632,21632,21631,21632,208
2025-03-24 13:10:00,21626,21626,21626,21626,292
2025-03-24 13:11:00,21635,21636,21634,21635,165
2025-03-24 13:12:00,21636,21636,21633,21636,298
2025-03-24 13:13:00,21632,21634,21632,21633,211
2025-03-24 13:14:00,21632,21632,21632,21632,172
2025-03-24 13:15:00,21635,21635,21634,21634,252
2025-03-24 13:16:00,21637,21638,21637,21637,107
2025-03-24 13:17:00,21641,21641,21640,21640,175
2025-03-24 13:18:00,21636,21639,21636,21637,163
2025-03-24 13:19:00,21640,21641,21640,21641,184
2025-03-24 13:20:00,21639,21640,21637,21639,352
2025-03-24 13:21:00,21643,21643,21642,21643,177
2025-03-24 13:22:00,21641,21644,21640,21642,210
2025-03-24 13:23:00,21642,21644,21642,21643,289
2025-03-24 13:24:00,21641,21645,21635,21640,89
2025-03-24 13:25:00,21641,21642,21638,21641,203
2025-03-24 13:26:00,21638,21639,21638,21638,149
2025-03-24 13:27:00,21636,21636,21634,21634,355
2025-03-24 13:28:00,21624,21624,21624,21624,362
2025-03-24 13:29:00,21629,21629,21629,21629,124
2025-03-24 13:30:00,21636,21640,21625,21635,255
2025-03-24 13:31:00,21644,21644,21644,21644,460
2025-03-24 13:32:00,21645,21645,21643,21645,462
2025-03-24 13:33:00,21647,21647,21647,21647,108
2025-03-24 13:34:00,21645,21645,21644,21644,432
2025-03-24 13:35:00,21634,21643,21634,21642,768
2025-03-24 13:36:00,21643,21643,21642,21643,1
2025-03-24 13:37:00,21647,21647,21646,21647,386
2025-03-24 13:38:00,21659,21663,21658,21659,535
2025-03-24 13:39:00,21652,21654,21652,21654,1
2025-03-24 13:40:00,21667,21667,21664,21667,441
2025-03-24 13:41:00,21669,21671,21669,21670,266
2025-03-24 13:42:00,21669,21671,21669,21670,698
2025-03-24 13:43:00,21671,21671,21669,21670,1
2025-03-24 13:44:00,21673,21673,21673,21673,500
2025-03-25 08:45:00,21645,21647,21643,21646,202
2025-03-25 08:46:00,21655,21655,21648,21654,264
2025-03-25 08:47:00,21663,21670,21662,21662,81
2025-03-25 08:48:00,21666,21667,21666,21667,566
2025-03-25 08:49:00,21669,21670,21669,21670,575
2025-03-25 08:50:00,21665,21666,21663,21665,427
2025-03-25 08:51:00,21658,21661,21657,21657,391
2025-03-25 08:52:00,21663,21663,21662,21663,1
2025-03-25 08:53:00,21663,21664,21663,21663,111
2025-03-25 08:54:00,21666,21669,21664,21665,348
2025-03-25 08:55:00,21656,21657,21656,21657,312
2025-03-25 08:56:00,21658,21661,21653,21658,559
2025-03-25 08:57:00,21653,21655,21652,21654,1
2025-03-25 08:58:00,21655,21658,21652,21655,482
2025-03-25 08:59:00,21660,21660,21659,21659,265
2025-03-25 09:00:00,21663,21667,21662,21664,289
2025-03-25 09:01:00,21660,21660,21656,21658,490
2025-03-25 09:02:00,21655,21656,21655,21656,45
2025-03-25 09:03:00,21657,21657,21657,21657,202
2025-03-25 09:04:00,21651,21653,21651,21651,84
2025-03-25 09:05:00,21650,21650,21649,21650,232
2025-03-25 09:06:00,21643,21643,21643,21643,119
2025-03-25 09:07:00,21645,21645,21642,21644,314
2025-03-25 09:08:00,21644,21645,21638,21642,191
2025-03-25 09:09:00,21641,21642,21641,21641,257
2025-03-25 09:10:00,21643,21645,21642,21643,290
2025-03-25 09:11:00,21646,21646,21639,21645,282
2025-03-25 09:12:00,21635,21635,21635,21635,151
2025-03-25 09:13:00,21635,21636,21631,21635,90
2025-03-25 09:14:00,21629,21629,21628,21628,262
2025-03-25 09:15:00,21630,21630,21630,21630,231
2025-03-25 09:16:00,21624,21625,21622,21625,223
2025-03-25 09:17:00,21619,21621,21619,21619,204
2025-03-25 09:18:00,21616,21617,21615,21615,192
2025-03-25 09:19:00,21612,21613,21612,21612,185
2025-03-25 09:20:00,21607,21607,21606,21607,70
2025-03-25 09:21:00,21610,21611,21607,21609,193
2025-03-25 09:22:00,21609,21611,21609,21610,306
2025-03-25 09:23:00,21604,21604,21603,21604,109
2025-03-25 09:24:00,21601,21605,21601,21602,218
2025-03-25 09:25:00,21603,21603,21602,21603,194
2025-03-25 09:26:00,21605,21606,21604,21604,442
2025-03-25 09:27:00,21602,21603,21602,21602,1
2025-03-25 09:28:00,21596,21596,21596,21596,267
2025-03-25 09:29:00,21593,21593,21593,21593,256
2025-03-25 09:30:00,21597,21597,21596,21596,442
2025-03-25 09:31:00,21598,21598,21597,21597,168
2025-03-25 09:32:00,21596,21597,21596,21596,175
2025-03-25 09:33:00,21603,21603,21597,21601,152
2025-03-25 09:34:00,21607,21607,21605,21607,163
2025-03-25 09:35:00,21611,21611,21611,21611,130
2025-03-25 09:36:00,21614,21615,21613,21614,183
2025-03-25 09:37:00,21616,21618,21615,21616,293
2025-03-25 09:38:00,21610,21611,21610,21610,165
2025-03-25 09:39:00,21607,21611,21607,21608,266
2025-03-25 09:40:00,21610,21615,21609,21611,114
2025-03-25 09:41:00,21605,21607,21605,21605,234
2025-03-25 09:42:00,21610,21610,21609,21610,3
2025-03-25 09:43:00,21609,21612,21605,21609,210
2025-03-25 09:44:00,21609,21609,21607,21608,281
2025-03-25 09:45:00,21606,21606,21606,21606,347
2025-03-25 09:46:00,21613,21615,21613,21613,122
2025-03-25 09:47:00,21611,21614,21611,21612,391
2025-03-25 09:48:00,21615,21615,21615,21615,284
2025-03-25 09:49:00,21616,21616,21613,21616,53
2025-03-25 09:50:00,21617,21619,21616,21617,195
2025-03-25 09:51:00,21618,21618,21617,21618,388
2025-03-25 09:52:00,21614,21617,21614,21616,254
2025-03-25 09:53:00,21607,21608,21607,21608,230
2025-03-25 09:54:00,21606,21607,21606,21606,380
2025-03-25 09:55:00,21610,21610,21609,21610,225
2025-03-25 09:56:00,21606,21608,21606,21607,267
2025-03-25 09:57:00,21608,21612,21605,21608,286
2025-03-25 09:58:00,21612,21612,21611,21612,104
2025-03-25 09:59:00,21611,21612,21608,21610,356
2025-03-25 10:00:00,21609,21609,21609,21609,175
2025-03-25 10:01:00,21609,21614,21607,21610,294
2025-03-25 10:02:00,21613,21613,21610,21612,121
2025-03-25 10:03:00,21611,21612,21611,21611,96
2025-03-25 10:04:00,21613,21615,21613,21613,241
2025-03-25 10:05:00,21611,21615,21610,21612,298
2025-03-25 10:06:00,21611,21615,21611,21612,205
2025-03-25 10:07:00,21609,21609,21609,21609,79
2025-03-25 10:08:00,21609,21612,21608,21609,236
2025-03-25 10:09:00,21614,21614,21614,21614,374
2025-03-25 10:10:00,21619,21619,21617,21618,178
2025-03-25 10:11:00,21618,21619,21617,21618,195
2025-03-25 10:12:00,21616,21617,21616,21616,124
2025-03-25 10:13:00,21619,21620,21618,21619,61
2025-03-25 10:14:00,21618,21618,21613,21617,127
2025-03-25 10:15:00,21621,21622,21621,21621,122
2025-03-25 10:16:00,21620,21620,21620,21620,155
2025-03-25 10:17:00,21622,21623,21622,21622,187
2025-03-25 10:18:00,21624,21625,21624,21624,189
2025-03-25 10:19:00,21624,21624,21622,21624,256
2025-03-25 10:20:00,21627,21628,21626,21627,163
2025-03-25 10:21:00,21627,21629,21624,21627,136
2025-03-25 10:22:00,21627,21628,21626,21627,243
2025-03-25 10:23:00,21627,21628,21627,21628,283
2025-03-25 10:24:00,21630,21630,21629,21629,1
2025-03-25 10:25:00,21629,21633,21624,21629,192
2025-03-25 10:26:00,21632,21632,21630,21631,19
2025-03-25 10:27:00,21637,21639,21634,21635,398
2025-03-25 10:28:00,21633,21639,21633,21634,88
2025-03-25 10:29:00,21638,21639,21637,21637,109
2025-03-25 10:30:00,21638,21639,21638,21638,57
2025-03-25 10:31:00,21640,21640,21638,21639,145
2025-03-25 10:32:00,21638,21638,21637,21638,226
2025-03-25 10:33:00,21633,21634,21631,21633,243
2025-03-25 10:34:00,21631,21632,21631,21632,1
2025-03-25 10:35:00,21630,21630,21629,21629,219
2025-03-25 10:36:00,21630,21631,21628,21630,340
2025-03-25 10:37:00,21633,21633,21633,21633,78
2025-03-25 10:38:00,21632,21633,21632,21633,196
2025-03-25 10:39:00,21632,21633,21632,21633,133
2025-03-25 10:40:00,21627,21634,21627,21631,144
2025-03-25 10:41:00,21631,21632,21630,21631,307
2025-03-25 10:42:00,21630,21632,21627,21629,265
2025-03-25 10:43:00,21627,21629,21627,21628,242
2025-03-25 10:44:00,21632,21633,21632,21632,1
2025-03-25 10:45:00,21632,21632,21632,21632,219
2025-03-25 10:46:00,21631,21632,21631,21632,240
2025-03-25 10:47:00,21633,21634,21633,21633,183
2025-03-25 10:48:00,21633,21633,21632,21633,184
2025-03-25 10:49:00,21631,21631,21629,21630,40
2025-03-25 10:50:00,21629,21630,21629,21629,161
2025-03-25 10:51:00,21628,21629,21627,21629,145
2025-03-25 10:52:00,21631,21631,21631,21631,94
2025-03-25 10:53:00,21631,21632,21630,21632,151
2025-03-25 10:54:00,21631,21631,21631,21631,145
2025-03-25 10:55:00,21633,21633,21629,21633,197
2025-03-25 10:56:00,21636,21636,21635,21635,194
2025-03-25 10:57:00,21637,21637,21636,21637,154
2025-03-25 10:58:00,21632,21633,21631,21632,140
2025-03-25 10:59:00,21631,21632,21631,21631,212
2025-03-25 11:00:00,21635,21635,21634,21635,145
2025-03-25 11:01:00,21633,21633,21633,21633,154
2025-03-25 11:02:00,21634,21634,21634,21634,162
2025-03-25 11:03:00,21633,21633,21631,21632,177
2025-03-25 11:04:00,21632,21633,21632,21632,242
2025-03-25 11:05:00,21632,21633,21632,21632,178
2025-03-25 11:06:00,21629,21631,21629,21630,123
2025-03-25 11:07:00,21631,21632,21631,21631,226
2025-03-25 11:08:00,21630,21631,21629,21631,57
2025-03-25 11:09:00,21627,21629,21627,21628,281
2025-03-25 11:10:00,21628,21630,21628,21628,159
2025-03-25 11:11:00,21625,21625,21624,21624,33
2025-03-25 11:12:00,21626,21629,21624,21626,61
2025-03-25 11:13:00,21622,21625,21619,21623,79
2025-03-25 11:14:00,21621,21621,21621,21621,36
2025-03-25 11:15:00,21621,21622,21620,21621,38
2025-03-25 11:16:00,21623,21625,21621,21623,135
2025-03-25 11:17:00,21622,21623,21622,21622,120
2025-03-25 11:18:00,21622,21622,21622,21622,63
2025-03-25 11:19:00,21619,21620,21618,21619,149
2025-03-25 11:20:00,21619,21620,21619,21619,97
2025-03-25 11:21:00,21619,21619,21619,21619,226
2025-03-25 11:22:00,21619,21621,21616,21619,12
2025-03-25 11:23:00,21620,21620,21619,21620,144
2025-03-25 11:24:00,21614,21614,21613,21613,171
2025-03-25 11:25:00,21610,21611,21610,21610,157
2025-03-25 11:26:00,21607,21610,21607,21609,174
2025-03-25 11:27:00,21608,21608,21608,21608,40
2025-03-25 11:28:00,21612,21614,21611,21612,1
2025-03-25 11:29:00,21611,21616,21611,21611,92
2025-03-25 11:30:00,21614,21614,21614,21614,223
2025-03-25 11:31:00,21612,21612,21612,21612,272
2025-03-25 11:32:00,21608,21609,21608,21609,135
2025-03-25 11:33:00,21611,21611,21607,21608,128
2025-03-25 11:34:00,21610,21610,21607,21608,127
2025-03-25 11:35:00,21606,21607,21606,21606,168
2025-03-25 11:36:00,21605,21605,21604,21605,264
2025-03-25 11:37:00,21607,21607,21606,21607,272
2025-03-25 11:38:00,21607,21607,21606,21607,126
2025-03-25 11:39:00,21606,21606,21605,21606,133
2025-03-25 11:40:00,21608,21608,21607,21607,162
2025-03-25 11:41:00,21612,21612,21610,21611,104
2025-03-25 11:42:00,21611,21611,21609,21610,276
2025-03-25 11:43:00,21609,21609,21608,21609,99
2025-03-25 11:44:00,21613,21613,21612,21612,213
2025-03-25 11:45:00,21610,21611,21610,21611,146
2025-03-25 11:46:00,21608,21609,21608,21608,160
2025-03-25 11:47:00,21615,21616,21615,21616,333
2025-03-25 11:48:00,21620,21620,21620,21620,99
2025-03-25 11:49:00,21615,21616,21614,21615,179
2025-03-25 11:50:00,21614,21616,21614,21616,317
2025-03-25 11:51:00,21614,21614,21614,21614,131
2025-03-25 11:52:00,21615,21615,21614,21614,216
2025-03-25 11:53:00,21619,21619,21618,21619,18
2025-03-25 11:54:00,21619,21621,21619,21620,77
2025-03-25 11:55:00,21618,21619,21618,21619,333
2025-03-25 11:56:00,21620,21620,21620,21620,1
2025-03-25 11:57:00,21621,21621,21621,21621,349
2025-03-25 11:58:00,21619,21621,21618,21619,219
2025-03-25 11:59:00,21620,21623,21618,21622,169
2025-03-25 12:00:00,21623,21624,21623,21623,176
2025-03-25 12:01:00,21623,21624,21621,21622,1
2025-03-25 12:02:00,21623,21623,21619,21621,294
2025-03-25 12:03:00,21617,21617,21617,21617,209
2025-03-25 12:04:00,21619,21621,21619,21619,56
2025-03-25 12:05:00,21624,21625,21622,21624,305
2025-03-25 12:06:00,21622,21624,21621,21623,248
2025-03-25 12:07:00,21622,21624,21620,21622,50
2025-03-25 12:08:00,21619,21619,21619,21619,191
2025-03-25 12:09:00,21618,21622,21616,21618,243
2025-03-25 12:10:00,21621,21624,21618,21622,242
2025-03-25 12:11:00,21622,21624,21622,21622,140
2025-03-25 12:12:00,21625,21625,21623,21624,302
2025-03-25 12:13:00,21623,21623,21622,21623,239
2025-03-25 12:14:00,21625,21627,21625,21625,258
2025-03-25 12:15:00,21625,21626,21625,21625,156
2025-03-25 12:16:00,21628,21628,21623,21625,75
2025-03-25 12:17:00,21626,21626,21626,21626,256
2025-03-25 12:18:00,21626,21627,21626,21626,223
2025-03-25 12:19:00,21629,21629,21628,21629,102
2025-03-25 12:20:00,21626,21628,21626,21627,100
2025-03-25 12:21:00,21629,21629,21629,21629,243
2025-03-25 12:22:00,21631,21631,21631,21631,86
2025-03-25 12:23:00,21629,21629,21622,21627,138
2025-03-25 12:24:00,21626,21626,21626,21626,71
2025-03-25 12:25:00,21628,21629,21628,21628,155
2025-03-25 12:26:00,21628,21628,21628,21628,121
2025-03-25 12:27:00,21627,21627,21627,21627,110
2025-03-25 12:28:00,21618,21619,21617,21618,283
2025-03-25 12:29:00,21614,21616,21611,21613,204
2025-03-25 12:30:00,21613,21613,21611,21611,163
2025-03-25 12:31:00,21610,21610,21608,21609,286
2025-03-25 12:32:00,21608,21609,21608,21609,202
2025-03-25 12:33:00,21613,21615,21612,21613,157
2025-03-25 12:34:00,21617,21617,21616,21617,251
2025-03-25 12:35:00,21615,21615,21614,21614,88
2025-03-25 12:36:00,21609,21610,21609,21609,165
2025-03-25 12:37:00,21614,21614,21614,21614,93
2025-03-25 12:38:00,21614,21614,21613,21614,212
2025-03-25 12:39:00,21611,21611,21611,21611,89
2025-03-25 12:40:00,21620,21620,21619,21619,252
2025-03-25 12:41:00,21618,21619,21617,21618,64
2025-03-25 12:42:00,21622,21622,21618,21621,172
2025-03-25 12:43:00,21624,21624,21623,21624,225
2025-03-25 12:44:00,21627,21628,21625,21626,218
2025-03-25 12:45:00,21629,21630,21629,21630,313
2025-03-25 12:46:00,21630,21632,21626,21630,115
2025-03-25 12:47:00,21633,21634,21633,21633,244
2025-03-25 12:48:00,21635,21635,21634,21635,179
2025-03-25 12:49:00,21642,21642,21642,21642,56
2025-03-25 12:50:00,21643,21648,21638,21644,15
2025-03-25 12:51:00,21648,21649,21646,21647,120
2025-03-25 12:52:00,21640,21641,21640,21640,90
2025-03-25 12:53:00,21639,21641,21639,21639,83
2025-03-25 12:54:00,21638,21639,21638,21639,362
2025-03-25 12:55:00,21639,21639,21639,21639,119
2025-03-25 12:56:00,21636,21638,21634,21636,228
2025-03-25 12:57:00,21636,21636,21634,21636,281
2025-03-25 12:58:00,21634,21634,21633,21633,314
2025-03-25 12:59:00,21634,21634,21634,21634,242
2025-03-25 13:00:00,21630,21630,21630,21630,206
2025-03-25 13:01:00,21631,21631,21631,21631,28
2025-03-25 13:02:00,21626,21626,21626,21626,109
2025-03-25 13:03:00,21626,21627,21626,21627,245
2025-03-25 13:04:00,21624,21624,21623,21624,50
2025-03-25 13:05:00,21622,21622,21622,21622,75
2025-03-25 13:06:00,21626,21627,21626,21626,158
2025-03-25 13:07:00,21626,21626,21626,21626,342
2025-03-25 13:08:00,21627,21628,21626,21626,289
2025-03-25 13:09:00,21628,21628,21626,21628,56
2025-03-25 13:10:00,21633,21633,21632,21632,130
2025-03-25 13:11:00,21633,21633,21631,21632,162
2025-03-25 13:12:00,21633,21637,21632,21634,178
2025-03-25 13:13:00,21636,21637,21635,21636,58
2025-03-25 13:14:00,21636,21638,21634,21637,116
2025-03-25 13:15:00,21632,21632,21632,21632,87
2025-03-25 13:16:00,21631,21632,21630,21631,196
2025-03-25 13:17:00,21631,21632,21630,21630,181
2025-03-25 13:18:00,21634,21634,21634,21634,234
2025-03-25 13:19:00,21636,21639,21636,21637,119
2025-03-25 13:20:00,21646,21646,21643,21645,392
2025-03-25 13:21:00,21647,21648,21647,21648,269
2025-03-25 13:22:00,21653,21653,21650,21652,367
2025-03-25 13:23:00,21653,21653,21653,21653,147
2025-03-25 13:24:00,21649,21654,21648,21650,245
2025-03-25 13:25:00,21649,21650,21647,21649,199
2025-03-25 13:26:00,21643,21644,21643,21644,284
2025-03-25 13:27:00,21639,21639,21631,21638,164
2025-03-25 13:28:00,21634,21634,21634,21634,294
2025-03-25 13:29:00,21624,21624,21624,21624,462
2025-03-25 13:30:00,21622,21622,21620,21620,153
2025-03-25 13:31:00,21611,21615,21610,21612,269
2025-03-25 13:32:00,21609,21610,21609,21610,282
2025-03-25 13:33:00,21613,21613,21612,21613,119
2025-03-25 13:34:00,21610,21615,21605,21609,304
2025-03-25 13:35:00,21618,21619,21618,21618,175
2025-03-25 13:36:00,21618,21621,21618,21621,462
2025-03-25 13:37:00,21630,21630,21630,21630,376
2025-03-25 13:38:00,21627,21628,21626,21627,388
2025-03-25 13:39:00,21626,21626,21621,21624,396
2025-03-25 13:40:00,21622,21627,21621,21624,269
2025-03-25 13:41:00,21625,21625,21624,21625,446
2025-03-25 13:42:00,21643,21643,21640,21642,297
2025-03-25 13:43:00,21645,21649,21640,21644,88
2025-03-25 13:44:00,21655,21655,21653,21655,446
2025-03-26 08:45:00,21672,21674,21672,21673,525
2025-03-26 08:46:00,21670,21674,21668,21670,266
2025-03-26 08:47:00,21672,21673,21670,21671,335
2025-03-26 08:48:00,21679,21680,21678,21679,472
2025-03-26 08:49:00,21684,21684,21684,21684,210
2025-03-26 08:50:00,21679,21679,21676,21678,263
2025-03-26 08:51:00,21679,21680,21678,21679,497
2025-03-26 08:52:00,21686,21686,21685,21686,556
2025-03-26 08:53:00,21691,21692,21687,21691,240
2025-03-26 08:54:00,21694,21696,21694,21695,211
2025-03-26 08:55:00,21692,21692,21690,21691,188
2025-03-26 08:56:00,21690,21691,21690,21690,155
2025-03-26 08:57:00,21691,21695,21682,21693,308
2025-03-26 08:58:00,21690,21695,21690,21691,114
2025-03-26 08:59:00,21693,21701,21681,21689,335
2025-03-26 09:00:00,21694,21695,21693,21693,476
2025-03-26 09:01:00,21698,21699,21698,21698,113
2025-03-26 09:02:00,21703,21703,21703,21703,22
2025-03-26 09:03:00,21703,21704,21702,21703,331
2025-03-26 09:04:00,21700,21700,21699,21699,200
2025-03-26 09:05:00,21702,21704,21702,21702,364
2025-03-26 09:06:00,21711,21711,21710,21710,290
2025-03-26 09:07:00,21717,21717,21717,21717,378
2025-03-26 09:08:00,21716,21716,21715,21716,180
2025-03-26 09:09:00,21721,21721,21720,21720,307
2025-03-26 09:10:00,21727,21730,21723,21729,270
2025-03-26 09:11:00,21728,21731,21728,21729,121
2025-03-26 09:12:00,21729,21731,21729,21729,123
2025-03-26 09:13:00,21729,21729,21728,21729,225
2025-03-26 09:14:00,21722,21725,21722,21725,222
2025-03-26 09:15:00,21723,21724,21723,21723,203
2025-03-26 09:16:00,21731,21731,21725,21727,147
2025-03-26 09:17:00,21728,21728,21728,21728,225
2025-03-26 09:18:00,21727,21728,21727,21727,273
2025-03-26 09:19:00,21730,21730,21727,21729,259
2025-03-26 09:20:00,21730,21730,21728,21728,205
2025-03-26 09:21:00,21732,21732,21732,21732,108
2025-03-26 09:22:00,21734,21735,21734,21734,130
2025-03-26 09:23:00,21735,21738,21735,21737,206
2025-03-26 09:24:00,21741,21741,21741,21741,296
2025-03-26 09:25:00,21737,21737,21735,21736,216
2025-03-26 09:26:00,21735,21737,21730,21734,183
2025-03-26 09:27:00,21728,21729,21728,21728,153
2025-03-26 09:28:00,21728,21728,21727,21727,1
2025-03-26 09:29:00,21726,21726,21725,21726,203
2025-03-26 09:30:00,21722,21722,21720,21722,199
2025-03-26 09:31:00,21723,21723,21721,21722,124
2025-03-26 09:32:00,21726,21727,21726,21727,104
2025-03-26 09:33:00,21721,21722,21720,21722,254
2025-03-26 09:34:00,21724,21725,21723,21725,158
2025-03-26 09:35:00,21730,21731,21729,21731,127
2025-03-26 09:36:00,21723,21726,21723,21725,34
2025-03-26 09:37:00,21725,21725,21725,21725,44
2025-03-26 09:38:00,21723,21724,21722,21723,47
2025-03-26 09:39:00,21727,21727,21723,21727,253
2025-03-26 09:40:00,21732,21732,21731,21731,280
2025-03-26 09:41:00,21728,21729,21728,21729,205
2025-03-26 09:42:00,21725,21725,21724,21725,179
2025-03-26 09:43:00,21726,21726,21726,21726,296
2025-03-26 09:44:00,21725,21727,21725,21725,239
2025-03-26 09:45:00,21723,21724,21722,21723,235
2025-03-26 09:46:00,21722,21725,21722,21723,245
2025-03-26 09:47:00,21728,21728,21725,21728,159
2025-03-26 09:48:00,21729,21730,21728,21729,249
2025-03-26 09:49:00,21730,21730,21730,21730,102
2025-03-26 09:50:00,21728,21729,21728,21728,292
2025-03-26 09:51:00,21733,21733,21733,21733,195
2025-03-26 09:52:00,21733,21735,21733,21733,153
2025-03-26 09:53:00,21733,21733,21732,21733,156
2025-03-26 09:54:00,21728,21731,21728,21729,62
2025-03-26 09:55:00,21729,21729,21727,21728,319
2025-03-26 09:56:00,21728,21728,21728,21728,21
2025-03-26 09:57:00,21731,21731,21731,21731,8
2025-03-26 09:58:00,21726,21726,21725,21726,202
2025-03-26 09:59:00,21724,21725,21724,21724,275
2025-03-26 10:00:00,21725,21727,21725,21726,211
2025-03-26 10:01:00,21724,21730,21723,21724,233
2025-03-26 10:02:00,21727,21727,21726,21726,187
2025-03-26 10:03:00,21727,21728,21725,21726,312
2025-03-26 10:04:00,21731,21732,21731,21732,145
2025-03-26 10:05:00,21729,21729,21728,21728,47
2025-03-26 10:06:00,21726,21730,21721,21724,111
2025-03-26 10:07:00,21725,21725,21719,21723,200
2025-03-26 10:08:00,21725,21725,21725,21725,290
2025-03-26 10:09:00,21719,21722,21719,21721,304
2025-03-26 10:10:00,21722,21723,21722,21722,170
2025-03-26 10:11:00,21723,21724,21723,21723,115
2025-03-26 10:12:00,21722,21724,21722,21722,157
2025-03-26 10:13:00,21720,21721,21718,21720,286
2025-03-26 10:14:00,21722,21722,21722,21722,1
2025-03-26 10:15:00,21726,21726,21722,21724,218
2025-03-26 10:16:00,21721,21722,21721,21722,101
2025-03-26 10:17:00,21723,21723,21721,21722,253
2025-03-26 10:18:00,21724,21724,21723,21724,74
2025-03-26 10:19:00,21723,21729,21722,21726,302
2025-03-26 10:20:00,21724,21724,21722,21723,363
2025-03-26 10:21:00,21720,21721,21718,21720,179
2025-03-26 10:22:00,21719,21722,21718,21719,224
2025-03-26 10:23:00,21718,21718,21718,21718,148
2025-03-26 10:24:00,21723,21723,21720,21721,233
2025-03-26 10:25:00,21723,21723,21722,21723,38
2025-03-26 10:26:00,21725,21726,21725,21726,195
2025-03-26 10:27:00,21729,21733,21727,21730,179
2025-03-26 10:28:00,21726,21727,21726,21726,162
2025-03-26 10:29:00,21730,21730,21730,21730,156
2025-03-26 10:30:00,21734,21734,21734,21734,255
2025-03-26 10:31:00,21737,21738,21737,21738,117
2025-03-26 10:32:00,21736,21738,21733,21736,135
2025-03-26 10:33:00,21735,21736,21734,21734,111
2025-03-26 10:34:00,21737,21739,21737,21737,156
2025-03-26 10:35:00,21740,21740,21739,21740,114
2025-03-26 10:36:00,21736,21736,21736,21736,144
2025-03-26 10:37:00,21734,21734,21733,21734,150
2025-03-26 10:38:00,21733,21735,21733,21735,152
2025-03-26 10:39:00,21733,21734,21731,21732,275
2025-03-26 10:40:00,21736,21736,21736,21736,201
2025-03-26 10:41:00,21734,21735,21734,21735,165
2025-03-26 10:42:00,21737,21740,21735,21737,224
2025-03-26 10:43:00,21733,21735,21731,21733,60
2025-03-26 10:44:00,21731,21732,21731,21732,146
2025-03-26 10:45:00,21729,21729,21727,21729,72
2025-03-26 10:46:00,21727,21727,21727,21727,171
2025-03-26 10:47:00,21724,21724,21723,21724,65
2025-03-26 10:48:00,21720,21722,21719,21720,205
2025-03-26 10:49:00,21724,21724,21722,21722,253
2025-03-26 10:50:00,21721,21722,21721,21722,177
2025-03-26 10:51:00,21722,21723,21722,21722,124
2025-03-26 10:52:00,21721,21721,21720,21721,90
2025-03-26 10:53:00,21721,21721,21719,21720,183
2025-03-26 10:54:00,21718,21720,21717,21718,219
2025-03-26 10:55:00,21719,21719,21718,21719,131
2025-03-26 10:56:00,21716,21717,21716,21716,208
2025-03-26 10:57:00,21716,21720,21716,21717,184
2025-03-26 10:58:00,21719,21719,21716,21719,209
2025-03-26 10:59:00,21718,21718,21717,21718,98
2025-03-26 11:00:00,21716,21716,21715,21716,159
2025-03-26 11:01:00,21719,21719,21718,21719,10
2025-03-26 11:02:00,21720,21721,21717,21719,135
2025-03-26 11:03:00,21720,21721,21719,21720,22
2025-03-26 11:04:00,21719,21719,21718,21719,202
2025-03-26 11:05:00,21720,21720,21718,21719,136
2025-03-26 11:06:00,21716,21719,21716,21717,64
2025-03-26 11:07:00,21714,21716,21714,21714,171
2025-03-26 11:08:00,21715,21716,21714,21715,159
2025-03-26 11:09:00,21715,21715,21715,21715,91
2025-03-26 11:10:00,21715,21715,21714,21715,80
2025-03-26 11:11:00,21717,21718,21713,21715,123
2025-03-26 11:12:00,21710,21710,21710,21710,36
2025-03-26 11:13:00,21707,21707,21707,21707,226
2025-03-26 11:14:00,21710,21710,21710,21710,18
2025-03-26 11:15:00,21710,21710,21709,21710,138
2025-03-26 11:16:00,21709,21709,21708,21709,71
2025-03-26 11:17:00,21706,21707,21706,21706,107
2025-03-26 11:18:00,21706,21706,21706,21706,46
2025-03-26 11:19:00,21706,21706,21705,21705,375
2025-03-26 11:20:00,21704,21706,21702,21704,171
2025-03-26 11:21:00,21704,21705,21702,21704,183
2025-03-26 11:22:00,21702,21702,21702,21702,128
2025-03-26 11:23:00,21702,21704,21700,21703,169
2025-03-26 11:24:00,21698,21699,21698,21699,203
2025-03-26 11:25:00,21701,21701,21700,21701,196
2025-03-26 11:26:00,21702,21702,21701,21702,30
2025-03-26 11:27:00,21701,21702,21700,21700,41
2025-03-26 11:28:00,21704,21704,21703,21703,92
2025-03-26 11:29:00,21702,21702,21701,21702,193
2025-03-26 11:30:00,21704,21704,21703,21704,235
2025-03-26 11:31:00,21705,21706,21703,21704,157
2025-03-26 11:32:00,21707,21707,21707,21707,229
2025-03-26 11:33:00,21704,21710,21704,21707,195
2025-03-26 11:34:00,21703,21705,21701,21704,134
2025-03-26 11:35:00,21702,21707,21700,21703,126
2025-03-26 11:36:00,21702,21702,21701,21701,74
2025-03-26 11:37:00,21699,21700,21699,21700,205
2025-03-26 11:38:00,21700,21701,21699,21700,261
2025-03-26 11:39:00,21695,21695,21695,21695,221
2025-03-26 11:40:00,21697,21697,21696,21696,57
2025-03-26 11:41:00,21698,21699,21698,21699,124
2025-03-26 11:42:00,21700,21700,21697,21699,55
2025-03-26 11:43:00,21695,21696,21694,21695,29
2025-03-26 11:44:00,21693,21694,21693,21693,127
2025-03-26 11:45:00,21693,21693,21693,21693,52
2025-03-26 11:46:00,21693,21694,21691,21694,193
2025-03-26 11:47:00,21694,21696,21694,21694,21
2025-03-26 11:48:00,21691,21692,21691,21691,182
2025-03-26 11:49:00,21689,21697,21688,21690,281
2025-03-26 11:50:00,21688,21691,21687,21688,297
2025-03-26 11:51:00,21689,21690,21689,21689,301
2025-03-26 11:52:00,21690,21692,21688,21689,107
2025-03-26 11:53:00,21693,21693,21692,21693,280
2025-03-26 11:54:00,21693,21693,21693,21693,261
2025-03-26 11:55:00,21696,21696,21696,21696,251
2025-03-26 11:56:00,21689,21689,21688,21689,200
2025-03-26 11:57:00,21690,21693,21690,21690,255
2025-03-26 11:58:00,21687,21687,21687,21687,302
2025-03-26 11:59:00,21693,21693,21691,21693,246
2025-03-26 12:00:00,21691,21692,21687,21692,200
2025-03-26 12:01:00,21693,21694,21691,21693,158
2025-03-26 12:02:00,21693,21693,21692,21693,202
2025-03-26 12:03:00,21694,21695,21693,21694,205
2025-03-26 12:04:00,21697,21698,21696,21697,67
2025-03-26 12:05:00,21695,21699,21695,21696,149
2025-03-26 12:06:00,21698,21699,21697,21698,321
2025-03-26 12:07:00,21698,21701,21698,21701,367
2025-03-26 12:08:00,21697,21697,21696,21697,288
2025-03-26 12:09:00,21695,21696,21695,21696,233
2025-03-26 12:10:00,21699,21700,21699,21699,36
2025-03-26 12:11:00,21702,21705,21699,21703,249
2025-03-26 12:12:00,21700,21702,21697,21700,230
2025-03-26 12:13:00,21703,21704,21702,21703,174
2025-03-26 12:14:00,21700,21700,21700,21700,328
2025-03-26 12:15:00,21695,21696,21695,21696,114
2025-03-26 12:16:00,21695,21696,21695,21695,189
2025-03-26 12:17:00,21692,21694,21688,21693,152
2025-03-26 12:18:00,21693,21693,21693,21693,1
2025-03-26 12:19:00,21699,21699,21697,21698,159
2025-03-26 12:20:00,21701,21701,21700,21700,200
2025-03-26 12:21:00,21702,21704,21702,21703,136
2025-03-26 12:22:00,21706,21707,21706,21706,109
2025-03-26 12:23:00,21708,21709,21708,21708,266
2025-03-26 12:24:00,21705,21705,21702,21705,236
2025-03-26 12:25:00,21708,21708,21708,21708,156
2025-03-26 12:26:00,21707,21708,21707,21708,237
2025-03-26 12:27:00,21706,21707,21705,21705,97
2025-03-26 12:28:00,21706,21706,21706,21706,357
2025-03-26 12:29:00,21711,21711,21711,21711,314
2025-03-26 12:30:00,21714,21716,21711,21712,111
2025-03-26 12:31:00,21709,21711,21709,21710,173
2025-03-26 12:32:00,21711,21711,21710,21710,242
2025-03-26 12:33:00,21713,21713,21712,21713,15
2025-03-26 12:34:00,21712,21713,21712,21712,366
2025-03-26 12:35:00,21714,21718,21714,21715,113
2025-03-26 12:36:00,21718,21719,21716,21719,216
2025-03-26 12:37:00,21718,21719,21718,21718,165
2025-03-26 12:38:00,21712,21714,21710,21712,18
2025-03-26 12:39:00,21714,21717,21712,21714,158
2025-03-26 12:40:00,21714,21716,21712,21712,343
2025-03-26 12:41:00,21718,21718,21707,21714,104
2025-03-26 12:42:00,21712,21714,21709,21712,193
2025-03-26 12:43:00,21709,21712,21709,21710,87
2025-03-26 12:44:00,21711,21711,21710,21710,117
2025-03-26 12:45:00,21713,21715,21712,21712,68
2025-03-26 12:46:00,21713,21713,21713,21713,248
2025-03-26 12:47:00,21712,21712,21712,21712,167
2025-03-26 12:48:00,21710,21710,21710,21710,230
2025-03-26 12:49:00,21710,21710,21709,21709,134
2025-03-26 12:50:00,21703,21703,21703,21703,188
2025-03-26 12:51:00,21706,21708,21706,21708,246
2025-03-26 12:52:00,21710,21713,21707,21710,120
2025-03-26 12:53:00,21708,21710,21705,21707,250
2025-03-26 12:54:00,21703,21703,21703,21703,245
2025-03-26 12:55:00,21704,21705,21704,21704,70
2025-03-26 12:56:00,21702,21702,21701,21702,175
2025-03-26 12:57:00,21702,21702,21701,21702,196
2025-03-26 12:58:00,21705,21705,21704,21705,217
2025-03-26 12:59:00,21697,21701,21697,21699,132
2025-03-26 13:00:00,21703,21704,21702,21704,39
2025-03-26 13:01:00,21702,21702,21700,21701,210
2025-03-26 13:02:00,21701,21703,21701,21702,114
2025-03-26 13:03:00,21700,21701,21700,21700,225
2025-03-26 13:04:00,21704,21704,21701,21702,65
2025-03-26 13:05:00,21702,21710,21701,21703,43
2025-03-26 13:06:00,21703,21707,21703,21705,287
2025-03-26 13:07:00,21702,21705,21702,21703,9
2025-03-26 13:08:00,21697,21698,21697,21697,217
2025-03-26 13:09:00,21701,21701,21701,21701,231
2025-03-26 13:10:00,21695,21695,21695,21695,198
2025-03-26 13:11:00,21692,21693,21689,21691,17
2025-03-26 13:12:00,21695,21696,21694,21694,183
2025-03-26 13:13:00,21696,21696,21696,21696,208
2025-03-26 13:14:00,21692,21693,21689,21692,133
2025-03-26 13:15:00,21692,21694,21690,21692,319
2025-03-26 13:16:00,21693,21693,21691,21693,139
2025-03-26 13:17:00,21687,21687,21686,21686,368
2025-03-26 13:18:00,21689,21693,21687,21689,277
2025-03-26 13:19:00,21697,21697,21697,21697,307
2025-03-26 13:20:00,21695,21696,21693,21695,289
2025-03-26 13:21:00,21697,21697,21697,21697,302
2025-03-26 13:22:00,21688,21689,21688,21689,89
2025-03-26 13:23:00,21687,21690,21687,21688,219
2025-03-26 13:24:00,21687,21687,21684,21686,249
2025-03-26 13:25:00,21686,21686,21680,21685,108
2025-03-26 13:26:00,21678,21683,21666,21678,340
2025-03-26 13:27:00,21671,21674,21667,21670,573
2025-03-26 13:28:00,21667,21667,21661,21666,385
2025-03-26 13:29:00,21658,21658,21658,21658,182
2025-03-26 13:30:00,21658,21658,21658,21658,388
2025-03-26 13:31:00,21659,21662,21659,21661,483
2025-03-26 13:32:00,21655,21657,21655,21657,639
2025-03-26 13:33:00,21646,21646,21644,21646,176
2025-03-26 13:34:00,21648,21648,21647,21648,378
2025-03-26 13:35:00,21639,21642,21638,21641,235
2025-03-26 13:36:00,21642,21643,21642,21642,427
2025-03-26 13:37:00,21641,21643,21641,21641,245
2025-03-26 13:38:00,21643,21643,21641,21641,421
2025-03-26 13:39:00,21641,21643,21640,21641,210
2025-03-26 13:40:00,21635,21638,21635,21636,131
2025-03-26 13:41:00,21637,21641,21629,21635,423
2025-03-26 13:42:00,21643,21643,21633,21639,44
2025-03-26 13:43:00,21641,21643,21634,21641,399
2025-03-26 13:44:00,21642,21645,21642,21643,232
2025-03-27 08:45:00,21673,21673,21672,21673,350
2025-03-27 08:46:00,21668,21670,21665,21670,256
2025-03-27 08:47:00,21668,21668,21667,21668,455
2025-03-27 08:48:00,21670,21674,21670,21671,378
2025-03-27 08:49:00,21662,21663,21660,21662,163
2025-03-27 08:50:00,21667,21668,21664,21665,441
2025-03-27 08:51:00,21655,21655,21653,21654,629
2025-03-27 08:52:00,21642,21643,21642,21642,433
2025-03-27 08:53:00,21642,21642,21642,21642,328
2025-03-27 08:54:00,21639,21643,21628,21638,1
2025-03-27 08:55:00,21636,21639,21635,21636,312
2025-03-27 08:56:00,21634,21638,21634,21636,308
2025-03-27 08:57:00,21635,21637,21635,21636,304
2025-03-27 08:58:00,21637,21637,21635,21635,165
2025-03-27 08:59:00,21626,21626,21625,21626,1
2025-03-27 09:00:00,21626,21626,21625,21626,99
2025-03-27 09:01:00,21629,21629,21628,21628,131
2025-03-27 09:02:00,21631,21631,21628,21629,246
2025-03-27 09:03:00,21634,21634,21632,21633,427
2025-03-27 09:04:00,21636,21636,21636,21636,416
2025-03-27 09:05:00,21637,21638,21636,21637,1
2025-03-27 09:06:00,21639,21641,21636,21640,304
2025-03-27 09:07:00,21643,21644,21640,21642,1
2025-03-27 09:08:00,21644,21644,21642,21644,20
2025-03-27 09:09:00,21644,21648,21642,21648,78
2025-03-27 09:10:00,21651,21651,21650,21651,257
2025-03-27 09:11:00,21656,21657,21656,21656,167
2025-03-27 09:12:00,21662,21666,21662,21663,352
2025-03-27 09:13:00,21665,21665,21664,21665,197
2025-03-27 09:14:00,21668,21674,21666,21670,271
2025-03-27 09:15:00,21674,21675,21674,21674,150
2025-03-27 09:16:00,21679,21679,21678,21678,152
2025-03-27 09:17:00,21679,21679,21678,21679,247
2025-03-27 09:18:00,21681,21681,21679,21681,135
2025-03-27 09:19:00,21681,21682,21681,21682,159
2025-03-27 09:20:00,21678,21678,21676,21677,43
2025-03-27 09:21:00,21682,21682,21680,21681,77
2025-03-27 09:22:00,21679,21681,21679,21679,232
2025-03-27 09:23:00,21682,21682,21682,21682,183
2025-03-27 09:24:00,21687,21687,21686,21686,375
2025-03-27 09:25:00,21686,21686,21686,21686,100
2025-03-27 09:26:00,21685,21685,21681,21682,202
2025-03-27 09:27:00,21682,21682,21682,21682,195
2025-03-27 09:28:00,21681,21681,21676,21677,116
2025-03-27 09:29:00,21676,21676,21676,21676,260
2025-03-27 09:30:00,21681,21683,21681,21681,316
2025-03-27 09:31:00,21685,21685,21684,21685,139
2025-03-27 09:32:00,21686,21687,21685,21685,138
2025-03-27 09:33:00,21687,21689,21687,21687,258
2025-03-27 09:34:00,21691,21692,21691,21691,184
2025-03-27 09:35:00,21693,21695,21692,21692,124
2025-03-27 09:36:00,21692,21695,21691,21693,116
2025-03-27 09:37:00,21692,21693,21692,21693,1
2025-03-27 09:38:00,21698,21700,21697,21699,164
2025-03-27 09:39:00,21694,21698,21690,21694,91
2025-03-27 09:40:00,21695,21695,21695,21695,162
2025-03-27 09:41:00,21694,21695,21693,21694,1
2025-03-27 09:42:00,21691,21694,21690,21692,143
2025-03-27 09:43:00,21695,21695,21695,21695,62
2025-03-27 09:44:00,21697,21698,21697,21697,112
2025-03-27 09:45:00,21702,21703,21702,21702,187
2025-03-27 09:46:00,21706,21706,21706,21706,115
2025-03-27 09:47:00,21704,21705,21704,21704,124
2025-03-27 09:48:00,21705,21706,21704,21705,195
2025-03-27 09:49:00,21704,21705,21704,21704,365
2025-03-27 09:50:00,21706,21706,21706,21706,222
2025-03-27 09:51:00,21702,21704,21702,21703,1
2025-03-27 09:52:00,21708,21708,21708,21708,280
2025-03-27 09:53:00,21708,21709,21707,21709,268
2025-03-27 09:54:00,21713,21714,21713,21714,71
2025-03-27 09:55:00,21720,21720,21717,21719,183
2025-03-27 09:56:00,21724,21728,21723,21724,105
2025-03-27 09:57:00,21724,21724,21724,21724,174
2025-03-27 09:58:00,21723,21723,21723,21723,185
2025-03-27 09:59:00,21722,21725,21720,21722,172
2025-03-27 10:00:00,21722,21724,21721,21722,280
2025-03-27 10:01:00,21725,21725,21725,21725,158
2025-03-27 10:02:00,21720,21724,21716,21720,10
2025-03-27 10:03:00,21716,21719,21716,21718,286
2025-03-27 10:04:00,21721,21722,21718,21718,191
2025-03-27 10:05:00,21721,21721,21720,21720,304
2025-03-27 10:06:00,21717,21718,21716,21718,308
2025-03-27 10:07:00,21718,21718,21718,21718,253
2025-03-27 10:08:00,21719,21719,21719,21719,106
2025-03-27 10:09:00,21722,21725,21722,21724,343
2025-03-27 10:10:00,21726,21726,21726,21726,287
2025-03-27 10:11:00,21729,21729,21729,21729,263
2025-03-27 10:12:00,21729,21731,21729,21729,180
2025-03-27 10:13:00,21729,21730,21728,21729,240
2025-03-27 10:14:00,21732,21732,21731,21732,198
2025-03-27 10:15:00,21730,21731,21730,21730,107
2025-03-27 10:16:00,21729,21733,21728,21729,96
2025-03-27 10:17:00,21728,21728,21726,21728,109
2025-03-27 10:18:00,21726,21727,21726,21727,328
2025-03-27 10:19:00,21730,21730,21730,21730,41
2025-03-27 10:20:00,21726,21726,21724,21726,155
2025-03-27 10:21:00,21730,21732,21730,21732,162
2025-03-27 10:22:00,21730,21730,21729,21730,166
2025-03-27 10:23:00,21727,21729,21727,21728,202
2025-03-27 10:24:00,21724,21725,21721,21724,194
2025-03-27 10:25:00,21726,21727,21726,21726,338
2025-03-27 10:26:00,21724,21726,21722,21724,250
2025-03-27 10:27:00,21720,21720,21720,21720,57
2025-03-27 10:28:00,21720,21721,21720,21721,115
2025-03-27 10:29:00,21722,21722,21722,21722,248
2025-03-27 10:30:00,21723,21724,21722,21722,153
2025-03-27 10:31:00,21723,21723,21722,21723,193
2025-03-27 10:32:00,21722,21722,21721,21721,361
2025-03-27 10:33:00,21719,21719,21717,21718,51
2025-03-27 10:34:00,21718,21719,21718,21718,249
2025-03-27 10:35:00,21713,21721,21713,21715,71
2025-03-27 10:36:00,21713,21714,21713,21713,176
2025-03-27 10:37:00,21711,21713,21710,21712,195
2025-03-27 10:38:00,21713,21713,21713,21713,123
2025-03-27 10:39:00,21708,21708,21705,21708,41
2025-03-27 10:40:00,21702,21702,21702,21702,234
2025-03-27 10:41:00,21702,21705,21697,21701,220
2025-03-27 10:42:00,21702,21703,21702,21703,120
2025-03-27 10:43:00,21710,21710,21709,21710,274
2025-03-27 10:44:00,21706,21706,21702,21705,168
2025-03-27 10:45:00,21701,21702,21701,21701,186
2025-03-27 10:46:00,21699,21700,21696,21698,1
2025-03-27 10:47:00,21700,21701,21700,21700,134
2025-03-27 10:48:00,21703,21703,21702,21703,189
2025-03-27 10:49:00,21701,21703,21700,21701,114
2025-03-27 10:50:00,21697,21699,21697,21698,170
2025-03-27 10:51:00,21698,21699,21696,21698,217
2025-03-27 10:52:00,21700,21700,21700,21700,139
2025-03-27 10:53:00,21704,21704,21704,21704,150
2025-03-27 10:54:00,21707,21707,21707,21707,125
2025-03-27 10:55:00,21705,21706,21705,21706,180
2025-03-27 10:56:00,21705,21705,21704,21705,161
2025-03-27 10:57:00,21703,21703,21702,21703,83
2025-03-27 10:58:00,21705,21705,21705,21705,249
2025-03-27 10:59:00,21708,21708,21707,21707,142
2025-03-27 11:00:00,21710,21710,21707,21709,84
2025-03-27 11:01:00,21707,21708,21707,21708,219
2025-03-27 11:02:00,21707,21707,21706,21707,186
2025-03-27 11:03:00,21705,21706,21705,21705,89
2025-03-27 11:04:00,21702,21702,21702,21702,175
2025-03-27 11:05:00,21703,21703,21702,21703,101
2025-03-27 11:06:00,21703,21704,21701,21704,131
2025-03-27 11:07:00,21704,21705,21704,21704,99
2025-03-27 11:08:00,21703,21703,21703,21703,73
2025-03-27 11:09:00,21700,21700,21700,21700,103
2025-03-27 11:10:00,21700,21700,21699,21700,144
2025-03-27 11:11:00,21703,21704,21703,21704,156
2025-03-27 11:12:00,21702,21705,21702,21702,40
2025-03-27 11:13:00,21694,21694,21694,21694,136
2025-03-27 11:14:00,21694,21694,21693,21693,166
2025-03-27 11:15:00,21696,21698,21696,21696,194
2025-03-27 11:16:00,21698,21699,21698,21698,202
2025-03-27 11:17:00,21699,21699,21697,21698,18
2025-03-27 11:18:00,21696,21699,21693,21696,176
2025-03-27 11:19:00,21697,21700,21695,21697,171
2025-03-27 11:20:00,21700,21700,21699,21700,130
2025-03-27 11:21:00,21699,21701,21698,21699,164
2025-03-27 11:22:00,21700,21704,21695,21699,309
2025-03-27 11:23:00,21700,21700,21700,21700,1
2025-03-27 11:24:00,21700,21700,21700,21700,62
2025-03-27 11:25:00,21703,21703,21703,21703,73
2025-03-27 11:26:00,21706,21706,21706,21706,97
2025-03-27 11:27:00,21709,21711,21707,21709,233
2025-03-27 11:28:00,21707,21709,21706,21707,52
2025-03-27 11:29:00,21707,21707,21706,21707,105
2025-03-27 11:30:00,21706,21706,21705,21706,303
2025-03-27 11:31:00,21710,21710,21710,21710,136
2025-03-27 11:32:00,21714,21715,21713,21713,183
2025-03-27 11:33:00,21711,21711,21711,21711,137
2025-03-27 11:34:00,21708,21708,21706,21708,260
2025-03-27 11:35:00,21707,21708,21707,21707,61
2025-03-27 11:36:00,21707,21709,21703,21705,120
2025-03-27 11:37:00,21704,21707,21704,21705,104
2025-03-27 11:38:00,21703,21704,21703,21703,41
2025-03-27 11:39:00,21705,21705,21704,21705,203
2025-03-27 11:40:00,21705,21707,21705,21706,270
2025-03-27 11:41:00,21711,21711,21711,21711,129
2025-03-27 11:42:00,21710,21710,21708,21709,222
2025-03-27 11:43:00,21712,21712,21711,21712,140
2025-03-27 11:44:00,21713,21713,21713,21713,93
2025-03-27 11:45:00,21711,21712,21711,21711,136
2025-03-27 11:46:00,21710,21710,21710,21710,114
2025-03-27 11:47:00,21711,21711,21711,21711,70
2025-03-27 11:48:00,21711,21711,21711,21711,160
2025-03-27 11:49:00,21715,21715,21715,21715,225
2025-03-27 11:50:00,21711,21713,21711,21712,174
2025-03-27 11:51:00,21713,21715,21713,21714,126
2025-03-27 11:52:00,21712,21713,21712,21713,147
2025-03-27 11:53:00,21714,21714,21712,21713,262
2025-03-27 11:54:00,21711,21711,21707,21710,217
2025-03-27 11:55:00,21711,21712,21708,21711,122
2025-03-27 11:56:00,21708,21708,21707,21707,250
2025-03-27 11:57:00,21702,21703,21702,21703,72
2025-03-27 11:58:00,21699,21699,21699,21699,289
2025-03-27 11:59:00,21705,21707,21705,21706,169
2025-03-27 12:00:00,21707,21707,21705,21707,136
2025-03-27 12:01:00,21706,21707,21705,21706,238
2025-03-27 12:02:00,21703,21704,21703,21703,141
2025-03-27 12:03:00,21708,21708,21707,21707,271
2025-03-27 12:04:00,21714,21714,21714,21714,89
2025-03-27 12:05:00,21715,21715,21714,21714,262
2025-03-27 12:06:00,21713,21714,21713,21713,79
2025-03-27 12:07:00,21709,21710,21708,21709,214
2025-03-27 12:08:00,21710,21712,21710,21711,156
2025-03-27 12:09:00,21709,21709,21709,21709,70
2025-03-27 12:10:00,21706,21707,21706,21706,89
2025-03-27 12:11:00,21706,21706,21706,21706,97
2025-03-27 12:12:00,21705,21705,21705,21705,180
2025-03-27 12:13:00,21704,21704,21704,21704,264
2025-03-27 12:14:00,21700,21701,21700,21701,245
2025-03-27 12:15:00,21697,21698,21697,21698,337
2025-03-27 12:16:00,21693,21700,21693,21694,243
2025-03-27 12:17:00,21694,21694,21694,21694,203
2025-03-27 12:18:00,21693,21693,21693,21693,130
2025-03-27 12:19:00,21689,21690,21689,21689,136
2025-03-27 12:20:00,21690,21690,21687,21689,213
2025-03-27 12:21:00,21689,21689,21688,21688,208
2025-03-27 12:22:00,21686,21688,21684,21685,217
2025-03-27 12:23:00,21684,21684,21684,21684,384
2025-03-27 12:24:00,21685,21686,21685,21686,262
2025-03-27 12:25:00,21683,21689,21678,21683,81
2025-03-27 12:26:00,21683,21685,21681,21682,225
2025-03-27 12:27:00,21682,21683,21681,21682,31
2025-03-27 12:28:00,21683,21683,21680,21682,82
2025-03-27 12:29:00,21687,21687,21687,21687,214
2025-03-27 12:30:00,21688,21688,21685,21686,259
2025-03-27 12:31:00,21686,21687,21686,21686,264
2025-03-27 12:32:00,21683,21684,21683,21683,371
2025-03-27 12:33:00,21682,21682,21681,21682,202
2025-03-27 12:34:00,21682,21682,21682,21682,287
2025-03-27 12:35:00,21683,21683,21681,21682,43
2025-03-27 12:36:00,21685,21688,21685,21685,104
2025-03-27 12:37:00,21685,21686,21685,21686,102
2025-03-27 12:38:00,21682,21682,21681,21682,144
2025-03-27 12:39:00,21682,21683,21682,21682,150
2025-03-27 12:40:00,21682,21683,21681,21682,136
2025-03-27 12:41:00,21685,21685,21683,21684,96
2025-03-27 12:42:00,21685,21688,21682,21686,214
2025-03-27 12:43:00,21681,21683,21680,21681,86
2025-03-27 12:44:00,21683,21683,21683,21683,162
2025-03-27 12:45:00,21686,21688,21685,21687,278
2025-03-27 12:46:00,21692,21693,21692,21693,169
2025-03-27 12:47:00,21697,21698,21697,21698,104
2025-03-27 12:48:00,21698,21699,21696,21698,162
2025-03-27 12:49:00,21702,21702,21701,21702,52
2025-03-27 12:50:00,21700,21705,21700,21701,228
2025-03-27 12:51:00,21696,21696,21695,21696,136
2025-03-27 12:52:00,21703,21704,21703,21703,229
2025-03-27 12:53:00,21697,21699,21697,21697,131
2025-03-27 12:54:00,21697,21700,21693,21694,226
2025-03-27 12:55:00,21696,21696,21694,21696,233
2025-03-27 12:56:00,21692,21696,21692,21694,302
2025-03-27 12:57:00,21693,21695,21693,21695,133
2025-03-27 12:58:00,21695,21695,21694,21695,1
2025-03-27 12:59:00,21699,21700,21696,21697,223
2025-03-27 13:00:00,21695,21697,21693,21695,290
2025-03-27 13:01:00,21696,21696,21696,21696,285
2025-03-27 13:02:00,21694,21695,21694,21694,418
2025-03-27 13:03:00,21700,21701,21700,21700,197
2025-03-27 13:04:00,21704,21704,21702,21704,175
2025-03-27 13:05:00,21704,21704,21701,21703,249
2025-03-27 13:06:00,21707,21708,21704,21707,188
2025-03-27 13:07:00,21708,21708,21708,21708,261
2025-03-27 13:08:00,21706,21706,21704,21705,356
2025-03-27 13:09:00,21703,21704,21701,21703,132
2025-03-27 13:10:00,21703,21704,21699,21703,256
2025-03-27 13:11:00,21702,21710,21700,21703,106
2025-03-27 13:12:00,21700,21700,21700,21700,337
2025-03-27 13:13:00,21696,21696,21696,21696,199
2025-03-27 13:14:00,21696,21696,21695,21696,190
2025-03-27 13:15:00,21693,21695,21692,21693,277
2025-03-27 13:16:00,21700,21702,21698,21700,70
2025-03-27 13:17:00,21706,21707,21706,21706,265
2025-03-27 13:18:00,21715,21715,21713,21715,1
2025-03-27 13:19:00,21706,21709,21706,21706,252
2025-03-27 13:20:00,21703,21703,21703,21703,219
2025-03-27 13:21:00,21700,21702,21699,21701,68
2025-03-27 13:22:00,21699,21702,21699,21700,344
2025-03-27 13:23:00,21702,21703,21702,21702,356
2025-03-27 13:24:00,21706,21707,21706,21707,307
2025-03-27 13:25:00,21707,21707,21699,21703,253
2025-03-27 13:26:00,21702,21704,21702,21703,449
2025-03-27 13:27:00,21719,21721,21717,21719,419
2025-03-27 13:28:00,21709,21715,21706,21711,454
2025-03-27 13:29:00,21719,21722,21718,21720,356
2025-03-27 13:30:00,21720,21723,21720,21722,54
2025-03-27 13:31:00,21716,21716,21716,21716,707
2025-03-27 13:32:00,21713,21715,21711,21712,474
2025-03-27 13:33:00,21710,21711,21709,21710,353
2025-03-27 13:34:00,21697,21697,21694,21697,326
2025-03-27 13:35:00,21695,21706,21694,21695,525
2025-03-27 13:36:00,21701,21701,21700,21700,388
2025-03-27 13:37:00,21696,21696,21696,21696,336
2025-03-27 13:38:00,21686,21686,21682,21685,467
2025-03-27 13:39:00,21697,21697,21697,21697,245
2025-03-27 13:40:00,21689,21698,21685,21690,53
2025-03-27 13:41:00,21689,21693,21688,21690,477
2025-03-27 13:42:00,21693,21693,21691,21691,420
2025-03-27 13:43:00,21685,21688,21685,21685,311
2025-03-27 13:44:00,21682,21683,21681,21681,422
2025-03-28 08:45:00,21682,21683,21681,21682,561
2025-03-28 08:46:00,21680,21684,21676,21678,273
2025-03-28 08:47:00,21681,21683,21680,21680,657
2025-03-28 08:48:00,21684,21689,21682,21686,402
2025-03-28 08:49:00,21680,21680,21678,21679,263
2025-03-28 08:50:00,21678,21679,21676,21678,337
2025-03-28 08:51:00,21680,21686,21677,21680,497
2025-03-28 08:52:00,21683,21683,21683,21683,329
2025-03-28 08:53:00,21674,21685,21674,21675,467
2025-03-28 08:54:00,21685,21685,21685,21685,277
2025-03-28 08:55:00,21688,21688,21688,21688,283
2025-03-28 08:56:00,21686,21687,21685,21686,365
2025-03-28 08:57:00,21682,21682,21681,21682,399
2025-03-28 08:58:00,21687,21687,21687,21687,250
2025-03-28 08:59:00,21682,21683,21679,21681,156
2025-03-28 09:00:00,21686,21686,21685,21686,121
2025-03-28 09:01:00,21683,21685,21681,21683,123
2025-03-28 09:02:00,21690,21690,21689,21690,219
2025-03-28 09:03:00,21691,21691,21691,21691,212
2025-03-28 09:04:00,21694,21697,21693,21694,1
2025-03-28 09:05:00,21691,21692,21690,21691,492
2025-03-28 09:06:00,21694,21696,21694,21696,197
2025-03-28 09:07:00,21698,21700,21698,21698,254
2025-03-28 09:08:00,21697,21698,21692,21697,364
2025-03-28 09:09:00,21702,21703,21702,21703,277
2025-03-28 09:10:00,21712,21713,21711,21712,130
2025-03-28 09:11:00,21711,21711,21711,21711,352
2025-03-28 09:12:00,21718,21720,21718,21719,321
2025-03-28 09:13:00,21720,21720,21720,21720,47
2025-03-28 09:14:00,21728,21730,21728,21728,258
2025-03-28 09:15:00,21723,21729,21723,21726,250
2025-03-28 09:16:00,21727,21728,21727,21727,1
2025-03-28 09:17:00,21732,21732,21730,21731,200
2025-03-28 09:18:00,21733,21733,21732,21732,8
2025-03-28 09:19:00,21732,21732,21732,21732,169
2025-03-28 09:20:00,21735,21737,21735,21736,266
2025-03-28 09:21:00,21732,21733,21728,21733,289
2025-03-28 09:22:00,21732,21732,21732,21732,130
2025-03-28 09:23:00,21732,21732,21732,21732,37
2025-03-28 09:24:00,21731,21737,21728,21731,204
2025-03-28 09:25:00,21738,21738,21738,21738,140
2025-03-28 09:26:00,21738,21738,21738,21738,218
2025-03-28 09:27:00,21738,21739,21738,21739,251
2025-03-28 09:28:00,21738,21738,21738,21738,352
2025-03-28 09:29:00,21741,21746,21736,21739,231
2025-03-28 09:30:00,21738,21738,21736,21736,167
2025-03-28 09:31:00,21733,21733,21731,21732,215
2025-03-28 09:32:00,21731,21732,21730,21730,228
2025-03-28 09:33:00,21735,21737,21735,21735,225
2025-03-28 09:34:00,21727,21731,21727,21730,229
2025-03-28 09:35:00,21727,21728,21727,21727,322
2025-03-28 09:36:00,21727,21727,21725,21726,255
2025-03-28 09:37:00,21729,21729,21728,21728,288
2025-03-28 09:38:00,21730,21731,21730,21730,146
2025-03-28 09:39:00,21730,21730,21729,21730,150
2025-03-28 09:40:00,21727,21730,21725,21729,210
2025-03-28 09:41:00,21733,21734,21733,21733,93
2025-03-28 09:42:00,21728,21728,21724,21726,134
2025-03-28 09:43:00,21732,21734,21732,21733,336
2025-03-28 09:44:00,21736,21737,21735,21735,269
2025-03-28 09:45:00,21732,21733,21730,21731,91
2025-03-28 09:46:00,21732,21734,21732,21733,150
2025-03-28 09:47:00,21729,21729,21729,21729,138
2025-03-28 09:48:00,21730,21730,21730,21730,156
2025-03-28 09:49:00,21723,21723,21722,21723,257
2025-03-28 09:50:00,21720,21723,21718,21720,91
2025-03-28 09:51:00,21724,21724,21723,21723,231
2025-03-28 09:52:00,21723,21724,21723,21723,176
2025-03-28 09:53:00,21723,21724,21722,21723,210
2025-03-28 09:54:00,21723,21723,21723,21723,200
2025-03-28 09:55:00,21723,21724,21723,21724,167
2025-03-28 09:56:00,21722,21723,21722,21723,197
2025-03-28 09:57:00,21721,21724,21721,21722,127
2025-03-28 09:58:00,21718,21718,21716,21718,168
2025-03-28 09:59:00,21719,21721,21719,21720,384
2025-03-28 10:00:00,21717,21718,21716,21717,293
2025-03-28 10:01:00,21713,21715,21713,21714,61
2025-03-28 10:02:00,21716,21716,21716,21716,116
2025-03-28 10:03:00,21713,21713,21713,21713,164
2025-03-28 10:04:00,21711,21711,21710,21711,185
2025-03-28 10:05:00,21712,21712,21711,21712,197
2025-03-28 10:06:00,21709,21710,21709,21710,164
2025-03-28 10:07:00,21711,21711,21710,21710,253
2025-03-28 10:08:00,21708,21708,21708,21708,243
2025-03-28 10:09:00,21704,21706,21704,21705,25
2025-03-28 10:10:00,21705,21705,21704,21705,177
2025-03-28 10:11:00,21699,21699,21699,21699,293
2025-03-28 10:12:00,21699,21699,21698,21698,132
2025-03-28 10:13:00,21697,21698,21694,21695,284
2025-03-28 10:14:00,21691,21692,21689,21692,158
2025-03-28 10:15:00,21698,21698,21698,21698,233
2025-03-28 10:16:00,21695,21699,21694,21695,128
2025-03-28 10:17:00,21695,21699,21694,21695,332
2025-03-28 10:18:00,21695,21695,21695,21695,175
2025-03-28 10:19:00,21694,21694,21694,21694,266
2025-03-28 10:20:00,21690,21698,21690,21694,241
2025-03-28 10:21:00,21689,21689,21689,21689,216
2025-03-28 10:22:00,21689,21689,21686,21687,304
2025-03-28 10:23:00,21687,21687,21682,21684,42
2025-03-28 10:24:00,21686,21688,21686,21687,152
2025-03-28 10:25:00,21687,21688,21687,21687,136
2025-03-28 10:26:00,21687,21692,21686,21689,166
2025-03-28 10:27:00,21692,21694,21691,21693,116
2025-03-28 10:28:00,21690,21691,21690,21691,72
2025-03-28 10:29:00,21693,21694,21693,21693,315
2025-03-28 10:30:00,21692,21695,21691,21693,414
2025-03-28 10:31:00,21689,21690,21688,21689,299
2025-03-28 10:32:00,21689,21690,21689,21689,199
2025-03-28 10:33:00,21687,21691,21684,21689,185
2025-03-28 10:34:00,21694,21695,21694,21694,290
2025-03-28 10:35:00,21695,21695,21695,21695,307
2025-03-28 10:36:00,21689,21691,21689,21689,301
2025-03-28 10:37:00,21691,21692,21688,21691,120
2025-03-28 10:38:00,21693,21694,21693,21693,167
2025-03-28 10:39:00,21696,21696,21696,21696,116
2025-03-28 10:40:00,21695,21695,21695,21695,145
2025-03-28 10:41:00,21698,21699,21697,21697,242
2025-03-28 10:42:00,21700,21700,21699,21699,272
2025-03-28 10:43:00,21697,21700,21697,21698,1
2025-03-28 10:44:00,21694,21694,21694,21694,130
2025-03-28 10:45:00,21693,21694,21693,21693,159
2025-03-28 10:46:00,21697,21698,21696,21697,15
2025-03-28 10:47:00,21696,21697,21696,21697,140
2025-03-28 10:48:00,21701,21702,21700,21701,123
2025-03-28 10:49:00,21702,21702,21702,21702,46
2025-03-28 10:50:00,21704,21704,21702,21703,186
2025-03-28 10:51:00,21703,21703,21703,21703,147
2025-03-28 10:52:00,21702,21705,21702,21704,114
2025-03-28 10:53:00,21707,21709,21706,21707,178
2025-03-28 10:54:00,21699,21704,21699,21700,270
2025-03-28 10:55:00,21703,21705,21700,21703,203
2025-03-28 10:56:00,21701,21702,21701,21701,299
2025-03-28 10:57:00,21701,21702,21701,21702,78
2025-03-28 10:58:00,21705,21705,21703,21704,243
2025-03-28 10:59:00,21700,21701,21700,21700,1
2025-03-28 11:00:00,21700,21700,21700,21700,34
2025-03-28 11:01:00,21700,21700,21698,21700,168
2025-03-28 11:02:00,21704,21704,21704,21704,90
2025-03-28 11:03:00,21703,21703,21703,21703,223
2025-03-28 11:04:00,21700,21701,21698,21700,67
2025-03-28 11:05:00,21698,21699,21698,21698,201
2025-03-28 11:06:00,21698,21701,21696,21697,155
2025-03-28 11:07:00,21699,21700,21697,21698,184
2025-03-28 11:08:00,21695,21696,21695,21695,126
2025-03-28 11:09:00,21699,21699,21698,21698,331
2025-03-28 11:10:00,21701,21702,21701,21701,33
2025-03-28 11:11:00,21700,21700,21699,21700,131
2025-03-28 11:12:00,21698,21700,21697,21699,184
2025-03-28 11:13:00,21701,21702,21700,21701,94
2025-03-28 11:14:00,21698,21700,21697,21698,181
2025-03-28 11:15:00,21698,21698,21697,21698,186
2025-03-28 11:16:00,21696,21697,21695,21696,205
2025-03-28 11:17:00,21693,21695,21693,21694,1
2025-03-28 11:18:00,21697,21697,21697,21697,109
2025-03-28 11:19:00,21698,21698,21696,21697,171
2025-03-28 11:20:00,21698,21699,21697,21698,196
2025-03-28 11:21:00,21699,21699,21699,21699,242
2025-03-28 11:22:00,21698,21699,21698,21698,81
2025-03-28 11:23:00,21696,21696,21695,21696,201
2025-03-28 11:24:00,21700,21701,21699,21700,191
2025-03-28 11:25:00,21698,21700,21698,21700,92
2025-03-28 11:26:00,21697,21698,21697,21697,188
2025-03-28 11:27:00,21695,21697,21695,21696,125
2025-03-28 11:28:00,21699,21699,21699,21699,256
2025-03-28 11:29:00,21698,21699,21697,21698,113
2025-03-28 11:30:00,21698,21699,21698,21699,156
2025-03-28 11:31:00,21701,21701,21698,21700,80
2025-03-28 11:32:00,21697,21698,21696,21697,151
2025-03-28 11:33:00,21690,21690,21690,21690,155
2025-03-28 11:34:00,21696,21697,21695,21695,223
2025-03-28 11:35:00,21698,21699,21698,21698,216
2025-03-28 11:36:00,21693,21698,21691,21693,249
2025-03-28 11:37:00,21697,21697,21697,21697,127
2025-03-28 11:38:00,21697,21698,21695,21696,1
2025-03-28 11:39:00,21689,21690,21689,21689,268
2025-03-28 11:40:00,21688,21690,21688,21689,60
2025-03-28 11:41:00,21688,21688,21687,21688,98
2025-03-28 11:42:00,21689,21689,21688,21689,257
2025-03-28 11:43:00,21689,21689,21688,21689,167
2025-03-28 11:44:00,21690,21690,21689,21689,65
2025-03-28 11:45:00,21689,21689,21689,21689,192
2025-03-28 11:46:00,21688,21690,21688,21689,386
2025-03-28 11:47:00,21690,21690,21689,21689,264
2025-03-28 11:48:00,21691,21693,21690,21692,173
2025-03-28 11:49:00,21691,21691,21691,21691,74
2025-03-28 11:50:00,21686,21688,21686,21687,155
2025-03-28 11:51:00,21687,21688,21687,21687,106
2025-03-28 11:52:00,21689,21690,21689,21690,232
2025-03-28 11:53:00,21693,21693,21693,21693,226
2025-03-28 11:54:00,21691,21691,21689,21691,248
2025-03-28 11:55:00,21693,21693,21691,21692,180
2025-03-28 11:56:00,21689,21689,21688,21688,282
2025-03-28 11:57:00,21692,21692,21692,21692,132
2025-03-28 11:58:00,21695,21696,21695,21696,150
2025-03-28 11:59:00,21694,21695,21694,21694,245
2025-03-28 12:00:00,21694,21694,21694,21694,250
2025-03-28 12:01:00,21697,21698,21697,21697,80
2025-03-28 12:02:00,21693,21696,21687,21694,331
2025-03-28 12:03:00,21691,21692,21691,21692,231
2025-03-28 12:04:00,21695,21695,21695,21695,8
2025-03-28 12:05:00,21697,21697,21696,21697,100
2025-03-28 12:06:00,21698,21700,21697,21698,1
2025-03-28 12:07:00,21701,21703,21697,21700,326
2025-03-28 12:08:00,21699,21699,21696,21698,86
2025-03-28 12:09:00,21699,21701,21698,21701,264
2025-03-28 12:10:00,21700,21700,21699,21700,189
2025-03-28 12:11:00,21701,21702,21701,21701,135
2025-03-28 12:12:00,21700,21701,21700,21700,289
2025-03-28 12:13:00,21699,21700,21699,21700,164
2025-03-28 12:14:00,21693,21696,21693,21695,104
2025-03-28 12:15:00,21697,21697,21696,21697,228
2025-03-28 12:16:00,21695,21698,21693,21696,40
2025-03-28 12:17:00,21688,21689,21687,21688,72
2025-03-28 12:18:00,21685,21686,21684,21685,130
2025-03-28 12:19:00,21686,21689,21686,21687,188
2025-03-28 12:20:00,21685,21686,21681,21684,1
2025-03-28 12:21:00,21681,21681,21677,21679,272
2025-03-28 12:22:00,21677,21677,21677,21677,105
2025-03-28 12:23:00,21683,21683,21683,21683,117
2025-03-28 12:24:00,21682,21683,21682,21683,302
2025-03-28 12:25:00,21680,21681,21680,21680,153
2025-03-28 12:26:00,21679,21679,21678,21679,154
2025-03-28 12:27:00,21685,21686,21681,21683,160
2025-03-28 12:28:00,21685,21687,21685,21686,173
2025-03-28 12:29:00,21686,21686,21684,21685,194
2025-03-28 12:30:00,21684,21685,21684,21684,166
2025-03-28 12:31:00,21685,21686,21684,21684,120
2025-03-28 12:32:00,21686,21686,21684,21686,251
2025-03-28 12:33:00,21682,21683,21682,21683,115
2025-03-28 12:34:00,21684,21690,21684,21686,169
2025-03-28 12:35:00,21686,21686,21686,21686,82
2025-03-28 12:36:00,21689,21689,21689,21689,241
2025-03-28 12:37:00,21694,21696,21692,21695,121
2025-03-28 12:38:00,21693,21693,21693,21693,244
2025-03-28 12:39:00,21691,21691,21691,21691,251
2025-03-28 12:40:00,21693,21693,21693,21693,214
2025-03-28 12:41:00,21693,21693,21692,21693,105
2025-03-28 12:42:00,21687,21688,21687,21688,212
2025-03-28 12:43:00,21689,21690,21689,21690,127
2025-03-28 12:44:00,21685,21686,21685,21685,174
2025-03-28 12:45:00,21686,21689,21685,21686,63
2025-03-28 12:46:00,21687,21688,21685,21687,191
2025-03-28 12:47:00,21689,21690,21688,21688,359
2025-03-28 12:48:00,21689,21689,21689,21689,292
2025-03-28 12:49:00,21692,21692,21690,21692,157
2025-03-28 12:50:00,21696,21697,21695,21696,338
2025-03-28 12:51:00,21698,21698,21697,21698,170
2025-03-28 12:52:00,21701,21701,21700,21701,90
2025-03-28 12:53:00,21698,21699,21698,21699,192
2025-03-28 12:54:00,21703,21703,21703,21703,199
2025-03-28 12:55:00,21703,21703,21702,21703,102
2025-03-28 12:56:00,21704,21705,21704,21705,92
2025-03-28 12:57:00,21698,21701,21698,21700,214
2025-03-28 12:58:00,21698,21700,21698,21699,122
2025-03-28 12:59:00,21694,21695,21694,21694,317
2025-03-28 13:00:00,21697,21697,21697,21697,267
2025-03-28 13:01:00,21698,21700,21698,21699,79
2025-03-28 13:02:00,21699,21699,21699,21699,240
2025-03-28 13:03:00,21707,21707,21706,21706,151
2025-03-28 13:04:00,21703,21703,21703,21703,195
2025-03-28 13:05:00,21697,21697,21697,21697,56
2025-03-28 13:06:00,21694,21694,21691,21694,253
2025-03-28 13:07:00,21694,21695,21693,21694,50
2025-03-28 13:08:00,21698,21698,21697,21698,116
2025-03-28 13:09:00,21701,21703,21701,21701,99
2025-03-28 13:10:00,21700,21700,21699,21699,24
2025-03-28 13:11:00,21707,21711,21705,21707,344
2025-03-28 13:12:00,21701,21702,21700,21702,297
2025-03-28 13:13:00,21701,21702,21699,21700,174
2025-03-28 13:14:00,21700,21700,21699,21699,238
2025-03-28 13:15:00,21696,21696,21696,21696,112
2025-03-28 13:16:00,21692,21692,21692,21692,177
2025-03-28 13:17:00,21692,21692,21691,21692,450
2025-03-28 13:18:00,21694,21695,21694,21694,194
2025-03-28 13:19:00,21691,21696,21691,21693,316
2025-03-28 13:20:00,21688,21688,21684,21687,233
2025-03-28 13:21:00,21684,21692,21683,21685,428
2025-03-28 13:22:00,21684,21685,21681,21684,360
2025-03-28 13:23:00,21683,21685,21680,21684,218
2025-03-28 13:24:00,21687,21687,21686,21687,188
2025-03-28 13:25:00,21692,21705,21692,21694,107
2025-03-28 13:26:00,21699,21701,21698,21700,341
2025-03-28 13:27:00,21689,21695,21689,21692,325
2025-03-28 13:28:00,21691,21692,21689,21691,488
2025-03-28 13:29:00,21703,21705,21701,21703,389
2025-03-28 13:30:00,21698,21699,21697,21698,300
2025-03-28 13:31:00,21700,21701,21698,21699,234
2025-03-28 13:32:00,21699,21702,21698,21699,282
2025-03-28 13:33:00,21696,21697,21691,21694,370
2025-03-28 13:34:00,21688,21689,21686,21689,1
2025-03-28 13:35:00,21690,21691,21690,21690,399
2025-03-28 13:36:00,21691,21691,21686,21689,189
2025-03-28 13:37:00,21695,21695,21693,21693,530
2025-03-28 13:38:00,21702,21709,21700,21701,285
2025-03-28 13:39:00,21695,21695,21694,21695,309
2025-03-28 13:40:00,21689,21693,21689,21691,347
2025-03-28 13:41:00,21690,21690,21689,21690,286
2025-03-28 13:42:00,21682,21683,21679,21681,349
2025-03-28 13:43:00,21671,21676,21668,21671,81
2025-03-28 13:44:00,21678,21680,21678,21679,765
2025-03-31 08:45:00,21646,21646,21640,21644,258
2025-03-31 08:46:00,21649,21653,21648,21648,405
2025-03-31 08:47:00,21649,21651,21647,21649,13
2025-03-31 08:48:00,21656,21657,21655,21655,28
2025-03-31 08:49:00,21662,21662,21655,21660,397
2025-03-31 08:50:00,21664,21664,21664,21664,137
2025-03-31 08:51:00,21676,21676,21675,21676,73
2025-03-31 08:52:00,21676,21676,21676,21676,278
2025-03-31 08:53:00,21682,21682,21681,21682,642
2025-03-31 08:54:00,21687,21688,21687,21687,442
2025-03-31 08:55:00,21688,21688,21684,21688,387
2025-03-31 08:56:00,21694,21698,21694,21696,99
2025-03-31 08:57:00,21693,21698,21688,21693,180
2025-03-31 08:58:00,21692,21695,21690,21694,566
2025-03-31 08:59:00,21686,21687,21686,21686,468
2025-03-31 09:00:00,21686,21687,21685,21686,291
2025-03-31 09:01:00,21683,21693,21683,21684,126
2025-03-31 09:02:00,21687,21687,21685,21686,177
2025-03-31 09:03:00,21684,21684,21683,21683,304
2025-03-31 09:04:00,21680,21680,21679,21679,309
2025-03-31 09:05:00,21682,21682,21681,21681,108
2025-03-31 09:06:00,21678,21679,21677,21678,224
2025-03-31 09:07:00,21677,21681,21676,21678,327
2025-03-31 09:08:00,21679,21680,21678,21680,67
2025-03-31 09:09:00,21676,21676,21672,21676,273
2025-03-31 09:10:00,21676,21676,21675,21675,157
2025-03-31 09:11:00,21681,21681,21681,21681,346
2025-03-31 09:12:00,21677,21677,21676,21676,175
2025-03-31 09:13:00,21677,21678,21677,21678,182
2025-03-31 09:14:00,21678,21678,21678,21678,229
2025-03-31 09:15:00,21676,21677,21672,21676,82
2025-03-31 09:16:00,21676,21676,21675,21675,339
2025-03-31 09:17:00,21678,21678,21678,21678,204
2025-03-31 09:18:00,21682,21682,21680,21681,137
2025-03-31 09:19:00,21679,21680,21678,21679,177
2025-03-31 09:20:00,21678,21679,21677,21678,173
2025-03-31 09:21:00,21678,21679,21678,21678,215
2025-03-31 09:22:00,21682,21683,21680,21682,185
2025-03-31 09:23:00,21686,21686,21686,21686,168
2025-03-31 09:24:00,21684,21687,21682,21684,146
2025-03-31 09:25:00,21687,21687,21687,21687,233
2025-03-31 09:26:00,21690,21694,21683,21691,15
2025-03-31 09:27:00,21685,21685,21684,21685,113
2025-03-31 09:28:00,21684,21684,21683,21683,195
2025-03-31 09:29:00,21689,21689,21689,21689,177
2025-03-31 09:30:00,21684,21684,21684,21684,60
2025-03-31 09:31:00,21682,21683,21681,21682,14
2025-03-31 09:32:00,21679,21680,21679,21680,261
2025-03-31 09:33:00,21689,21689,21688,21688,204
2025-03-31 09:34:00,21690,21691,21689,21689,172
2025-03-31 09:35:00,21689,21691,21687,21689,143
2025-03-31 09:36:00,21687,21689,21687,21688,165
2025-03-31 09:37:00,21687,21687,21685,21686,191
2025-03-31 09:38:00,21693,21693,21692,21693,160
2025-03-31 09:39:00,21695,21695,21694,21694,63
2025-03-31 09:40:00,21701,21703,21697,21701,174
2025-03-31 09:41:00,21699,21699,21698,21699,185
2025-03-31 09:42:00,21697,21698,21692,21698,177
2025-03-31 09:43:00,21701,21701,21699,21700,50
2025-03-31 09:44:00,21703,21703,21703,21703,252
2025-03-31 09:45:00,21700,21702,21697,21700,256
2025-03-31 09:46:00,21702,21703,21701,21702,46
2025-03-31 09:47:00,21705,21705,21704,21704,234
2025-03-31 09:48:00,21699,21700,21699,21699,203
2025-03-31 09:49:00,21698,21698,21698,21698,17
2025-03-31 09:50:00,21695,21695,21694,21694,134
2025-03-31 09:51:00,21694,21700,21692,21696,178
2025-03-31 09:52:00,21702,21702,21702,21702,63
2025-03-31 09:53:00,21701,21701,21700,21700,1
2025-03-31 09:54:00,21702,21702,21701,21702,92
2025-03-31 09:55:00,21703,21706,21699,21701,172
2025-03-31 09:56:00,21702,21703,21702,21702,225
2025-03-31 09:57:00,21703,21704,21703,21703,163
2025-03-31 09:58:00,21701,21701,21701,21701,200
2025-03-31 09:59:00,21706,21706,21705,21706,122
2025-03-31 10:00:00,21702,21705,21702,21703,191
2025-03-31 10:01:00,21704,21704,21704,21704,170
2025-03-31 10:02:00,21709,21711,21709,21709,148
2025-03-31 10:03:00,21710,21713,21706,21710,17
2025-03-31 10:04:00,21710,21710,21709,21710,290
2025-03-31 10:05:00,21708,21711,21706,21707,375
2025-03-31 10:06:00,21708,21710,21708,21709,232
2025-03-31 10:07:00,21713,21713,21711,21712,372
2025-03-31 10:08:00,21711,21714,21711,21713,16
2025-03-31 10:09:00,21711,21712,21708,21711,46
2025-03-31 10:10:00,21713,21714,21711,21712,14
2025-03-31 10:11:00,21714,21716,21713,21714,167
2025-03-31 10:12:00,21713,21713,21710,21713,141
2025-03-31 10:13:00,21716,21717,21715,21715,149
2025-03-31 10:14:00,21718,21720,21714,21717,200
2025-03-31 10:15:00,21715,21716,21714,21715,158
2025-03-31 10:16:00,21717,21719,21717,21717,254
2025-03-31 10:17:00,21718,21718,21718,21718,264
2025-03-31 10:18:00,21723,21723,21721,21721,136
2025-03-31 10:19:00,21722,21725,21720,21722,324
2025-03-31 10:20:00,21728,21728,21726,21728,71
2025-03-31 10:21:00,21726,21727,21726,21726,48
2025-03-31 10:22:00,21720,21720,21719,21720,281
2025-03-31 10:23:00,21724,21724,21723,21724,339
2025-03-31 10:24:00,21732,21733,21731,21731,288
2025-03-31 10:25:00,21729,21730,21729,21729,168
2025-03-31 10:26:00,21734,21734,21733,21734,250
2025-03-31 10:27:00,21734,21735,21734,21734,257
2025-03-31 10:28:00,21740,21740,21739,21739,270
2025-03-31 10:29:00,21744,21744,21744,21744,156
2025-03-31 10:30:00,21743,21745,21741,21744,245
2025-03-31 10:31:00,21743,21744,21743,21743,196
2025-03-31 10:32:00,21748,21750,21745,21748,110
2025-03-31 10:33:00,21749,21750,21749,21749,133
2025-03-31 10:34:00,21748,21748,21747,21747,159
2025-03-31 10:35:00,21745,21748,21745,21746,122
2025-03-31 10:36:00,21748,21748,21747,21748,158
2025-03-31 10:37:00,21745,21746,21743,21745,107
2025-03-31 10:38:00,21743,21744,21743,21743,267
2025-03-31 10:39:00,21745,21748,21743,21744,212
2025-03-31 10:40:00,21744,21746,21744,21745,235
2025-03-31 10:41:00,21742,21742,21740,21741,192
2025-03-31 10:42:00,21742,21742,21740,21741,109
2025-03-31 10:43:00,21741,21741,21740,21741,88
2025-03-31 10:44:00,21742,21742,21742,21742,261
2025-03-31 10:45:00,21744,21744,21743,21744,127
2025-03-31 10:46:00,21742,21743,21742,21742,127
2025-03-31 10:47:00,21739,21740,21739,21739,98
2025-03-31 10:48:00,21739,21739,21738,21739,48
2025-03-31 10:49:00,21739,21740,21739,21739,201
2025-03-31 10:50:00,21737,21741,21736,21737,207
2025-03-31 10:51:00,21738,21740,21737,21738,143
2025-03-31 10:52:00,21742,21743,21741,21741,96
2025-03-31 10:53:00,21742,21743,21742,21742,86
2025-03-31 10:54:00,21750,21750,21749,21749,102
2025-03-31 10:55:00,21749,21750,21747,21749,169
2025-03-31 10:56:00,21746,21746,21746,21746,183
2025-03-31 10:57:00,21746,21747,21746,21747,124
2025-03-31 10:58:00,21751,21752,21751,21751,145
2025-03-31 10:59:00,21755,21755,21753,21753,1
2025-03-31 11:00:00,21757,21757,21755,21756,230
2025-03-31 11:01:00,21758,21758,21758,21758,93
2025-03-31 11:02:00,21759,21761,21757,21760,215
2025-03-31 11:03:00,21758,21759,21757,21758,108
2025-03-31 11:04:00,21757,21758,21757,21757,210
2025-03-31 11:05:00,21757,21758,21757,21757,43
2025-03-31 11:06:00,21761,21762,21760,21761,1
2025-03-31 11:07:00,21760,21761,21758,21759,184
2025-03-31 11:08:00,21757,21757,21757,21757,176
2025-03-31 11:09:00,21759,21759,21758,21759,269
2025-03-31 11:10:00,21760,21760,21759,21760,125
2025-03-31 11:11:00,21761,21762,21759,21761,163
2025-03-31 11:12:00,21760,21763,21756,21760,193
2025-03-31 11:13:00,21761,21761,21761,21761,157
2025-03-31 11:14:00,21763,21763,21761,21762,111
2025-03-31 11:15:00,21764,21765,21763,21764,73
2025-03-31 11:16:00,21764,21765,21764,21764,305
2025-03-31 11:17:00,21766,21767,21765,21766,171
2025-03-31 11:18:00,21767,21767,21766,21766,177
2025-03-31 11:19:00,21768,21769,21767,21768,46
2025-03-31 11:20:00,21767,21767,21763,21767,73
2025-03-31 11:21:00,21765,21766,21763,21765,253
2025-03-31 11:22:00,21763,21763,21762,21762,211
2025-03-31 11:23:00,21761,21762,21758,21761,133
2025-03-31 11:24:00,21764,21764,21763,21764,156
2025-03-31 11:25:00,21763,21763,21762,21763,110
2025-03-31 11:26:00,21764,21765,21764,21764,23
2025-03-31 11:27:00,21767,21767,21767,21767,187
2025-03-31 11:28:00,21766,21766,21766,21766,160
2025-03-31 11:29:00,21770,21771,21768,21770,146
2025-03-31 11:30:00,21768,21768,21768,21768,206
2025-03-31 11:31:00,21768,21769,21768,21768,103
2025-03-31 11:32:00,21768,21768,21766,21768,1
2025-03-31 11:33:00,21765,21767,21765,21766,36
2025-03-31 11:34:00,21759,21759,21759,21759,140
2025-03-31 11:35:00,21764,21764,21764,21764,33
2025-03-31 11:36:00,21765,21765,21765,21765,214
2025-03-31 11:37:00,21764,21764,21764,21764,111
2025-03-31 11:38:00,21764,21764,21764,21764,36
2025-03-31 11:39:00,21762,21764,21761,21762,216
2025-03-31 11:40:00,21765,21766,21764,21765,143
2025-03-31 11:41:00,21766,21767,21766,21766,213
2025-03-31 11:42:00,21765,21767,21765,21766,124
2025-03-31 11:43:00,21767,21767,21766,21767,205
2025-03-31 11:44:00,21767,21767,21767,21767,120
2025-03-31 11:45:00,21767,21767,21765,21766,12
2025-03-31 11:46:00,21762,21765,21761,21762,206
2025-03-31 11:47:00,21761,21762,21761,21761,239
2025-03-31 11:48:00,21759,21759,21759,21759,125
2025-03-31 11:49:00,21762,21763,21762,21763,288
2025-03-31 11:50:00,21769,21769,21767,21768,299
2025-03-31 11:51:00,21769,21769,21769,21769,274
2025-03-31 11:52:00,21768,21769,21768,21768,201
2025-03-31 11:53:00,21770,21770,21767,21768,457
2025-03-31 11:54:00,21772,21773,21772,21772,102
2025-03-31 11:55:00,21769,21770,21768,21770,231
2025-03-31 11:56:00,21773,21773,21767,21772,162
2025-03-31 11:57:00,21769,21772,21766,21767,118
2025-03-31 11:58:00,21771,21772,21771,21771,214
2025-03-31 11:59:00,21771,21771,21770,21771,271
2025-03-31 12:00:00,21770,21772,21770,21771,188
2025-03-31 12:01:00,21773,21773,21773,21773,224
2025-03-31 12:02:00,21771,21773,21771,21771,251
2025-03-31 12:03:00,21770,21771,21770,21771,316
2025-03-31 12:04:00,21767,21769,21766,21767,225
2025-03-31 12:05:00,21771,21771,21770,21771,74
2025-03-31 12:06:00,21765,21765,21763,21764,16
2025-03-31 12:07:00,21763,21764,21760,21762,242
2025-03-31 12:08:00,21768,21770,21763,21767,163
2025-03-31 12:09:00,21767,21767,21767,21767,92
2025-03-31 12:10:00,21771,21772,21770,21771,66
2025-03-31 12:11:00,21772,21772,21772,21772,141
2025-03-31 12:12:00,21774,21775,21774,21774,176
2025-03-31 12:13:00,21774,21774,21773,21774,146
2025-03-31 12:14:00,21777,21779,21777,21778,168
2025-03-31 12:15:00,21781,21782,21779,21781,130
2025-03-31 12:16:00,21782,21782,21781,21782,94
2025-03-31 12:17:00,21785,21793,21782,21783,288
2025-03-31 12:18:00,21789,21790,21789,21789,129
2025-03-31 12:19:00,21795,21798,21795,21795,118
2025-03-31 12:20:00,21797,21797,21797,21797,314
2025-03-31 12:21:00,21797,21797,21797,21797,339
2025-03-31 12:22:00,21793,21794,21793,21793,201
2025-03-31 12:23:00,21795,21795,21794,21795,187
2025-03-31 12:24:00,21792,21792,21792,21792,197
2025-03-31 12:25:00,21797,21797,21796,21797,325
2025-03-31 12:26:00,21799,21800,21798,21799,154
2025-03-31 12:27:00,21796,21798,21796,21797,75
2025-03-31 12:28:00,21798,21798,21796,21797,237
2025-03-31 12:29:00,21800,21811,21794,21803,269
2025-03-31 12:30:00,21807,21808,21804,21806,169
2025-03-31 12:31:00,21806,21807,21806,21807,310
2025-03-31 12:32:00,21807,21808,21807,21807,124
2025-03-31 12:33:00,21805,21807,21804,21805,115
2025-03-31 12:34:00,21806,21806,21806,21806,1
2025-03-31 12:35:00,21802,21804,21801,21802,41
2025-03-31 12:36:00,21804,21806,21802,21803,246
2025-03-31 12:37:00,21801,21802,21800,21801,269
2025-03-31 12:38:00,21805,21806,21804,21805,105
2025-03-31 12:39:00,21807,21809,21807,21808,196
2025-03-31 12:40:00,21814,21816,21814,21815,313
2025-03-31 12:41:00,21815,21816,21812,21814,184
2025-03-31 12:42:00,21815,21815,21815,21815,202
2025-03-31 12:43:00,21816,21817,21816,21816,230
2025-03-31 12:44:00,21813,21813,21812,21813,224
2025-03-31 12:45:00,21810,21812,21809,21810,188
2025-03-31 12:46:00,21811,21812,21811,21811,297
2025-03-31 12:47:00,21811,21811,21810,21811,180
2025-03-31 12:48:00,21810,21810,21809,21810,101
2025-03-31 12:49:00,21810,21811,21810,21810,130
2025-03-31 12:50:00,21807,21811,21807,21808,252
2025-03-31 12:51:00,21809,21812,21807,21809,173
2025-03-31 12:52:00,21812,21812,21811,21812,129
2025-03-31 12:53:00,21814,21818,21813,21813,361
2025-03-31 12:54:00,21811,21811,21809,21810,216
2025-03-31 12:55:00,21808,21808,21808,21808,1
2025-03-31 12:56:00,21806,21809,21803,21807,109
2025-03-31 12:57:00,21806,21806,21805,21806,386
2025-03-31 12:58:00,21809,21810,21806,21810,148
2025-03-31 12:59:00,21811,21811,21810,21810,149
2025-03-31 13:00:00,21808,21808,21808,21808,180
2025-03-31 13:01:00,21809,21809,21804,21807,182
2025-03-31 13:02:00,21803,21805,21803,21804,145
2025-03-31 13:03:00,21803,21804,21801,21803,210
2025-03-31 13:04:00,21806,21806,21805,21805,248
2025-03-31 13:05:00,21803,21804,21803,21804,228
2025-03-31 13:06:00,21804,21805,21804,21804,137
2025-03-31 13:07:00,21801,21802,21799,21800,175
2025-03-31 13:08:00,21806,21807,21806,21807,351
2025-03-31 13:09:00,21808,21808,21808,21808,309
2025-03-31 13:10:00,21808,21809,21807,21807,249
2025-03-31 13:11:00,21809,21809,21808,21809,233
2025-03-31 13:12:00,21808,21809,21808,21808,79
2025-03-31 13:13:00,21805,21805,21804,21805,102
2025-03-31 13:14:00,21808,21808,21807,21807,204
2025-03-31 13:15:00,21804,21804,21803,21804,127
2025-03-31 13:16:00,21807,21807,21803,21806,205
2025-03-31 13:17:00,21811,21812,21811,21811,265
2025-03-31 13:18:00,21816,21816,21816,21816,386
2025-03-31 13:19:00,21812,21812,21811,21811,346
2025-03-31 13:20:00,21802,21802,21801,21801,303
2025-03-31 13:21:00,21801,21801,21801,21801,106
2025-03-31 13:22:00,21801,21802,21800,21801,263
2025-03-31 13:23:00,21803,21804,21803,21804,288
2025-03-31 13:24:00,21802,21804,21802,21804,224
2025-03-31 13:25:00,21800,21801,21800,21801,316
2025-03-31 13:26:00,21801,21805,21801,21804,320
2025-03-31 13:27:00,21807,21813,21804,21809,589
2025-03-31 13:28:00,21795,21800,21792,21797,352
2025-03-31 13:29:00,21794,21794,21794,21794,405
2025-03-31 13:30:00,21798,21799,21798,21798,376
2025-03-31 13:31:00,21798,21798,21796,21797,265
2025-03-31 13:32:00,21800,21801,21796,21800,418
2025-03-31 13:33:00,21800,21800,21796,21798,550
2025-03-31 13:34:00,21786,21787,21783,21786,605
2025-03-31 13:35:00,21789,21789,21783,21788,174
2025-03-31 13:36:00,21786,21786,21784,21785,491
2025-03-31 13:37:00,21787,21788,21786,21787,216
2025-03-31 13:38:00,21778,21780,21775,21776,34
2025-03-31 13:39:00,21780,21781,21778,21780,723
2025-03-31 13:40:00,21781,21782,21780,21781,172
2025-03-31 13:41:00,21773,21774,21773,21773,405
2025-03-31 13:42:00,21772,21776,21772,21773,395
2025-03-31 13:43:00,21783,21783,21780,21783,141
2025-03-31 13:44:00,21776,21780,21775,21776,131
2025-04-01 08:45:00,21753,21754,21753,21753,324
2025-04-01 08:46:00,21757,21757,21756,21756,405
2025-04-01 08:47:00,21760,21761,21758,21759,176
2025-04-01 08:48:00,21763,21765,21763,21764,188
2025-04-01 08:49:00,21760,21760,21759,21759,424
2025-04-01 08:50:00,21758,21759,21758,21759,564
2025-04-01 08:51:00,21761,21761,21759,21759,265
2025-04-01 08:52:00,21765,21766,21762,21765,359
2025-04-01 08:53:00,21765,21767,21757,21766,583
2025-04-01 08:54:00,21761,21764,21757,21761,505
2025-04-01 08:55:00,21770,21772,21766,21768,370
2025-04-01 08:56:00,21771,21771,21771,21771,363
2025-04-01 08:57:00,21778,21778,21773,21774,136
2025-04-01 08:58:00,21768,21768,21768,21768,605
2025-04-01 08:59:00,21761,21761,21760,21761,1
2025-04-01 09:00:00,21759,21759,21758,21758,172
2025-04-01 09:01:00,21751,21755,21750,21751,146
2025-04-01 09:02:00,21746,21747,21746,21746,230
2025-04-01 09:03:00,21745,21745,21745,21745,421
2025-04-01 09:04:00,21747,21747,21747,21747,197
2025-04-01 09:05:00,21738,21739,21737,21738,43
2025-04-01 09:06:00,21733,21735,21731,21733,167
2025-04-01 09:07:00,21732,21733,21732,21733,205
2025-04-01 09:08:00,21729,21729,21728,21728,248
2025-04-01 09:09:00,21720,21721,21720,21720,237
2025-04-01 09:10:00,21723,21724,21723,21723,1
2025-04-01 09:11:00,21722,21724,21722,21723,377
2025-04-01 09:12:00,21725,21725,21724,21724,264
2025-04-01 09:13:00,21726,21726,21719,21724,250
2025-04-01 09:14:00,21723,21723,21723,21723,154
2025-04-01 09:15:00,21724,21724,21724,21724,117
2025-04-01 09:16:00,21721,21722,21721,21721,1
2025-04-01 09:17:00,21717,21717,21717,21717,198
2025-04-01 09:18:00,21721,21722,21719,21721,185
2025-04-01 09:19:00,21726,21726,21726,21726,143
2025-04-01 09:20:00,21727,21728,21727,21727,356
2025-04-01 09:21:00,21723,21724,21723,21724,144
2025-04-01 09:22:00,21723,21724,21723,21723,58
2025-04-01 09:23:00,21722,21722,21721,21721,34
2025-04-01 09:24:00,21723,21723,21720,21722,1
2025-04-01 09:25:00,21717,21722,21717,21719,162
2025-04-01 09:26:00,21715,21718,21714,21715,295
2025-04-01 09:27:00,21715,21718,21712,21714,184
2025-04-01 09:28:00,21714,21715,21714,21715,119
2025-04-01 09:29:00,21713,21713,21713,21713,242
2025-04-01 09:30:00,21716,21716,21715,21715,134
2025-04-01 09:31:00,21713,21713,21712,21712,1
2025-04-01 09:32:00,21710,21710,21710,21710,257
2025-04-01 09:33:00,21708,21709,21706,21708,164
2025-04-01 09:34:00,21709,21710,21709,21709,120
2025-04-01 09:35:00,21710,21710,21707,21709,118
2025-04-01 09:36:00,21708,21708,21708,21708,329
2025-04-01 09:37:00,21710,21711,21710,21710,266
2025-04-01 09:38:00,21715,21716,21710,21713,170
2025-04-01 09:39:00,21717,21717,21717,21717,155
2025-04-01 09:40:00,21720,21720,21720,21720,199
2025-04-01 09:41:00,21716,21716,21715,21716,93
2025-04-01 09:42:00,21714,21714,21713,21713,337
2025-04-01 09:43:00,21717,21717,21715,21716,9
2025-04-01 09:44:00,21716,21716,21716,21716,237
2025-04-01 09:45:00,21717,21717,21713,21714,138
2025-04-01 09:46:00,21716,21716,21716,21716,275
2025-04-01 09:47:00,21719,21719,21713,21717,118
2025-04-01 09:48:00,21715,21717,21715,21716,322
2025-04-01 09:49:00,21714,21717,21713,21714,299
2025-04-01 09:50:00,21720,21720,21719,21719,95
2025-04-01 09:51:00,21715,21715,21714,21714,40
2025-04-01 09:52:00,21716,21716,21715,21716,323
2025-04-01 09:53:00,21722,21722,21722,21722,204
2025-04-01 09:54:00,21717,21722,21716,21718,135
2025-04-01 09:55:00,21719,21720,21718,21718,152
2025-04-01 09:56:00,21714,21715,21714,21715,155
2025-04-01 09:57:00,21713,21713,21709,21712,1
2025-04-01 09:58:00,21712,21713,21711,21713,220
2025-04-01 09:59:00,21713,21714,21712,21712,179
2025-04-01 10:00:00,21707,21709,21707,21708,138
2025-04-01 10:01:00,21709,21709,21709,21709,246
2025-04-01 10:02:00,21706,21711,21706,21710,216
2025-04-01 10:03:00,21705,21707,21698,21706,61
2025-04-01 10:04:00,21702,21709,21696,21704,104
2025-04-01 10:05:00,21705,21705,21704,21705,290
2025-04-01 10:06:00,21705,21705,21704,21705,195
2025-04-01 10:07:00,21708,21708,21703,21706,45
2025-04-01 10:08:00,21709,21710,21709,21709,151
2025-04-01 10:09:00,21713,21713,21713,21713,132
2025-04-01 10:10:00,21711,21712,21710,21711,112
2025-04-01 10:11:00,21711,21711,21710,21711,148
2025-04-01 10:12:00,21714,21718,21711,21714,155
2025-04-01 10:13:00,21715,21715,21715,21715,15
2025-04-01 10:14:00,21713,21715,21712,21713,166
2025-04-01 10:15:00,21717,21717,21715,21715,234
2025-04-01 10:16:00,21714,21717,21712,21715,130
2025-04-01 10:17:00,21710,21710,21710,21710,292
2025-04-01 10:18:00,21710,21710,21710,21710,188
2025-04-01 10:19:00,21714,21715,21713,21714,270
2025-04-01 10:20:00,21712,21713,21712,21712,215
2025-04-01 10:21:00,21711,21715,21703,21711,345
2025-04-01 10:22:00,21707,21709,21705,21706,180
2025-04-01 10:23:00,21705,21706,21705,21706,207
2025-04-01 10:24:00,21709,21710,21709,21710,144
2025-04-01 10:25:00,21706,21707,21705,21706,231
2025-04-01 10:26:00,21705,21705,21704,21705,215
2025-04-01 10:27:00,21703,21704,21700,21703,205
2025-04-01 10:28:00,21706,21706,21706,21706,158
2025-04-01 10:29:00,21702,21704,21702,21703,171
2025-04-01 10:30:00,21704,21704,21703,21703,212
2025-04-01 10:31:00,21702,21702,21701,21702,289
2025-04-01 10:32:00,21698,21698,21697,21697,170
2025-04-01 10:33:00,21704,21704,21704,21704,73
2025-04-01 10:34:00,21705,21706,21703,21705,77
2025-04-01 10:35:00,21705,21706,21703,21705,307
2025-04-01 10:36:00,21705,21706,21702,21704,194
2025-04-01 10:37:00,21702,21702,21699,21700,94
2025-04-01 10:38:00,21701,21702,21701,21701,155
2025-04-01 10:39:00,21699,21699,21698,21699,281
2025-04-01 10:40:00,21702,21703,21702,21703,154
2025-04-01 10:41:00,21704,21705,21704,21704,140
2025-04-01 10:42:00,21706,21708,21704,21704,167
2025-04-01 10:43:00,21703,21703,21703,21703,195
2025-04-01 10:44:00,21701,21701,21701,21701,348
2025-04-01 10:45:00,21700,21704,21699,21700,241
2025-04-01 10:46:00,21697,21697,21696,21696,191
2025-04-01 10:47:00,21697,21698,21697,21697,81
2025-04-01 10:48:00,21703,21703,21701,21701,139
2025-04-01 10:49:00,21700,21700,21700,21700,231
2025-04-01 10:50:00,21696,21696,21696,21696,286
2025-04-01 10:51:00,21695,21696,21695,21695,64
2025-04-01 10:52:00,21695,21695,21694,21695,90
2025-04-01 10:53:00,21698,21699,21697,21699,215
2025-04-01 10:54:00,21698,21698,21698,21698,288
2025-04-01 10:55:00,21699,21700,21699,21699,1
2025-04-01 10:56:00,21702,21702,21702,21702,249
2025-04-01 10:57:00,21699,21700,21699,21700,307
2025-04-01 10:58:00,21704,21704,21703,21703,170
2025-04-01 10:59:00,21703,21704,21703,21703,136
2025-04-01 11:00:00,21705,21708,21704,21705,145
2025-04-01 11:01:00,21703,21704,21703,21704,177
2025-04-01 11:02:00,21703,21703,21703,21703,181
2025-04-01 11:03:00,21701,21701,21700,21701,228
2025-04-01 11:04:00,21696,21696,21696,21696,255
2025-04-01 11:05:00,21697,21698,21697,21697,196
2025-04-01 11:06:00,21695,21697,21695,21697,198
2025-04-01 11:07:00,21694,21696,21694,21694,187
2025-04-01 11:08:00,21696,21697,21696,21696,97
2025-04-01 11:09:00,21693,21693,21692,21693,130
2025-04-01 11:10:00,21692,21693,21692,21693,111
2025-04-01 11:11:00,21696,21696,21696,21696,133
2025-04-01 11:12:00,21700,21702,21699,21700,141
2025-04-01 11:13:00,21699,21699,21698,21698,68
2025-04-01 11:14:00,21697,21698,21697,21697,29
2025-04-01 11:15:00,21703,21704,21701,21702,194
2025-04-01 11:16:00,21704,21705,21704,21704,208
2025-04-01 11:17:00,21701,21703,21698,21701,133
2025-04-01 11:18:00,21698,21698,21697,21698,103
2025-04-01 11:19:00,21702,21702,21702,21702,208
2025-04-01 11:20:00,21698,21701,21698,21701,59
2025-04-01 11:21:00,21700,21700,21700,21700,125
2025-04-01 11:22:00,21701,21701,21701,21701,200
2025-04-01 11:23:00,21699,21699,21699,21699,164
2025-04-01 11:24:00,21700,21700,21697,21698,90
2025-04-01 11:25:00,21699,21700,21699,21699,158
2025-04-01 11:26:00,21694,21694,21694,21694,203
2025-04-01 11:27:00,21696,21696,21694,21695,171
2025-04-01 11:28:00,21697,21698,21697,21698,150
2025-04-01 11:29:00,21697,21697,21696,21697,168
2025-04-01 11:30:00,21699,21701,21699,21699,130
2025-04-01 11:31:00,21698,21699,21698,21699,179
2025-04-01 11:32:00,21696,21697,21696,21697,57
2025-04-01 11:33:00,21699,21699,21698,21699,262
2025-04-01 11:34:00,21702,21702,21700,21701,137
2025-04-01 11:35:00,21701,21702,21701,21702,235
2025-04-01 11:36:00,21702,21702,21701,21701,29
2025-04-01 11:37:00,21698,21698,21698,21698,177
2025-04-01 11:38:00,21700,21700,21700,21700,159
2025-04-01 11:39:00,21702,21703,21702,21702,119
2025-04-01 11:40:00,21703,21707,21701,21705,164
2025-04-01 11:41:00,21704,21704,21704,21704,51
2025-04-01 11:42:00,21705,21705,21705,21705,146
2025-04-01 11:43:00,21698,21699,21698,21699,254
2025-04-01 11:44:00,21697,21697,21696,21697,117
2025-04-01 11:45:00,21693,21693,21693,21693,111
2025-04-01 11:46:00,21695,21696,21693,21695,112
2025-04-01 11:47:00,21690,21695,21690,21690,389
2025-04-01 11:48:00,21693,21694,21693,21693,83
2025-04-01 11:49:00,21694,21694,21692,21694,234
2025-04-01 11:50:00,21698,21699,21698,21698,209
2025-04-01 11:51:00,21695,21699,21695,21698,270
2025-04-01 11:52:00,21698,21698,21697,21698,126
2025-04-01 11:53:00,21695,21697,21690,21695,360
2025-04-01 11:54:00,21697,21701,21697,21698,144
2025-04-01 11:55:00,21700,21703,21698,21701,87
2025-04-01 11:56:00,21704,21704,21702,21704,376
2025-04-01 11:57:00,21711,21712,21708,21711,139
2025-04-01 11:58:00,21712,21712,21709,21711,1
2025-04-01 11:59:00,21712,21712,21711,21711,154
2025-04-01 12:00:00,21713,21713,21711,21711,110
2025-04-01 12:01:00,21710,21713,21710,21711,299
2025-04-01 12:02:00,21710,21712,21708,21711,240
2025-04-01 12:03:00,21710,21710,21710,21710,12
2025-04-01 12:04:00,21708,21709,21708,21708,148
2025-04-01 12:05:00,21708,21709,21708,21709,165
2025-04-01 12:06:00,21715,21716,21713,21715,363
2025-04-01 12:07:00,21717,21719,21715,21717,237
2025-04-01 12:08:00,21721,21721,21718,21719,153
2025-04-01 12:09:00,21717,21721,21715,21717,255
2025-04-01 12:10:00,21721,21723,21719,21722,169
2025-04-01 12:11:00,21718,21720,21718,21718,216
2025-04-01 12:12:00,21721,21721,21720,21721,118
2025-04-01 12:13:00,21722,21725,21718,21722,169
2025-04-01 12:14:00,21725,21725,21725,21725,255
2025-04-01 12:15:00,21726,21726,21724,21725,251
2025-04-01 12:16:00,21724,21725,21722,21724,198
2025-04-01 12:17:00,21727,21728,21727,21728,83
2025-04-01 12:18:00,21730,21731,21729,21730,279
2025-04-01 12:19:00,21730,21730,21729,21730,1
2025-04-01 12:20:00,21733,21733,21733,21733,231
2025-04-01 12:21:00,21734,21735,21734,21735,59
2025-04-01 12:22:00,21730,21730,21729,21730,342
2025-04-01 12:23:00,21733,21735,21731,21733,308
2025-04-01 12:24:00,21732,21732,21732,21732,164
2025-04-01 12:25:00,21734,21735,21729,21734,92
2025-04-01 12:26:00,21733,21735,21731,21733,40
2025-04-01 12:27:00,21730,21731,21721,21729,104
2025-04-01 12:28:00,21722,21723,21722,21723,312
2025-04-01 12:29:00,21728,21728,21727,21728,222
2025-04-01 12:30:00,21726,21728,21724,21726,254
2025-04-01 12:31:00,21725,21725,21724,21725,115
2025-04-01 12:32:00,21721,21725,21720,21722,103
2025-04-01 12:33:00,21719,21720,21719,21719,231
2025-04-01 12:34:00,21723,21723,21723,21723,287
2025-04-01 12:35:00,21721,21721,21720,21720,200
2025-04-01 12:36:00,21721,21724,21720,21722,215
2025-04-01 12:37:00,21725,21725,21724,21725,272
2025-04-01 12:38:00,21728,21728,21725,21726,135
2025-04-01 12:39:00,21724,21725,21724,21724,197
2025-04-01 12:40:00,21732,21732,21728,21731,277
2025-04-01 12:41:00,21732,21732,21730,21731,282
2025-04-01 12:42:00,21727,21727,21726,21727,278
2025-04-01 12:43:00,21721,21721,21721,21721,82
2025-04-01 12:44:00,21719,21721,21716,21720,119
2025-04-01 12:45:00,21721,21721,21721,21721,261
2025-04-01 12:46:00,21719,21720,21718,21719,107
2025-04-01 12:47:00,21724,21724,21723,21724,250
2025-04-01 12:48:00,21727,21728,21726,21726,88
2025-04-01 12:49:00,21729,21729,21725,21728,294
2025-04-01 12:50:00,21728,21729,21727,21728,150
2025-04-01 12:51:00,21729,21730,21728,21729,266
2025-04-01 12:52:00,21728,21728,21728,21728,1
2025-04-01 12:53:00,21728,21730,21728,21729,45
2025-04-01 12:54:00,21730,21730,21730,21730,57
2025-04-01 12:55:00,21733,21733,21730,21731,59
2025-04-01 12:56:00,21732,21733,21731,21732,213
2025-04-01 12:57:00,21731,21733,21731,21731,256
2025-04-01 12:58:00,21729,21729,21728,21729,133
2025-04-01 12:59:00,21735,21735,21734,21735,278
2025-04-01 13:00:00,21737,21737,21736,21737,192
2025-04-01 13:01:00,21742,21743,21740,21742,144
2025-04-01 13:02:00,21741,21742,21739,21742,3
2025-04-01 13:03:00,21743,21744,21743,21743,1
2025-04-01 13:04:00,21745,21745,21744,21744,211
2025-04-01 13:05:00,21745,21747,21743,21745,182
2025-04-01 13:06:00,21746,21747,21745,21746,111
2025-04-01 13:07:00,21746,21749,21746,21746,158
2025-04-01 13:08:00,21743,21747,21743,21743,200
2025-04-01 13:09:00,21741,21744,21741,21742,96
2025-04-01 13:10:00,21739,21740,21738,21739,159
2025-04-01 13:11:00,21738,21741,21738,21738,67
2025-04-01 13:12:00,21736,21737,21734,21736,79
2025-04-01 13:13:00,21740,21740,21740,21740,112
2025-04-01 13:14:00,21742,21743,21742,21743,35
2025-04-01 13:15:00,21747,21747,21743,21746,337
2025-04-01 13:16:00,21746,21749,21746,21749,75
2025-04-01 13:17:00,21754,21755,21754,21754,285
2025-04-01 13:18:00,21758,21758,21757,21758,93
2025-04-01 13:19:00,21749,21754,21749,21751,381
2025-04-01 13:20:00,21748,21748,21747,21747,268
2025-04-01 13:21:00,21742,21744,21740,21742,247
2025-04-01 13:22:00,21746,21749,21746,21746,328
2025-04-01 13:23:00,21751,21752,21750,21751,475
2025-04-01 13:24:00,21746,21747,21746,21746,73
2025-04-01 13:25:00,21749,21752,21749,21750,334
2025-04-01 13:26:00,21749,21750,21749,21750,566
2025-04-01 13:27:00,21754,21754,21754,21754,316
2025-04-01 13:28:00,21748,21749,21748,21749,439
2025-04-01 13:29:00,21742,21742,21741,21741,156
2025-04-01 13:30:00,21747,21747,21746,21747,469
2025-04-01 13:31:00,21754,21755,21751,21753,132
2025-04-01 13:32:00,21752,21759,21750,21754,342
2025-04-01 13:33:00,21756,21756,21754,21756,247
2025-04-01 13:34:00,21759,21759,21758,21759,205
2025-04-01 13:35:00,21757,21757,21756,21757,381
2025-04-01 13:36:00,21758,21758,21758,21758,244
2025-04-01 13:37:00,21755,21759,21752,21756,419
2025-04-01 13:38:00,21757,21759,21755,21757,343
2025-04-01 13:39:00,21765,21765,21765,21765,591
2025-04-01 13:40:00,21766,21769,21766,21767,388
2025-04-01 13:41:00,21775,21778,21772,21775,20
2025-04-01 13:42:00,21770,21770,21769,21769,511
2025-04-01 13:43:00,21773,21773,21772,21772,364
2025-04-01 13:44:00,21771,21771,21770,21770,287
2025-04-02 08:45:00,21800,21803,21797,21801,174
2025-04-02 08:46:00,21802,21803,21798,21801,371
2025-04-02 08:47:00,21790,21794,21790,21793,307
2025-04-02 08:48:00,21789,21789,21784,21788,363
2025-04-02 08:49:00,21783,21788,21780,21783,562
2025-04-02 08:50:00,21781,21784,21777,21781,105
2025-04-02 08:51:00,21782,21783,21782,21782,286
2025-04-02 08:52:00,21788,21788,21783,21787,368
2025-04-02 08:53:00,21790,21790,21788,21788,452
2025-04-02 08:54:00,21788,21790,21786,21787,164
2025-04-02 08:55:00,21785,21787,21784,21784,287
2025-04-02 08:56:00,21789,21793,21788,21790,309
2025-04-02 08:57:00,21794,21794,21794,21794,388
2025-04-02 08:58:00,21801,21806,21795,21797,327
2025-04-02 08:59:00,21799,21800,21796,21798,96
2025-04-02 09:00:00,21795,21797,21794,21796,452
2025-04-02 09:01:00,21796,21796,21796,21796,455
2025-04-02 09:02:00,21792,21794,21792,21793,306
2025-04-02 09:03:00,21786,21786,21786,21786,419
2025-04-02 09:04:00,21786,21789,21785,21786,74
2025-04-02 09:05:00,21777,21779,21776,21778,158
2025-04-02 09:06:00,21778,21783,21776,21780,237
2025-04-02 09:07:00,21776,21776,21776,21776,488
2025-04-02 09:08:00,21775,21777,21771,21773,113
2025-04-02 09:09:00,21779,21780,21776,21777,172
2025-04-02 09:10:00,21778,21780,21778,21779,73
2025-04-02 09:11:00,21781,21782,21781,21781,274
2025-04-02 09:12:00,21780,21780,21771,21778,250
2025-04-02 09:13:00,21775,21776,21770,21773,229
2025-04-02 09:14:00,21776,21776,21774,21775,356
2025-04-02 09:15:00,21774,21774,21773,21773,8
2025-04-02 09:16:00,21772,21772,21772,21772,111
2025-04-02 09:17:00,21770,21770,21770,21770,248
2025-04-02 09:18:00,21768,21770,21768,21769,266
2025-04-02 09:19:00,21771,21771,21770,21771,202
2025-04-02 09:20:00,21776,21777,21772,21774,230
2025-04-02 09:21:00,21771,21772,21770,21771,149
2025-04-02 09:22:00,21766,21766,21766,21766,327
2025-04-02 09:23:00,21764,21765,21763,21763,161
2025-04-02 09:24:00,21761,21762,21761,21762,94
2025-04-02 09:25:00,21757,21762,21756,21760,122
2025-04-02 09:26:00,21757,21760,21757,21757,229
2025-04-02 09:27:00,21758,21759,21758,21758,189
2025-04-02 09:28:00,21762,21762,21760,21761,270
2025-04-02 09:29:00,21763,21763,21762,21763,199
2025-04-02 09:30:00,21762,21762,21761,21762,114
2025-04-02 09:31:00,21769,21769,21767,21768,242
2025-04-02 09:32:00,21768,21768,21767,21768,191
2025-04-02 09:33:00,21767,21767,21767,21767,78
2025-04-02 09:34:00,21768,21769,21766,21768,48
2025-04-02 09:35:00,21768,21768,21768,21768,280
2025-04-02 09:36:00,21765,21771,21762,21764,110
2025-04-02 09:37:00,21769,21769,21768,21769,170
2025-04-02 09:38:00,21767,21767,21767,21767,106
2025-04-02 09:39:00,21765,21765,21764,21764,1
2025-04-02 09:40:00,21764,21764,21764,21764,68
2025-04-02 09:41:00,21759,21760,21759,21760,249
2025-04-02 09:42:00,21761,21762,21761,21761,127
2025-04-02 09:43:00,21763,21764,21763,21764,127
2025-04-02 09:44:00,21768,21769,21768,21768,257
2025-04-02 09:45:00,21767,21767,21766,21766,188
2025-04-02 09:46:00,21768,21768,21764,21767,188
2025-04-02 09:47:00,21761,21761,21761,21761,137
2025-04-02 09:48:00,21762,21764,21760,21763,78
2025-04-02 09:49:00,21768,21770,21765,21768,174
2025-04-02 09:50:00,21767,21767,21766,21767,199
2025-04-02 09:51:00,21772,21773,21769,21772,228
2025-04-02 09:52:00,21769,21769,21769,21769,140
2025-04-02 09:53:00,21770,21770,21768,21770,77
2025-04-02 09:54:00,21775,21776,21774,21775,278
2025-04-02 09:55:00,21779,21780,21779,21779,206
2025-04-02 09:56:00,21776,21783,21774,21777,107
2025-04-02 09:57:00,21782,21782,21782,21782,189
2025-04-02 09:58:00,21785,21787,21784,21785,187
2025-04-02 09:59:00,21782,21783,21781,21782,244
2025-04-02 10:00:00,21783,21784,21783,21783,140
2025-04-02 10:01:00,21785,21786,21785,21785,247
2025-04-02 10:02:00,21787,21788,21786,21787,156
2025-04-02 10:03:00,21782,21786,21782,21785,281
2025-04-02 10:04:00,21785,21785,21785,21785,312
2025-04-02 10:05:00,21781,21782,21781,21781,153
2025-04-02 10:06:00,21784,21784,21778,21780,155
2025-04-02 10:07:00,21783,21785,21781,21783,216
2025-04-02 10:08:00,21781,21788,21779,21783,402
2025-04-02 10:09:00,21787,21787,21787,21787,192
2025-04-02 10:10:00,21789,21790,21788,21788,14
2025-04-02 10:11:00,21789,21789,21789,21789,213
2025-04-02 10:12:00,21794,21794,21794,21794,180
2025-04-02 10:13:00,21794,21794,21790,21793,311
2025-04-02 10:14:00,21786,21787,21786,21786,260
2025-04-02 10:15:00,21783,21784,21780,21782,10
2025-04-02 10:16:00,21784,21784,21783,21784,236
2025-04-02 10:17:00,21780,21781,21779,21780,197
2025-04-02 10:18:00,21779,21781,21776,21779,352
2025-04-02 10:19:00,21776,21778,21775,21776,217
2025-04-02 10:20:00,21774,21774,21773,21774,216
2025-04-02 10:21:00,21776,21777,21776,21776,296
2025-04-02 10:22:00,21774,21774,21773,21774,163
2025-04-02 10:23:00,21779,21781,21779,21780,143
2025-04-02 10:24:00,21775,21775,21775,21775,230
2025-04-02 10:25:00,21772,21773,21772,21772,158
2025-04-02 10:26:00,21776,21776,21774,21775,203
2025-04-02 10:27:00,21770,21770,21770,21770,270
2025-04-02 10:28:00,21770,21771,21770,21771,196
2025-04-02 10:29:00,21777,21777,21777,21777,93
2025-04-02 10:30:00,21778,21778,21777,21778,146
2025-04-02 10:31:00,21776,21777,21776,21776,246
2025-04-02 10:32:00,21778,21778,21773,21776,156
2025-04-02 10:33:00,21777,21777,21776,21777,267
2025-04-02 10:34:00,21775,21783,21775,21777,229
2025-04-02 10:35:00,21780,21781,21780,21781,148
2025-04-02 10:36:00,21786,21788,21786,21787,52
2025-04-02 10:37:00,21786,21786,21784,21785,167
2025-04-02 10:38:00,21780,21781,21779,21780,222
2025-04-02 10:39:00,21778,21782,21778,21778,128
2025-04-02 10:40:00,21779,21780,21777,21778,65
2025-04-02 10:41:00,21776,21778,21776,21777,252
2025-04-02 10:42:00,21776,21777,21776,21777,209
2025-04-02 10:43:00,21776,21777,21776,21777,138
2025-04-02 10:44:00,21776,21777,21775,21776,183
2025-04-02 10:45:00,21775,21776,21775,21775,86
2025-04-02 10:46:00,21772,21772,21772,21772,133
2025-04-02 10:47:00,21774,21775,21772,21774,220
2025-04-02 10:48:00,21766,21768,21766,21768,13
2025-04-02 10:49:00,21763,21763,21763,21763,323
2025-04-02 10:50:00,21766,21766,21765,21765,44
2025-04-02 10:51:00,21767,21768,21766,21767,81
2025-04-02 10:52:00,21768,21769,21767,21768,174
2025-04-02 10:53:00,21769,21770,21767,21768,113
2025-04-02 10:54:00,21765,21768,21763,21765,250
2025-04-02 10:55:00,21764,21765,21764,21764,8
2025-04-02 10:56:00,21768,21768,21767,21768,154
2025-04-02 10:57:00,21764,21767,21762,21764,164
2025-04-02 10:58:00,21766,21766,21766,21766,235
2025-04-02 10:59:00,21767,21767,21767,21767,79
2025-04-02 11:00:00,21764,21766,21762,21764,152
2025-04-02 11:01:00,21764,21764,21763,21763,175
2025-04-02 11:02:00,21760,21760,21760,21760,217
2025-04-02 11:03:00,21759,21759,21759,21759,225
2025-04-02 11:04:00,21764,21764,21763,21764,219
2025-04-02 11:05:00,21761,21761,21761,21761,66
2025-04-02 11:06:00,21764,21764,21764,21764,237
2025-04-02 11:07:00,21761,21762,21761,21761,172
2025-04-02 11:08:00,21762,21762,21762,21762,133
2025-04-02 11:09:00,21765,21765,21765,21765,188
2025-04-02 11:10:00,21771,21771,21771,21771,21
2025-04-02 11:11:00,21767,21767,21767,21767,123
2025-04-02 11:12:00,21772,21772,21771,21771,128
2025-04-02 11:13:00,21772,21773,21771,21772,83
2025-04-02 11:14:00,21776,21776,21773,21775,152
2025-04-02 11:15:00,21775,21778,21775,21776,199
2025-04-02 11:16:00,21775,21775,21771,21774,124
2025-04-02 11:17:00,21776,21776,21776,21776,86
2025-04-02 11:18:00,21777,21777,21776,21777,102
2025-04-02 11:19:00,21775,21776,21775,21775,190
2025-04-02 11:20:00,21780,21780,21780,21780,97
2025-04-02 11:21:00,21781,21781,21781,21781,148
2025-04-02 11:22:00,21778,21779,21777,21778,68
2025-04-02 11:23:00,21780,21780,21779,21780,99
2025-04-02 11:24:00,21782,21784,21781,21782,171
2025-04-02 11:25:00,21783,21784,21782,21783,93
2025-04-02 11:26:00,21780,21780,21779,21779,251
2025-04-02 11:27:00,21777,21777,21775,21777,201
2025-04-02 11:28:00,21775,21777,21775,21776,173
2025-04-02 11:29:00,21776,21776,21774,21775,34
2025-04-02 11:30:00,21773,21774,21773,21773,223
2025-04-02 11:31:00,21772,21772,21772,21772,93
2025-04-02 11:32:00,21770,21770,21770,21770,281
2025-04-02 11:33:00,21768,21769,21766,21768,117
2025-04-02 11:34:00,21767,21769,21766,21769,1
2025-04-02 11:35:00,21771,21771,21771,21771,141
2025-04-02 11:36:00,21769,21772,21769,21770,72
2025-04-02 11:37:00,21769,21770,21765,21768,129
2025-04-02 11:38:00,21771,21772,21771,21772,138
2025-04-02 11:39:00,21771,21771,21771,21771,167
2025-04-02 11:40:00,21776,21777,21775,21776,162
2025-04-02 11:41:00,21775,21777,21775,21776,225
2025-04-02 11:42:00,21777,21779,21776,21778,164
2025-04-02 11:43:00,21778,21781,21777,21778,150
2025-04-02 11:44:00,21777,21780,21776,21776,80
2025-04-02 11:45:00,21776,21776,21773,21774,140
2025-04-02 11:46:00,21770,21770,21770,21770,291
2025-04-02 11:47:00,21769,21769,21768,21768,155
2025-04-02 11:48:00,21769,21769,21765,21769,344
2025-04-02 11:49:00,21767,21769,21767,21768,204
2025-04-02 11:50:00,21768,21768,21767,21768,54
2025-04-02 11:51:00,21770,21770,21769,21769,305
2025-04-02 11:52:00,21765,21765,21763,21764,114
2025-04-02 11:53:00,21766,21766,21763,21764,193
2025-04-02 11:54:00,21764,21764,21764,21764,223
2025-04-02 11:55:00,21765,21765,21765,21765,235
2025-04-02 11:56:00,21765,21765,21764,21765,277
2025-04-02 11:57:00,21766,21766,21765,21766,333
2025-04-02 11:58:00,21766,21767,21762,21766,17
2025-04-02 11:59:00,21769,21769,21761,21766,175
2025-04-02 12:00:00,21768,21771,21768,21769,227
2025-04-02 12:01:00,21767,21767,21767,21767,298
2025-04-02 12:02:00,21770,21770,21766,21770,346
2025-04-02 12:03:00,21766,21768,21764,21766,243
2025-04-02 12:04:00,21766,21767,21766,21767,95
2025-04-02 12:05:00,21769,21769,21768,21769,159
2025-04-02 12:06:00,21762,21764,21762,21762,219
2025-04-02 12:07:00,21763,21765,21761,21763,107
2025-04-02 12:08:00,21763,21764,21763,21763,56
2025-04-02 12:09:00,21769,21772,21769,21770,219
2025-04-02 12:10:00,21772,21772,21771,21772,254
2025-04-02 12:11:00,21768,21768,21768,21768,174
2025-04-02 12:12:00,21766,21766,21766,21766,193
2025-04-02 12:13:00,21772,21773,21771,21772,120
2025-04-02 12:14:00,21775,21778,21775,21776,389
2025-04-02 12:15:00,21780,21781,21779,21780,139
2025-04-02 12:16:00,21783,21784,21782,21784,47
2025-04-02 12:17:00,21786,21786,21786,21786,210
2025-04-02 12:18:00,21785,21786,21785,21785,167
2025-04-02 12:19:00,21784,21785,21784,21784,212
2025-04-02 12:20:00,21785,21785,21785,21785,106
2025-04-02 12:21:00,21786,21787,21781,21784,260
2025-04-02 12:22:00,21788,21789,21788,21788,213
2025-04-02 12:23:00,21789,21789,21789,21789,181
2025-04-02 12:24:00,21791,21791,21783,21789,175
2025-04-02 12:25:00,21786,21786,21785,21785,139
2025-04-02 12:26:00,21784,21785,21781,21785,196
2025-04-02 12:27:00,21788,21789,21786,21788,52
2025-04-02 12:28:00,21785,21787,21784,21785,131
2025-04-02 12:29:00,21781,21782,21781,21781,127
2025-04-02 12:30:00,21781,21781,21778,21780,316
2025-04-02 12:31:00,21782,21782,21781,21782,341
2025-04-02 12:32:00,21779,21781,21778,21780,152
2025-04-02 12:33:00,21780,21781,21780,21781,191
2025-04-02 12:34:00,21774,21774,21774,21774,255
2025-04-02 12:35:00,21775,21781,21775,21776,243
2025-04-02 12:36:00,21771,21771,21771,21771,91
2025-04-02 12:37:00,21769,21769,21769,21769,181
2025-04-02 12:38:00,21771,21772,21771,21771,203
2025-04-02 12:39:00,21769,21770,21768,21769,253
2025-04-02 12:40:00,21769,21770,21767,21768,384
2025-04-02 12:41:00,21769,21769,21768,21769,62
2025-04-02 12:42:00,21770,21770,21770,21770,202
2025-04-02 12:43:00,21770,21771,21769,21770,261
2025-04-02 12:44:00,21776,21778,21775,21776,319
2025-04-02 12:45:00,21778,21780,21776,21778,210
2025-04-02 12:46:00,21775,21775,21775,21775,146
2025-04-02 12:47:00,21775,21776,21775,21775,269
2025-04-02 12:48:00,21773,21773,21772,21773,103
2025-04-02 12:49:00,21777,21777,21777,21777,246
2025-04-02 12:50:00,21783,21783,21783,21783,104
2025-04-02 12:51:00,21786,21786,21785,21786,249
2025-04-02 12:52:00,21784,21784,21783,21784,344
2025-04-02 12:53:00,21787,21787,21785,21786,403
2025-04-02 12:54:00,21793,21794,21793,21793,143
2025-04-02 12:55:00,21791,21791,21790,21791,146
2025-04-02 12:56:00,21795,21796,21795,21795,142
2025-04-02 12:57:00,21793,21793,21793,21793,234
2025-04-02 12:58:00,21793,21799,21790,21794,50
2025-04-02 12:59:00,21789,21789,21786,21788,117
2025-04-02 13:00:00,21786,21787,21784,21786,139
2025-04-02 13:01:00,21787,21787,21783,21787,233
2025-04-02 13:02:00,21781,21781,21779,21780,277
2025-04-02 13:03:00,21776,21777,21776,21777,208
2025-04-02 13:04:00,21779,21779,21776,21777,126
2025-04-02 13:05:00,21777,21778,21777,21777,57
2025-04-02 13:06:00,21772,21773,21772,21773,232
2025-04-02 13:07:00,21771,21774,21771,21772,271
2025-04-02 13:08:00,21771,21774,21771,21772,1
2025-04-02 13:09:00,21772,21773,21772,21773,191
2025-04-02 13:10:00,21774,21776,21774,21776,148
2025-04-02 13:11:00,21777,21777,21776,21777,250
2025-04-02 13:12:00,21775,21775,21774,21775,211
2025-04-02 13:13:00,21779,21780,21779,21780,189
2025-04-02 13:14:00,21781,21783,21781,21782,333
2025-04-02 13:15:00,21784,21785,21784,21784,1
2025-04-02 13:16:00,21781,21783,21780,21782,300
2025-04-02 13:17:00,21780,21780,21778,21780,429
2025-04-02 13:18:00,21776,21776,21775,21776,246
2025-04-02 13:19:00,21774,21780,21771,21773,331
2025-04-02 13:20:00,21773,21773,21773,21773,293
2025-04-02 13:21:00,21779,21780,21776,21778,218
2025-04-02 13:22:00,21783,21784,21782,21783,152
2025-04-02 13:23:00,21781,21783,21781,21782,433
2025-04-02 13:24:00,21788,21788,21786,21787,23
2025-04-02 13:25:00,21787,21791,21784,21788,169
2025-04-02 13:26:00,21783,21786,21782,21784,176
2025-04-02 13:27:00,21791,21791,21791,21791,196
2025-04-02 13:28:00,21784,21784,21780,21782,178
2025-04-02 13:29:00,21778,21782,21777,21780,202
2025-04-02 13:30:00,21776,21776,21774,21775,116
2025-04-02 13:31:00,21770,21770,21770,21770,169
2025-04-02 13:32:00,21776,21776,21776,21776,377
2025-04-02 13:33:00,21768,21768,21768,21768,334
2025-04-02 13:34:00,21768,21770,21765,21768,79
2025-04-02 13:35:00,21773,21774,21772,21773,61
2025-04-02 13:36:00,21761,21765,21761,21762,71
2025-04-02 13:37:00,21761,21762,21760,21761,385
2025-04-02 13:38:00,21759,21760,21757,21760,152
2025-04-02 13:39:00,21758,21760,21748,21759,185
2025-04-02 13:40:00,21762,21762,21761,21762,132
2025-04-02 13:41:00,21765,21765,21765,21765,424
2025-04-02 13:42:00,21766,21767,21765,21766,385
2025-04-02 13:43:00,21770,21770,21766,21768,526
2025-04-02 13:44:00,21769,21771,21761,21767,485
2025-04-07 08:45:00,21780,21780,21776,21778,339
2025-04-07 08:46:00,21783,21784,21783,21784,110
2025-04-07 08:47:00,21780,21785,21779,21781,247
2025-04-07 08:48:00,21779,21779,21778,21779,248
2025-04-07 08:49:00,21774,21776,21774,21776,465
2025-04-07 08:50:00,21786,21786,21785,21785,491
2025-04-07 08:51:00,21782,21782,21777,21782,292
2025-04-07 08:52:00,21775,21775,21773,21774,497
2025-04-07 08:53:00,21784,21784,21783,21783,435
2025-04-07 08:54:00,21781,21782,21780,21780,527
2025-04-07 08:55:00,21782,21785,21779,21782,1
2025-04-07 08:56:00,21786,21786,21783,21785,185
2025-04-07 08:57:00,21782,21782,21781,21781,716
2025-04-07 08:58:00,21788,21788,21787,21788,364
2025-04-07 08:59:00,21801,21801,21798,21801,344
2025-04-07 09:00:00,21797,21798,21796,21797,19
2025-04-07 09:01:00,21797,21801,21796,21797,430
2025-04-07 09:02:00,21797,21797,21796,21796,177
2025-04-07 09:03:00,21795,21795,21795,21795,381
2025-04-07 09:04:00,21783,21784,21783,21783,169
2025-04-07 09:05:00,21783,21783,21783,21783,256
2025-04-07 09:06:00,21787,21787,21786,21787,246
2025-04-07 09:07:00,21790,21797,21787,21792,110
2025-04-07 09:08:00,21792,21795,21791,21792,232
2025-04-07 09:09:00,21793,21794,21792,21793,169
2025-04-07 09:10:00,21792,21793,21791,21792,222
2025-04-07 09:11:00,21792,21793,21791,21792,122
2025-04-07 09:12:00,21792,21793,21792,21792,399
2025-04-07 09:13:00,21795,21800,21789,21794,191
2025-04-07 09:14:00,21797,21797,21796,21796,450
2025-04-07 09:15:00,21792,21792,21792,21792,230
2025-04-07 09:16:00,21797,21797,21795,21797,79
2025-04-07 09:17:00,21796,21796,21795,21795,178
2025-04-07 09:18:00,21799,21800,21795,21798,185
2025-04-07 09:19:00,21798,21799,21793,21798,212
2025-04-07 09:20:00,21799,21799,21798,21798,139
2025-04-07 09:21:00,21797,21798,21797,21798,293
2025-04-07 09:22:00,21795,21796,21795,21796,116
2025-04-07 09:23:00,21797,21798,21796,21796,58
2025-04-07 09:24:00,21797,21797,21795,21796,329
2025-04-07 09:25:00,21795,21796,21794,21795,240
2025-04-07 09:26:00,21797,21797,21795,21796,123
2025-04-07 09:27:00,21798,21802,21797,21798,433
2025-04-07 09:28:00,21797,21798,21797,21797,210
2025-04-07 09:29:00,21794,21797,21794,21795,153
2025-04-07 09:30:00,21798,21800,21794,21798,210
2025-04-07 09:31:00,21799,21799,21798,21799,244
2025-04-07 09:32:00,21800,21800,21796,21799,256
2025-04-07 09:33:00,21797,21797,21797,21797,268
2025-04-07 09:34:00,21802,21804,21801,21803,231
2025-04-07 09:35:00,21804,21804,21803,21804,182
2025-04-07 09:36:00,21804,21804,21803,21803,167
2025-04-07 09:37:00,21803,21805,21803,21804,265
2025-04-07 09:38:00,21805,21805,21805,21805,210
2025-04-07 09:39:00,21802,21802,21802,21802,160
2025-04-07 09:40:00,21804,21805,21804,21804,156
2025-04-07 09:41:00,21802,21803,21801,21802,161
2025-04-07 09:42:00,21797,21802,21795,21798,116
2025-04-07 09:43:00,21804,21806,21804,21804,1
2025-04-07 09:44:00,21806,21807,21805,21806,321
2025-04-07 09:45:00,21800,21800,21799,21799,97
2025-04-07 09:46:00,21796,21796,21796,21796,243
2025-04-07 09:47:00,21795,21795,21795,21795,266
2025-04-07 09:48:00,21797,21798,21797,21797,117
2025-04-07 09:49:00,21796,21797,21793,21795,217
2025-04-07 09:50:00,21798,21800,21795,21798,201
2025-04-07 09:51:00,21801,21801,21798,21801,257
2025-04-07 09:52:00,21802,21802,21799,21801,326
2025-04-07 09:53:00,21805,21805,21797,21803,46
2025-04-07 09:54:00,21798,21798,21798,21798,129
2025-04-07 09:55:00,21799,21799,21798,21799,158
2025-04-07 09:56:00,21795,21795,21791,21794,235
2025-04-07 09:57:00,21792,21792,21791,21792,126
2025-04-07 09:58:00,21793,21794,21793,21793,206
2025-04-07 09:59:00,21791,21792,21791,21792,138
2025-04-07 10:00:00,21789,21789,21788,21789,303
2025-04-07 10:01:00,21795,21796,21795,21796,268
2025-04-07 10:02:00,21795,21799,21795,21798,320
2025-04-07 10:03:00,21804,21805,21804,21804,228
2025-04-07 10:04:00,21806,21809,21806,21808,228
2025-04-07 10:05:00,21805,21805,21802,21804,104
2025-04-07 10:06:00,21806,21806,21806,21806,435
2025-04-07 10:07:00,21803,21805,21803,21804,21
2025-04-07 10:08:00,21806,21806,21804,21805,113
2025-04-07 10:09:00,21807,21807,21806,21806,155
2025-04-07 10:10:00,21807,21807,21806,21806,173
2025-04-07 10:11:00,21807,21808,21805,21807,158
2025-04-07 10:12:00,21805,21805,21805,21805,183
2025-04-07 10:13:00,21807,21808,21805,21807,59
2025-04-07 10:14:00,21809,21811,21809,21810,107
2025-04-07 10:15:00,21812,21812,21811,21812,225
2025-04-07 10:16:00,21809,21811,21809,21809,134
2025-04-07 10:17:00,21809,21809,21808,21809,138
2025-04-07 10:18:00,21810,21810,21810,21810,317
2025-04-07 10:19:00,21808,21808,21808,21808,130
2025-04-07 10:20:00,21808,21808,21808,21808,207
2025-04-07 10:21:00,21810,21810,21809,21810,235
2025-04-07 10:22:00,21810,21812,21807,21811,187
2025-04-07 10:23:00,21815,21815,21815,21815,246
2025-04-07 10:24:00,21815,21815,21811,21813,185
2025-04-07 10:25:00,21816,21828,21810,21814,205
2025-04-07 10:26:00,21815,21817,21813,21814,192
2025-04-07 10:27:00,21817,21817,21815,21817,171
2025-04-07 10:28:00,21820,21823,21820,21821,142
2025-04-07 10:29:00,21822,21823,21822,21823,161
2025-04-07 10:30:00,21825,21825,21825,21825,147
2025-04-07 10:31:00,21824,21824,21822,21823,77
2025-04-07 10:32:00,21820,21820,21819,21819,148
2025-04-07 10:33:00,21815,21815,21814,21815,347
2025-04-07 10:34:00,21817,21820,21817,21819,271
2025-04-07 10:35:00,21815,21816,21815,21815,276
2025-04-07 10:36:00,21811,21812,21810,21811,1
2025-04-07 10:37:00,21813,21814,21813,21813,148
2025-04-07 10:38:00,21812,21812,21811,21812,265
2025-04-07 10:39:00,21817,21817,21816,21817,160
2025-04-07 10:40:00,21818,21818,21818,21818,108
2025-04-07 10:41:00,21823,21824,21823,21823,133
2025-04-07 10:42:00,21822,21822,21821,21822,261
2025-04-07 10:43:00,21821,21821,21820,21821,346
2025-04-07 10:44:00,21818,21821,21818,21820,168
2025-04-07 10:45:00,21823,21823,21822,21822,126
2025-04-07 10:46:00,21825,21825,21825,21825,135
2025-04-07 10:47:00,21826,21826,21825,21825,137
2025-04-07 10:48:00,21827,21829,21827,21827,374
2025-04-07 10:49:00,21828,21829,21823,21827,155
2025-04-07 10:50:00,21828,21829,21828,21828,85
2025-04-07 10:51:00,21826,21827,21826,21827,131
2025-04-07 10:52:00,21827,21827,21824,21827,283
2025-04-07 10:53:00,21831,21832,21831,21831,145
2025-04-07 10:54:00,21831,21831,21830,21831,191
2025-04-07 10:55:00,21833,21833,21833,21833,111
2025-04-07 10:56:00,21828,21828,21828,21828,1
2025-04-07 10:57:00,21830,21830,21830,21830,187
2025-04-07 10:58:00,21833,21833,21833,21833,77
2025-04-07 10:59:00,21835,21836,21834,21835,203
2025-04-07 11:00:00,21834,21836,21834,21835,139
2025-04-07 11:01:00,21840,21842,21839,21841,232
2025-04-07 11:02:00,21844,21845,21844,21845,111
2025-04-07 11:03:00,21845,21845,21844,21844,45
2025-04-07 11:04:00,21845,21847,21842,21844,133
2025-04-07 11:05:00,21844,21844,21841,21842,99
2025-04-07 11:06:00,21837,21837,21836,21837,1
2025-04-07 11:07:00,21839,21839,21837,21838,1
2025-04-07 11:08:00,21837,21837,21837,21837,233
2025-04-07 11:09:00,21840,21840,21839,21839,343
2025-04-07 11:10:00,21841,21842,21840,21841,292
2025-04-07 11:11:00,21847,21848,21847,21847,62
2025-04-07 11:12:00,21849,21850,21849,21849,149
2025-04-07 11:13:00,21851,21851,21849,21850,93
2025-04-07 11:14:00,21852,21853,21852,21852,147
2025-04-07 11:15:00,21851,21851,21851,21851,111
2025-04-07 11:16:00,21850,21850,21850,21850,108
2025-04-07 11:17:00,21846,21848,21846,21847,146
2025-04-07 11:18:00,21850,21850,21850,21850,92
2025-04-07 11:19:00,21849,21849,21849,21849,62
2025-04-07 11:20:00,21851,21851,21850,21851,275
2025-04-07 11:21:00,21847,21849,21847,21848,184
2025-04-07 11:22:00,21851,21852,21850,21850,211
2025-04-07 11:23:00,21854,21854,21854,21854,41
2025-04-07 11:24:00,21859,21859,21859,21859,84
2025-04-07 11:25:00,21862,21863,21862,21862,157
2025-04-07 11:26:00,21862,21862,21860,21861,140
2025-04-07 11:27:00,21859,21861,21855,21858,183
2025-04-07 11:28:00,21858,21858,21852,21856,193
2025-04-07 11:29:00,21854,21855,21851,21854,141
2025-04-07 11:30:00,21852,21852,21852,21852,37
2025-04-07 11:31:00,21853,21853,21852,21852,38
2025-04-07 11:32:00,21853,21854,21853,21853,37
2025-04-07 11:33:00,21855,21857,21855,21856,136
2025-04-07 11:34:00,21860,21860,21860,21860,190
2025-04-07 11:35:00,21859,21859,21857,21858,73
2025-04-07 11:36:00,21861,21861,21861,21861,193
2025-04-07 11:37:00,21863,21865,21862,21863,14
2025-04-07 11:38:00,21859,21860,21859,21859,118
2025-04-07 11:39:00,21859,21861,21855,21859,271
2025-04-07 11:40:00,21856,21856,21856,21856,75
2025-04-07 11:41:00,21859,21859,21858,21858,200
2025-04-07 11:42:00,21860,21860,21860,21860,61
2025-04-07 11:43:00,21861,21861,21859,21861,188
2025-04-07 11:44:00,21866,21867,21865,21866,179
2025-04-07 11:45:00,21866,21868,21866,21867,334
2025-04-07 11:46:00,21863,21863,21863,21863,75
2025-04-07 11:47:00,21869,21869,21868,21868,183
2025-04-07 11:48:00,21873,21873,21871,21872,1
2025-04-07 11:49:00,21874,21874,21873,21874,196
2025-04-07 11:50:00,21872,21872,21872,21872,203
2025-04-07 11:51:00,21869,21872,21869,21870,248
2025-04-07 11:52:00,21869,21872,21865,21869,117
2025-04-07 11:53:00,21874,21874,21874,21874,121
2025-04-07 11:54:00,21871,21873,21871,21872,187
2025-04-07 11:55:00,21870,21871,21868,21870,90
2025-04-07 11:56:00,21869,21869,21866,21868,249
2025-04-07 11:57:00,21863,21864,21862,21864,296
2025-04-07 11:58:00,21865,21866,21865,21865,263
2025-04-07 11:59:00,21867,21868,21866,21867,276
2025-04-07 12:00:00,21867,21868,21867,21867,77
2025-04-07 12:01:00,21873,21873,21871,21872,195
2025-04-07 12:02:00,21871,21871,21869,21870,208
2025-04-07 12:03:00,21871,21872,21871,21871,141
2025-04-07 12:04:00,21860,21860,21860,21860,200
2025-04-07 12:05:00,21858,21858,21858,21858,159
2025-04-07 12:06:00,21863,21864,21862,21863,207
2025-04-07 12:07:00,21863,21863,21862,21863,248
2025-04-07 12:08:00,21862,21862,21862,21862,124
2025-04-07 12:09:00,21862,21863,21862,21863,224
2025-04-07 12:10:00,21860,21862,21859,21860,129
2025-04-07 12:11:00,21861,21861,21860,21861,59
2025-04-07 12:12:00,21858,21859,21858,21859,131
2025-04-07 12:13:00,21855,21856,21855,21855,1
2025-04-07 12:14:00,21853,21855,21853,21854,275
2025-04-07 12:15:00,21854,21854,21852,21854,238
2025-04-07 12:16:00,21853,21854,21853,21853,327
2025-04-07 12:17:00,21853,21854,21853,21853,339
2025-04-07 12:18:00,21853,21853,21853,21853,252
2025-04-07 12:19:00,21855,21857,21853,21856,131
2025-04-07 12:20:00,21859,21859,21859,21859,205
2025-04-07 12:21:00,21858,21858,21857,21858,313
2025-04-07 12:22:00,21856,21857,21855,21856,254
2025-04-07 12:23:00,21853,21853,21852,21852,186
2025-04-07 12:24:00,21854,21854,21854,21854,372
2025-04-07 12:25:00,21855,21856,21854,21855,164
2025-04-07 12:26:00,21855,21855,21854,21855,191
2025-04-07 12:27:00,21857,21857,21856,21857,39
2025-04-07 12:28:00,21856,21856,21856,21856,179
2025-04-07 12:29:00,21860,21862,21859,21860,415
2025-04-07 12:30:00,21864,21864,21864,21864,226
2025-04-07 12:31:00,21867,21867,21866,21867,316
2025-04-07 12:32:00,21870,21873,21870,21871,203
2025-04-07 12:33:00,21876,21876,21875,21876,249
2025-04-07 12:34:00,21877,21879,21875,21876,326
2025-04-07 12:35:00,21875,21875,21875,21875,49
2025-04-07 12:36:00,21869,21869,21869,21869,1
2025-04-07 12:37:00,21872,21872,21872,21872,146
2025-04-07 12:38:00,21870,21872,21868,21870,329
2025-04-07 12:39:00,21869,21869,21868,21868,295
2025-04-07 12:40:00,21864,21865,21864,21865,207
2025-04-07 12:41:00,21868,21870,21868,21869,272
2025-04-07 12:42:00,21866,21867,21865,21866,9
2025-04-07 12:43:00,21860,21861,21859,21860,157
2025-04-07 12:44:00,21856,21859,21855,21856,80
2025-04-07 12:45:00,21862,21862,21862,21862,267
2025-04-07 12:46:00,21858,21860,21857,21858,241
2025-04-07 12:47:00,21854,21855,21853,21855,179
2025-04-07 12:48:00,21849,21849,21849,21849,190
2025-04-07 12:49:00,21847,21847,21846,21847,217
2025-04-07 12:50:00,21844,21846,21843,21845,177
2025-04-07 12:51:00,21843,21843,21843,21843,232
2025-04-07 12:52:00,21844,21844,21844,21844,246
2025-04-07 12:53:00,21842,21842,21838,21840,299
2025-04-07 12:54:00,21841,21842,21841,21841,67
2025-04-07 12:55:00,21839,21840,21837,21838,304
2025-04-07 12:56:00,21834,21836,21833,21834,16
2025-04-07 12:57:00,21838,21838,21838,21838,178
2025-04-07 12:58:00,21841,21845,21841,21843,245
2025-04-07 12:59:00,21848,21848,21847,21848,150
2025-04-07 13:00:00,21852,21852,21851,21851,332
2025-04-07 13:01:00,21847,21850,21845,21849,90
2025-04-07 13:02:00,21845,21846,21844,21845,300
2025-04-07 13:03:00,21839,21839,21837,21838,326
2025-04-07 13:04:00,21830,21834,21830,21831,38
2025-04-07 13:05:00,21833,21835,21833,21834,226
2025-04-07 13:06:00,21830,21830,21829,21830,227
2025-04-07 13:07:00,21823,21825,21823,21824,154
2025-04-07 13:08:00,21822,21822,21821,21822,70
2025-04-07 13:09:00,21823,21824,21823,21823,26
2025-04-07 13:10:00,21826,21828,21825,21827,174
2025-04-07 13:11:00,21826,21826,21826,21826,91
2025-04-07 13:12:00,21826,21827,21826,21826,225
2025-04-07 13:13:00,21826,21826,21826,21826,147
2025-04-07 13:14:00,21828,21828,21827,21827,107
2025-04-07 13:15:00,21826,21826,21825,21826,35
2025-04-07 13:16:00,21829,21832,21825,21828,83
2025-04-07 13:17:00,21832,21832,21830,21831,63
2025-04-07 13:18:00,21829,21830,21829,21830,202
2025-04-07 13:19:00,21826,21826,21825,21826,116
2025-04-07 13:20:00,21823,21823,21823,21823,214
2025-04-07 13:21:00,21824,21824,21821,21824,404
2025-04-07 13:22:00,21823,21824,21823,21823,454
2025-04-07 13:23:00,21826,21831,21826,21827,164
2025-04-07 13:24:00,21826,21826,21826,21826,308
2025-04-07 13:25:00,21825,21827,21825,21825,272
2025-04-07 13:26:00,21821,21822,21821,21822,137
2025-04-07 13:27:00,21823,21825,21821,21824,246
2025-04-07 13:28:00,21825,21829,21822,21824,520
2025-04-07 13:29:00,21821,21821,21820,21821,241
2025-04-07 13:30:00,21816,21820,21814,21815,316
2025-04-07 13:31:00,21811,21815,21811,21812,372
2025-04-07 13:32:00,21815,21815,21814,21815,385
2025-04-07 13:33:00,21809,21815,21809,21810,471
2025-04-07 13:34:00,21802,21804,21802,21804,229
2025-04-07 13:35:00,21799,21804,21797,21797,117
2025-04-07 13:36:00,21791,21795,21787,21791,278
2025-04-07 13:37:00,21789,21790,21789,21789,175
2025-04-07 13:38:00,21784,21784,21783,21784,167
2025-04-07 13:39:00,21782,21785,21782,21782,281
2025-04-07 13:40:00,21791,21791,21791,21791,424
2025-04-07 13:41:00,21790,21791,21790,21790,417
2025-04-07 13:42:00,21786,21790,21782,21787,199
2025-04-07 13:43:00,21783,21784,21783,21784,243
2025-04-07 13:44:00,21784,21785,21780,21784,79
2025-04-08 08:45:00,21817,21819,21816,21818,22
2025-04-08 08:46:00,21822,21822,21817,21822,548
2025-04-08 08:47:00,21820,21820,21820,21820,178
2025-04-08 08:48:00,21818,21819,21818,21818,390
2025-04-08 08:49:00,21812,21813,21809,21812,525
2025-04-08 08:50:00,21804,21806,21800,21804,97
2025-04-08 08:51:00,21805,21807,21805,21805,500
2025-04-08 08:52:00,21816,21821,21800,21813,571
2025-04-08 08:53:00,21814,21817,21814,21815,400
2025-04-08 08:54:00,21826,21826,21820,21824,475
2025-04-08 08:55:00,21822,21822,21821,21822,500
2025-04-08 08:56:00,21822,21823,21821,21821,554
2025-04-08 08:57:00,21821,21821,21819,21820,259
2025-04-08 08:58:00,21815,21817,21810,21814,76
2025-04-08 08:59:00,21817,21819,21817,21819,400
2025-04-08 09:00:00,21821,21821,21820,21821,105
2025-04-08 09:01:00,21824,21825,21824,21824,320
2025-04-08 09:02:00,21827,21827,21826,21826,436
2025-04-08 09:03:00,21829,21829,21829,21829,164
2025-04-08 09:04:00,21829,21829,21828,21829,105
2025-04-08 09:05:00,21823,21824,21823,21824,22
2025-04-08 09:06:00,21826,21826,21823,21824,289
2025-04-08 09:07:00,21830,21830,21828,21828,232
2025-04-08 09:08:00,21826,21826,21826,21826,101
2025-04-08 09:09:00,21830,21836,21830,21832,286
2025-04-08 09:10:00,21827,21831,21826,21828,206
2025-04-08 09:11:00,21824,21827,21824,21825,103
2025-04-08 09:12:00,21833,21835,21832,21833,332
2025-04-08 09:13:00,21832,21834,21832,21833,392
2025-04-08 09:14:00,21838,21839,21838,21839,420
2025-04-08 09:15:00,21838,21838,21838,21838,110
2025-04-08 09:16:00,21831,21831,21831,21831,75
2025-04-08 09:17:00,21833,21834,21833,21834,164
2025-04-08 09:18:00,21833,21833,21833,21833,380
2025-04-08 09:19:00,21835,21836,21835,21835,181
2025-04-08 09:20:00,21841,21841,21841,21841,345
2025-04-08 09:21:00,21837,21838,21836,21837,91
2025-04-08 09:22:00,21837,21837,21837,21837,121
2025-04-08 09:23:00,21830,21831,21830,21831,155
2025-04-08 09:24:00,21825,21825,21824,21825,180
2025-04-08 09:25:00,21829,21829,21827,21828,246
2025-04-08 09:26:00,21825,21828,21825,21825,355
2025-04-08 09:27:00,21831,21831,21831,21831,128
2025-04-08 09:28:00,21831,21832,21830,21831,136
2025-04-08 09:29:00,21830,21830,21825,21829,279
2025-04-08 09:30:00,21825,21826,21825,21825,207
2025-04-08 09:31:00,21827,21827,21826,21827,358
2025-04-08 09:32:00,21829,21832,21828,21829,302
2025-04-08 09:33:00,21831,21831,21830,21830,36
2025-04-08 09:34:00,21828,21833,21826,21828,251
2025-04-08 09:35:00,21829,21829,21827,21829,118
2025-04-08 09:36:00,21828,21829,21827,21828,337
2025-04-08 09:37:00,21825,21825,21824,21824,202
2025-04-08 09:38:00,21823,21823,21823,21823,58
2025-04-08 09:39:00,21818,21822,21817,21818,265
2025-04-08 09:40:00,21816,21817,21814,21816,92
2025-04-08 09:41:00,21816,21819,21814,21816,161
2025-04-08 09:42:00,21816,21817,21816,21816,122
2025-04-08 09:43:00,21814,21816,21813,21815,122
2025-04-08 09:44:00,21823,21823,21822,21823,85
2025-04-08 09:45:00,21825,21825,21825,21825,1
2025-04-08 09:46:00,21826,21826,21825,21826,328
2025-04-08 09:47:00,21832,21832,21829,21831,137
2025-04-08 09:48:00,21828,21828,21828,21828,262
2025-04-08 09:49:00,21828,21828,21827,21828,212
2025-04-08 09:50:00,21825,21826,21825,21826,312
2025-04-08 09:51:00,21826,21827,21826,21826,182
2025-04-08 09:52:00,21824,21825,21822,21824,65
2025-04-08 09:53:00,21826,21827,21826,21827,110
2025-04-08 09:54:00,21829,21829,21828,21829,220
2025-04-08 09:55:00,21833,21833,21831,21833,247
2025-04-08 09:56:00,21829,21829,21828,21829,187
2025-04-08 09:57:00,21830,21831,21830,21831,147
2025-04-08 09:58:00,21825,21826,21825,21825,193
2025-04-08 09:59:00,21821,21821,21821,21821,106
2025-04-08 10:00:00,21820,21820,21812,21815,207
2025-04-08 10:01:00,21811,21811,21811,21811,151
2025-04-08 10:02:00,21810,21810,21810,21810,92
2025-04-08 10:03:00,21811,21813,21811,21812,216
2025-04-08 10:04:00,21809,21809,21808,21809,174
2025-04-08 10:05:00,21808,21809,21807,21808,244
2025-04-08 10:06:00,21811,21811,21808,21809,165
2025-04-08 10:07:00,21813,21813,21809,21812,351
2025-04-08 10:08:00,21809,21809,21808,21809,126
2025-04-08 10:09:00,21810,21812,21809,21810,210
2025-04-08 10:10:00,21809,21811,21805,21809,100
2025-04-08 10:11:00,21806,21807,21806,21806,139
2025-04-08 10:12:00,21816,21816,21815,21815,116
2025-04-08 10:13:00,21815,21816,21813,21815,198
2025-04-08 10:14:00,21822,21822,21822,21822,275
2025-04-08 10:15:00,21824,21824,21823,21823,111
2025-04-08 10:16:00,21823,21823,21823,21823,305
2025-04-08 10:17:00,21821,21822,21820,21821,121
2025-04-08 10:18:00,21821,21821,21818,21821,302
2025-04-08 10:19:00,21822,21822,21822,21822,224
2025-04-08 10:20:00,21821,21823,21820,21822,107
2025-04-08 10:21:00,21825,21826,21821,21824,261
2025-04-08 10:22:00,21820,21823,21819,21820,78
2025-04-08 10:23:00,21822,21822,21822,21822,143
2025-04-08 10:24:00,21825,21825,21823,21824,258
2025-04-08 10:25:00,21819,21819,21819,21819,13
2025-04-08 10:26:00,21819,21820,21819,21819,106
2025-04-08 10:27:00,21821,21823,21820,21821,282
2025-04-08 10:28:00,21824,21825,21824,21824,284
2025-04-08 10:29:00,21827,21827,21825,21826,144
2025-04-08 10:30:00,21827,21831,21822,21827,103
2025-04-08 10:31:00,21825,21827,21823,21825,97
2025-04-08 10:32:00,21826,21826,21825,21826,190
2025-04-08 10:33:00,21825,21825,21825,21825,1
2025-04-08 10:34:00,21829,21829,21827,21828,239
2025-04-08 10:35:00,21831,21832,21830,21830,188
2025-04-08 10:36:00,21829,21829,21828,21828,108
2025-04-08 10:37:00,21824,21824,21823,21824,302
2025-04-08 10:38:00,21819,21821,21819,21820,130
2025-04-08 10:39:00,21823,21823,21822,21822,69
2025-04-08 10:40:00,21825,21825,21824,21825,148
2025-04-08 10:41:00,21825,21827,21825,21825,242
2025-04-08 10:42:00,21828,21829,21826,21828,123
2025-04-08 10:43:00,21827,21827,21826,21826,142
2025-04-08 10:44:00,21829,21831,21824,21829,212
2025-04-08 10:45:00,21829,21832,21828,21829,119
2025-04-08 10:46:00,21830,21831,21830,21831,248
2025-04-08 10:47:00,21830,21831,21827,21831,168
2025-04-08 10:48:00,21827,21828,21827,21827,64
2025-04-08 10:49:00,21829,21830,21829,21830,170
2025-04-08 10:50:00,21829,21829,21827,21829,143
2025-04-08 10:51:00,21831,21831,21828,21830,143
2025-04-08 10:52:00,21830,21832,21828,21830,73
2025-04-08 10:53:00,21829,21829,21829,21829,26
2025-04-08 10:54:00,21827,21831,21825,21828,185
2025-04-08 10:55:00,21829,21829,21826,21828,242
2025-04-08 10:56:00,21828,21828,21828,21828,143
2025-04-08 10:57:00,21827,21827,21827,21827,342
2025-04-08 10:58:00,21828,21828,21827,21828,131
2025-04-08 10:59:00,21827,21828,21827,21827,7
2025-04-08 11:00:00,21823,21823,21823,21823,226
2025-04-08 11:01:00,21825,21825,21825,21825,165
2025-04-08 11:02:00,21820,21822,21820,21821,231
2025-04-08 11:03:00,21820,21820,21820,21820,89
2025-04-08 11:04:00,21822,21823,21822,21823,7
2025-04-08 11:05:00,21821,21822,21819,21821,262
2025-04-08 11:06:00,21822,21823,21822,21822,130
2025-04-08 11:07:00,21827,21827,21826,21826,129
2025-04-08 11:08:00,21825,21828,21825,21826,245
2025-04-08 11:09:00,21830,21830,21830,21830,198
2025-04-08 11:10:00,21828,21829,21827,21828,463
2025-04-08 11:11:00,21827,21827,21826,21827,212
2025-04-08 11:12:00,21826,21827,21826,21826,236
2025-04-08 11:13:00,21824,21828,21824,21825,225
2025-04-08 11:14:00,21823,21824,21822,21823,265
2025-04-08 11:15:00,21821,21823,21821,21822,88
2025-04-08 11:16:00,21820,21821,21819,21820,207
2025-04-08 11:17:00,21818,21818,21817,21818,153
2025-04-08 11:18:00,21822,21824,21820,21821,128
2025-04-08 11:19:00,21821,21821,21821,21821,339
2025-04-08 11:20:00,21822,21822,21818,21820,210
2025-04-08 11:21:00,21818,21818,21817,21818,148
2025-04-08 11:22:00,21814,21814,21813,21814,75
2025-04-08 11:23:00,21816,21817,21815,21816,122
2025-04-08 11:24:00,21813,21814,21813,21813,10
2025-04-08 11:25:00,21813,21814,21813,21814,117
2025-04-08 11:26:00,21818,21818,21817,21818,62
2025-04-08 11:27:00,21819,21819,21818,21818,90
2025-04-08 11:28:00,21822,21822,21821,21822,93
2025-04-08 11:29:00,21821,21822,21821,21822,130
2025-04-08 11:30:00,21823,21824,21823,21823,104
2025-04-08 11:31:00,21823,21824,21823,21823,128
2025-04-08 11:32:00,21827,21828,21826,21827,161
2025-04-08 11:33:00,21828,21832,21828,21829,244
2025-04-08 11:34:00,21829,21830,21827,21828,151
2025-04-08 11:35:00,21826,21828,21825,21826,82
2025-04-08 11:36:00,21828,21830,21828,21828,45
2025-04-08 11:37:00,21830,21830,21829,21830,106
2025-04-08 11:38:00,21830,21835,21827,21830,126
2025-04-08 11:39:00,21830,21830,21829,21830,141
2025-04-08 11:40:00,21831,21831,21831,21831,232
2025-04-08 11:41:00,21831,21834,21831,21833,94
2025-04-08 11:42:00,21831,21831,21831,21831,120
2025-04-08 11:43:00,21831,21832,21828,21830,109
2025-04-08 11:44:00,21835,21835,21835,21835,165
2025-04-08 11:45:00,21833,21833,21833,21833,216
2025-04-08 11:46:00,21832,21834,21832,21832,158
2025-04-08 11:47:00,21830,21830,21829,21829,267
2025-04-08 11:48:00,21829,21831,21829,21830,248
2025-04-08 11:49:00,21830,21833,21828,21830,225
2025-04-08 11:50:00,21830,21830,21829,21830,190
2025-04-08 11:51:00,21828,21829,21828,21828,253
2025-04-08 11:52:00,21834,21835,21833,21834,9
2025-04-08 11:53:00,21831,21831,21829,21830,127
2025-04-08 11:54:00,21833,21833,21831,21832,234
2025-04-08 11:55:00,21835,21836,21833,21834,98
2025-04-08 11:56:00,21832,21834,21832,21833,119
2025-04-08 11:57:00,21834,21835,21834,21834,72
2025-04-08 11:58:00,21834,21836,21834,21835,255
2025-04-08 11:59:00,21831,21832,21830,21831,83
2025-04-08 12:00:00,21839,21839,21839,21839,211
2025-04-08 12:01:00,21839,21840,21839,21839,77
2025-04-08 12:02:00,21838,21838,21838,21838,234
2025-04-08 12:03:00,21835,21837,21833,21836,151
2025-04-08 12:04:00,21836,21837,21835,21836,211
2025-04-08 12:05:00,21835,21836,21835,21836,104
2025-04-08 12:06:00,21836,21836,21835,21836,269
2025-04-08 12:07:00,21839,21839,21839,21839,161
2025-04-08 12:08:00,21842,21842,21840,21842,216
2025-04-08 12:09:00,21843,21844,21842,21842,260
2025-04-08 12:10:00,21845,21845,21845,21845,149
2025-04-08 12:11:00,21847,21847,21847,21847,184
2025-04-08 12:12:00,21847,21849,21845,21848,228
2025-04-08 12:13:00,21850,21854,21848,21851,265
2025-04-08 12:14:00,21855,21855,21855,21855,147
2025-04-08 12:15:00,21856,21856,21854,21855,151
2025-04-08 12:16:00,21856,21856,21855,21855,325
2025-04-08 12:17:00,21859,21859,21858,21859,204
2025-04-08 12:18:00,21860,21861,21858,21860,275
2025-04-08 12:19:00,21861,21861,21860,21861,45
2025-04-08 12:20:00,21863,21863,21857,21861,257
2025-04-08 12:21:00,21863,21865,21863,21864,109
2025-04-08 12:22:00,21858,21866,21852,21862,172
2025-04-08 12:23:00,21865,21865,21864,21864,177
2025-04-08 12:24:00,21862,21863,21862,21863,90
2025-04-08 12:25:00,21857,21860,21855,21856,153
2025-04-08 12:26:00,21852,21855,21852,21852,48
2025-04-08 12:27:00,21851,21851,21850,21851,37
2025-04-08 12:28:00,21848,21850,21844,21847,144
2025-04-08 12:29:00,21848,21849,21847,21848,409
2025-04-08 12:30:00,21847,21848,21846,21847,188
2025-04-08 12:31:00,21847,21848,21844,21847,318
2025-04-08 12:32:00,21850,21850,21848,21850,95
2025-04-08 12:33:00,21853,21854,21849,21852,143
2025-04-08 12:34:00,21851,21852,21850,21851,104
2025-04-08 12:35:00,21851,21853,21850,21851,202
2025-04-08 12:36:00,21850,21850,21850,21850,223
2025-04-08 12:37:00,21855,21855,21854,21855,45
2025-04-08 12:38:00,21858,21859,21853,21857,232
2025-04-08 12:39:00,21860,21860,21858,21859,86
2025-04-08 12:40:00,21862,21862,21862,21862,124
2025-04-08 12:41:00,21864,21867,21864,21865,27
2025-04-08 12:42:00,21870,21871,21870,21871,159
2025-04-08 12:43:00,21869,21870,21868,21869,134
2025-04-08 12:44:00,21866,21867,21862,21867,123
2025-04-08 12:45:00,21867,21867,21862,21865,47
2025-04-08 12:46:00,21861,21861,21860,21861,93
2025-04-08 12:47:00,21865,21866,21865,21865,157
2025-04-08 12:48:00,21860,21860,21860,21860,126
2025-04-08 12:49:00,21863,21863,21863,21863,163
2025-04-08 12:50:00,21865,21865,21865,21865,180
2025-04-08 12:51:00,21866,21867,21865,21865,104
2025-04-08 12:52:00,21862,21863,21862,21862,6
2025-04-08 12:53:00,21858,21859,21858,21859,169
2025-04-08 12:54:00,21858,21859,21857,21858,140
2025-04-08 12:55:00,21858,21859,21857,21858,221
2025-04-08 12:56:00,21867,21867,21867,21867,131
2025-04-08 12:57:00,21869,21870,21869,21870,232
2025-04-08 12:58:00,21872,21873,21872,21872,175
2025-04-08 12:59:00,21875,21876,21873,21875,136
2025-04-08 13:00:00,21874,21874,21873,21874,161
2025-04-08 13:01:00,21873,21874,21873,21873,229
2025-04-08 13:02:00,21875,21875,21874,21875,145
2025-04-08 13:03:00,21876,21877,21874,21877,234
2025-04-08 13:04:00,21871,21874,21868,21872,104
2025-04-08 13:05:00,21864,21865,21864,21864,236
2025-04-08 13:06:00,21860,21860,21859,21860,250
2025-04-08 13:07:00,21858,21860,21857,21858,95
2025-04-08 13:08:00,21858,21858,21858,21858,63
2025-04-08 13:09:00,21854,21858,21854,21855,217
2025-04-08 13:10:00,21858,21858,21848,21857,68
2025-04-08 13:11:00,21851,21851,21851,21851,199
2025-04-08 13:12:00,21851,21851,21850,21851,261
2025-04-08 13:13:00,21850,21850,21850,21850,17
2025-04-08 13:14:00,21849,21850,21849,21849,207
2025-04-08 13:15:00,21848,21849,21848,21848,332
2025-04-08 13:16:00,21845,21846,21841,21846,192
2025-04-08 13:17:00,21848,21848,21847,21847,72
2025-04-08 13:18:00,21852,21853,21851,21852,147
2025-04-08 13:19:00,21853,21853,21851,21852,353
2025-04-08 13:20:00,21847,21848,21847,21847,49
2025-04-08 13:21:00,21849,21853,21846,21849,348
2025-04-08 13:22:00,21858,21858,21858,21858,1
2025-04-08 13:23:00,21856,21856,21856,21856,199
2025-04-08 13:24:00,21853,21857,21852,21853,125
2025-04-08 13:25:00,21853,21857,21852,21854,1
2025-04-08 13:26:00,21854,21855,21853,21855,643
2025-04-08 13:27:00,21854,21855,21853,21853,420
2025-04-08 13:28:00,21855,21861,21855,21858,307
2025-04-08 13:29:00,21852,21853,21850,21853,127
2025-04-08 13:30:00,21851,21853,21849,21852,596
2025-04-08 13:31:00,21856,21857,21856,21856,565
2025-04-08 13:32:00,21863,21864,21863,21863,132
2025-04-08 13:33:00,21862,21864,21861,21863,212
2025-04-08 13:34:00,21858,21861,21858,21859,168
2025-04-08 13:35:00,21866,21867,21863,21867,628
2025-04-08 13:36:00,21867,21871,21866,21868,534
2025-04-08 13:37:00,21867,21869,21867,21868,217
2025-04-08 13:38:00,21869,21873,21866,21870,232
2025-04-08 13:39:00,21871,21872,21871,21871,239
2025-04-08 13:40:00,21875,21876,21872,21872,109
2025-04-08 13:41:00,21863,21867,21863,21866,239
2025-04-08 13:42:00,21867,21868,21861,21865,472
2025-04-08 13:43:00,21874,21876,21874,21875,340
2025-04-08 13:44:00,21876,21877,21876,21876,34
2025-04-09 08:45:00,21918,21927,21918,21923,266
2025-04-09 08:46:00,21923,21924,21923,21923,366
2025-04-09 08:47:00,21923,21923,21923,21923,441
2025-04-09 08:48:00,21927,21927,21926,21926,426
2025-04-09 08:49:00,21930,21930,21927,21930,337
2025-04-09 08:50:00,21930,21931,21926,21928,280
2025-04-09 08:51:00,21925,21925,21924,21924,537
2025-04-09 08:52:00,21925,21925,21921,21921,18
2025-04-09 08:53:00,21924,21928,21924,21925,494
2025-04-09 08:54:00,21927,21935,21916,21925,572
2025-04-09 08:55:00,21927,21932,21923,21929,278
2025-04-09 08:56:00,21916,21918,21913,21916,427
2025-04-09 08:57:00,21915,21925,21912,21916,440
2025-04-09 08:58:00,21916,21917,21916,21916,167
2025-04-09 08:59:00,21922,21923,21920,21922,80
2025-04-09 09:00:00,21927,21931,21927,21930,146
2025-04-09 09:01:00,21931,21940,21930,21932,371
2025-04-09 09:02:00,21929,21934,21929,21930,354
2025-04-09 09:03:00,21928,21933,21927,21929,43
2025-04-09 09:04:00,21929,21929,21922,21927,368
2025-04-09 09:05:00,21924,21925,21924,21925,320
2025-04-09 09:06:00,21919,21920,21919,21919,156
2025-04-09 09:07:00,21914,21917,21910,21912,284
2025-04-09 09:08:00,21910,21910,21909,21910,1
2025-04-09 09:09:00,21906,21910,21905,21908,203
2025-04-09 09:10:00,21903,21903,21901,21903,277
2025-04-09 09:11:00,21893,21894,21892,21892,212
2025-04-09 09:12:00,21892,21892,21888,21890,155
2025-04-09 09:13:00,21891,21893,21891,21891,347
2025-04-09 09:14:00,21897,21900,21896,21897,160
2025-04-09 09:15:00,21896,21898,21896,21897,77
2025-04-09 09:16:00,21902,21902,21902,21902,156
2025-04-09 09:17:00,21894,21894,21894,21894,97
2025-04-09 09:18:00,21895,21895,21894,21895,178
2025-04-09 09:19:00,21895,21896,21895,21895,130
2025-04-09 09:20:00,21896,21896,21896,21896,235
2025-04-09 09:21:00,21899,21900,21898,21899,426
2025-04-09 09:22:00,21900,21900,21899,21900,299
2025-04-09 09:23:00,21898,21901,21898,21899,164
2025-04-09 09:24:00,21894,21895,21892,21894,246
2025-04-09 09:25:00,21893,21896,21892,21893,120
2025-04-09 09:26:00,21893,21894,21893,21893,158
2025-04-09 09:27:00,21892,21893,21892,21893,172
2025-04-09 09:28:00,21894,21894,21894,21894,136
2025-04-09 09:29:00,21895,21896,21894,21895,221
2025-04-09 09:30:00,21892,21893,21891,21893,233
2025-04-09 09:31:00,21893,21893,21891,21892,73
2025-04-09 09:32:00,21890,21891,21888,21889,160
2025-04-09 09:33:00,21891,21892,21890,21892,250
2025-04-09 09:34:00,21889,21891,21889,21890,214
2025-04-09 09:35:00,21887,21889,21886,21888,159
2025-04-09 09:36:00,21890,21892,21890,21891,233
2025-04-09 09:37:00,21891,21891,21890,21891,54
2025-04-09 09:38:00,21889,21893,21889,21890,72
2025-04-09 09:39:00,21890,21890,21887,21889,94
2025-04-09 09:40:00,21895,21895,21890,21894,166
2025-04-09 09:41:00,21893,21893,21892,21892,125
2025-04-09 09:42:00,21889,21892,21889,21891,140
2025-04-09 09:43:00,21893,21893,21893,21893,259
2025-04-09 09:44:00,21887,21888,21887,21888,238
2025-04-09 09:45:00,21886,21889,21886,21887,186
2025-04-09 09:46:00,21890,21890,21883,21887,289
2025-04-09 09:47:00,21889,21889,21889,21889,144
2025-04-09 09:48:00,21889,21890,21888,21889,182
2025-04-09 09:49:00,21890,21891,21890,21891,190
2025-04-09 09:50:00,21890,21890,21889,21889,236
2025-04-09 09:51:00,21886,21887,21886,21887,250
2025-04-09 09:52:00,21887,21887,21887,21887,69
2025-04-09 09:53:00,21883,21883,21880,21881,175
2025-04-09 09:54:00,21882,21885,21880,21883,127
2025-04-09 09:55:00,21888,21889,21888,21889,146
2025-04-09 09:56:00,21894,21894,21890,21892,328
2025-04-09 09:57:00,21892,21892,21891,21892,261
2025-04-09 09:58:00,21895,21895,21895,21895,169
2025-04-09 09:59:00,21891,21892,21890,21891,16
2025-04-09 10:00:00,21891,21892,21891,21891,113
2025-04-09 10:01:00,21887,21889,21887,21888,326
2025-04-09 10:02:00,21889,21889,21889,21889,249
2025-04-09 10:03:00,21891,21891,21890,21891,71
2025-04-09 10:04:00,21896,21896,21895,21896,114
2025-04-09 10:05:00,21897,21900,21897,21899,252
2025-04-09 10:06:00,21900,21901,21899,21899,277
2025-04-09 10:07:00,21895,21895,21895,21895,192
2025-04-09 10:08:00,21893,21893,21891,21892,281
2025-04-09 10:09:00,21888,21892,21887,21890,341
2025-04-09 10:10:00,21893,21893,21888,21891,169
2025-04-09 10:11:00,21891,21891,21891,21891,195
2025-04-09 10:12:00,21888,21892,21886,21888,293
2025-04-09 10:13:00,21895,21896,21892,21893,58
2025-04-09 10:14:00,21890,21890,21890,21890,210
2025-04-09 10:15:00,21889,21889,21888,21888,36
2025-04-09 10:16:00,21887,21888,21885,21886,199
2025-04-09 10:17:00,21888,21889,21888,21888,98
2025-04-09 10:18:00,21886,21888,21885,21886,239
2025-04-09 10:19:00,21887,21887,21886,21887,244
2025-04-09 10:20:00,21889,21889,21888,21888,140
2025-04-09 10:21:00,21886,21888,21886,21886,109
2025-04-09 10:22:00,21885,21885,21884,21885,255
2025-04-09 10:23:00,21882,21882,21882,21882,142
2025-04-09 10:24:00,21884,21885,21884,21885,309
2025-04-09 10:25:00,21884,21885,21882,21885,167
2025-04-09 10:26:00,21892,21892,21892,21892,134
2025-04-09 10:27:00,21896,21896,21895,21896,267
2025-04-09 10:28:00,21898,21898,21898,21898,188
2025-04-09 10:29:00,21900,21900,21899,21900,61
2025-04-09 10:30:00,21899,21899,21897,21898,209
2025-04-09 10:31:00,21895,21897,21894,21895,385
2025-04-09 10:32:00,21889,21890,21889,21890,298
2025-04-09 10:33:00,21886,21889,21885,21888,229
2025-04-09 10:34:00,21891,21892,21890,21891,237
2025-04-09 10:35:00,21891,21891,21891,21891,160
2025-04-09 10:36:00,21890,21890,21889,21890,317
2025-04-09 10:37:00,21890,21891,21887,21888,176
2025-04-09 10:38:00,21884,21885,21883,21884,97
2025-04-09 10:39:00,21886,21886,21885,21886,177
2025-04-09 10:40:00,21883,21883,21883,21883,327
2025-04-09 10:41:00,21884,21888,21883,21886,109
2025-04-09 10:42:00,21887,21889,21884,21886,89
2025-04-09 10:43:00,21883,21887,21882,21884,215
2025-04-09 10:44:00,21882,21892,21881,21884,6
2025-04-09 10:45:00,21881,21882,21881,21882,67
2025-04-09 10:46:00,21877,21877,21877,21877,194
2025-04-09 10:47:00,21878,21879,21877,21878,58
2025-04-09 10:48:00,21882,21882,21881,21882,222
2025-04-09 10:49:00,21882,21883,21882,21882,163
2025-04-09 10:50:00,21884,21885,21883,21883,179
2025-04-09 10:51:00,21885,21885,21884,21885,161
2025-04-09 10:52:00,21888,21889,21887,21888,161
2025-04-09 10:53:00,21892,21892,21890,21892,223
2025-04-09 10:54:00,21893,21893,21890,21892,54
2025-04-09 10:55:00,21893,21893,21893,21893,8
2025-04-09 10:56:00,21897,21898,21893,21896,41
2025-04-09 10:57:00,21895,21897,21890,21895,219
2025-04-09 10:58:00,21898,21898,21897,21897,205
2025-04-09 10:59:00,21900,21901,21900,21900,1
2025-04-09 11:00:00,21900,21902,21900,21901,101
2025-04-09 11:01:00,21903,21903,21903,21903,188
2025-04-09 11:02:00,21903,21903,21903,21903,186
2025-04-09 11:03:00,21905,21906,21904,21904,97
2025-04-09 11:04:00,21906,21907,21904,21906,219
2025-04-09 11:05:00,21902,21904,21901,21903,144
2025-04-09 11:06:00,21906,21906,21905,21905,127
2025-04-09 11:07:00,21909,21913,21908,21909,126
2025-04-09 11:08:00,21906,21906,21905,21906,151
2025-04-09 11:09:00,21905,21906,21904,21905,178
2025-04-09 11:10:00,21901,21901,21900,21900,254
2025-04-09 11:11:00,21901,21902,21901,21902,144
2025-04-09 11:12:00,21897,21897,21897,21897,75
2025-04-09 11:13:00,21897,21897,21896,21896,95
2025-04-09 11:14:00,21897,21898,21897,21897,161
2025-04-09 11:15:00,21897,21898,21897,21897,200
2025-04-09 11:16:00,21894,21895,21894,21894,114
2025-04-09 11:17:00,21894,21894,21894,21894,47
2025-04-09 11:18:00,21895,21895,21894,21895,118
2025-04-09 11:19:00,21898,21899,21898,21898,181
2025-04-09 11:20:00,21897,21897,21897,21897,1
2025-04-09 11:21:00,21899,21900,21896,21898,97
2025-04-09 11:22:00,21900,21900,21898,21899,133
2025-04-09 11:23:00,21896,21897,21896,21896,141
2025-04-09 11:24:00,21895,21896,21895,21896,211
2025-04-09 11:25:00,21899,21900,21897,21900,174
2025-04-09 11:26:00,21900,21900,21899,21900,166
2025-04-09 11:27:00,21898,21901,21898,21899,153
2025-04-09 11:28:00,21899,21900,21898,21899,117
2025-04-09 11:29:00,21897,21899,21897,21898,1
2025-04-09 11:30:00,21898,21898,21897,21898,276
2025-04-09 11:31:00,21896,21896,21895,21896,111
2025-04-09 11:32:00,21896,21896,21896,21896,81
2025-04-09 11:33:00,21892,21892,21891,21892,247
2025-04-09 11:34:00,21890,21890,21889,21889,202
2025-04-09 11:35:00,21893,21893,21892,21893,145
2025-04-09 11:36:00,21891,21891,21891,21891,95
2025-04-09 11:37:00,21889,21892,21889,21890,130
2025-04-09 11:38:00,21889,21889,21889,21889,64
2025-04-09 11:39:00,21896,21896,21896,21896,170
2025-04-09 11:40:00,21896,21896,21895,21895,266
2025-04-09 11:41:00,21894,21895,21894,21895,94
2025-04-09 11:42:00,21891,21895,21891,21893,75
2025-04-09 11:43:00,21892,21892,21890,21891,248
2025-04-09 11:44:00,21888,21890,21888,21889,149
2025-04-09 11:45:00,21892,21893,21891,21892,77
2025-04-09 11:46:00,21888,21888,21888,21888,33
2025-04-09 11:47:00,21886,21886,21886,21886,286
2025-04-09 11:48:00,21889,21889,21883,21886,166
2025-04-09 11:49:00,21888,21888,21888,21888,249
2025-04-09 11:50:00,21890,21890,21888,21889,144
2025-04-09 11:51:00,21886,21887,21885,21886,323
2025-04-09 11:52:00,21886,21886,21878,21883,353
2025-04-09 11:53:00,21886,21887,21885,21885,62
2025-04-09 11:54:00,21891,21891,21891,21891,248
2025-04-09 11:55:00,21889,21890,21886,21889,123
2025-04-09 11:56:00,21889,21889,21889,21889,182
2025-04-09 11:57:00,21890,21890,21888,21889,236
2025-04-09 11:58:00,21888,21892,21888,21891,226
2025-04-09 11:59:00,21886,21887,21886,21886,133
2025-04-09 12:00:00,21884,21884,21883,21883,165
2025-04-09 12:01:00,21886,21887,21880,21884,194
2025-04-09 12:02:00,21883,21884,21882,21883,181
2025-04-09 12:03:00,21883,21884,21883,21884,380
2025-04-09 12:04:00,21886,21887,21886,21886,8
2025-04-09 12:05:00,21889,21889,21889,21889,252
2025-04-09 12:06:00,21886,21887,21886,21886,122
2025-04-09 12:07:00,21883,21888,21883,21884,172
2025-04-09 12:08:00,21881,21881,21878,21881,159
2025-04-09 12:09:00,21887,21887,21886,21886,196
2025-04-09 12:10:00,21889,21890,21887,21888,222
2025-04-09 12:11:00,21889,21889,21887,21888,176
2025-04-09 12:12:00,21886,21886,21885,21885,239
2025-04-09 12:13:00,21885,21886,21885,21886,50
2025-04-09 12:14:00,21886,21886,21886,21886,79
2025-04-09 12:15:00,21889,21889,21889,21889,31
2025-04-09 12:16:00,21887,21890,21887,21888,77
2025-04-09 12:17:00,21882,21883,21881,21883,101
2025-04-09 12:18:00,21882,21882,21880,21881,195
2025-04-09 12:19:00,21881,21887,21880,21884,324
2025-04-09 12:20:00,21889,21889,21882,21887,370
2025-04-09 12:21:00,21876,21877,21876,21877,121
2025-04-09 12:22:00,21873,21874,21872,21873,319
2025-04-09 12:23:00,21868,21869,21868,21869,106
2025-04-09 12:24:00,21868,21869,21868,21869,229
2025-04-09 12:25:00,21873,21875,21871,21872,268
2025-04-09 12:26:00,21872,21872,21871,21872,307
2025-04-09 12:27:00,21866,21867,21866,21867,76
2025-04-09 12:28:00,21865,21866,21864,21864,236
2025-04-09 12:29:00,21851,21852,21851,21851,297
2025-04-09 12:30:00,21848,21849,21848,21848,109
2025-04-09 12:31:00,21855,21862,21855,21856,337
2025-04-09 12:32:00,21855,21856,21853,21855,302
2025-04-09 12:33:00,21860,21860,21859,21860,40
2025-04-09 12:34:00,21858,21861,21855,21859,336
2025-04-09 12:35:00,21865,21865,21864,21864,389
2025-04-09 12:36:00,21862,21862,21861,21862,261
2025-04-09 12:37:00,21864,21865,21864,21864,251
2025-04-09 12:38:00,21865,21866,21864,21865,132
2025-04-09 12:39:00,21868,21870,21868,21869,153
2025-04-09 12:40:00,21867,21872,21867,21868,242
2025-04-09 12:41:00,21866,21866,21865,21865,245
2025-04-09 12:42:00,21867,21867,21866,21866,381
2025-04-09 12:43:00,21864,21864,21863,21864,188
2025-04-09 12:44:00,21863,21864,21863,21864,120
2025-04-09 12:45:00,21866,21867,21861,21864,348
2025-04-09 12:46:00,21865,21865,21865,21865,44
2025-04-09 12:47:00,21862,21863,21862,21862,127
2025-04-09 12:48:00,21863,21864,21863,21864,26
2025-04-09 12:49:00,21859,21864,21856,21861,59
2025-04-09 12:50:00,21861,21861,21861,21861,160
2025-04-09 12:51:00,21858,21860,21858,21860,112
2025-04-09 12:52:00,21867,21867,21866,21866,240
2025-04-09 12:53:00,21867,21867,21866,21867,270
2025-04-09 12:54:00,21872,21874,21867,21870,225
2025-04-09 12:55:00,21872,21873,21870,21872,224
2025-04-09 12:56:00,21868,21869,21868,21868,97
2025-04-09 12:57:00,21870,21871,21870,21870,149
2025-04-09 12:58:00,21867,21869,21865,21867,196
2025-04-09 12:59:00,21868,21868,21867,21868,1
2025-04-09 13:00:00,21870,21872,21869,21870,152
2025-04-09 13:01:00,21869,21870,21868,21870,280
2025-04-09 13:02:00,21874,21874,21873,21874,200
2025-04-09 13:03:00,21878,21879,21878,21878,165
2025-04-09 13:04:00,21880,21882,21874,21880,1
2025-04-09 13:05:00,21877,21881,21875,21878,182
2025-04-09 13:06:00,21879,21880,21879,21879,221
2025-04-09 13:07:00,21878,21878,21876,21877,234
2025-04-09 13:08:00,21870,21874,21866,21870,171
2025-04-09 13:09:00,21872,21872,21872,21872,80
2025-04-09 13:10:00,21875,21876,21873,21875,174
2025-04-09 13:11:00,21874,21877,21873,21875,269
2025-04-09 13:12:00,21877,21878,21877,21877,142
2025-04-09 13:13:00,21880,21881,21880,21880,342
2025-04-09 13:14:00,21884,21885,21882,21882,269
2025-04-09 13:15:00,21885,21888,21884,21884,189
2025-04-09 13:16:00,21880,21887,21880,21881,407
2025-04-09 13:17:00,21880,21880,21880,21880,364
2025-04-09 13:18:00,21885,21886,21881,21885,483
2025-04-09 13:19:00,21885,21885,21884,21885,286
2025-04-09 13:20:00,21887,21887,21886,21886,345
2025-04-09 13:21:00,21888,21888,21888,21888,130
2025-04-09 13:22:00,21889,21891,21886,21887,253
2025-04-09 13:23:00,21881,21881,21880,21881,316
2025-04-09 13:24:00,21880,21883,21876,21881,268
2025-04-09 13:25:00,21880,21883,21880,21881,47
2025-04-09 13:26:00,21884,21885,21884,21885,346
2025-04-09 13:27:00,21881,21883,21881,21882,534
2025-04-09 13:28:00,21868,21868,21868,21868,86
2025-04-09 13:29:00,21869,21869,21867,21868,351
2025-04-09 13:30:00,21860,21861,21860,21860,379
2025-04-09 13:31:00,21861,21863,21860,21861,358
2025-04-09 13:32:00,21861,21865,21859,21863,348
2025-04-09 13:33:00,21862,21872,21862,21864,300
2025-04-09 13:34:00,21873,21873,21872,21873,392
2025-04-09 13:35:00,21876,21878,21874,21876,361
2025-04-09 13:36:00,21874,21874,21874,21874,207
2025-04-09 13:37:00,21864,21868,21864,21866,484
2025-04-09 13:38:00,21866,21866,21859,21862,74
2025-04-09 13:39:00,21862,21862,21862,21862,338
2025-04-09 13:40:00,21864,21865,21860,21863,465
2025-04-09 13:41:00,21851,21851,21850,21851,125
2025-04-09 13:42:00,21859,21859,21857,21858,17
2025-04-09 13:43:00,21851,21855,21851,21852,617
2025-04-09 13:44:00,21851,21856,21851,21853,694
2025-04-10 08:45:00,21859,21862,21858,21860,118
2025-04-10 08:46:00,21864,21865,21859,21862,506
2025-04-10 08:47:00,21861,21862,21860,21861,350
2025-04-10 08:48:00,21864,21867,21860,21864,445
2025-04-10 08:49:00,21861,21862,21855,21859,231
2025-04-10 08:50:00,21855,21858,21855,21855,462
2025-04-10 08:51:00,21857,21859,21855,21856,564
2025-04-10 08:52:00,21858,21861,21858,21860,410
2025-04-10 08:53:00,21859,21860,21859,21860,312
2025-04-10 08:54:00,21863,21863,21862,21863,592
2025-04-10 08:55:00,21866,21866,21865,21866,272
2025-04-10 08:56:00,21862,21863,21860,21861,499
2025-04-10 08:57:00,21861,21863,21861,21862,416
2025-04-10 08:58:00,21860,21860,21860,21860,258
2025-04-10 08:59:00,21865,21865,21865,21865,396
2025-04-10 09:00:00,21866,21873,21866,21866,319
2025-04-10 09:01:00,21862,21863,21860,21862,296
2025-04-10 09:02:00,21862,21866,21862,21863,253
2025-04-10 09:03:00,21864,21865,21863,21864,304
2025-04-10 09:04:00,21858,21858,21856,21857,213
2025-04-10 09:05:00,21860,21860,21858,21859,282
2025-04-10 09:06:00,21858,21858,21858,21858,256
2025-04-10 09:07:00,21867,21870,21862,21867,210
2025-04-10 09:08:00,21873,21875,21871,21872,265
2025-04-10 09:09:00,21875,21875,21873,21874,255
2025-04-10 09:10:00,21876,21876,21874,21875,237
2025-04-10 09:11:00,21877,21877,21876,21877,425
2025-04-10 09:12:00,21880,21880,21880,21880,199
2025-04-10 09:13:00,21880,21883,21878,21880,248
2025-04-10 09:14:00,21880,21880,21878,21879,296
2025-04-10 09:15:00,21878,21878,21877,21878,159
2025-04-10 09:16:00,21880,21880,21879,21879,146
2025-04-10 09:17:00,21879,21879,21878,21879,48
2025-04-10 09:18:00,21879,21882,21879,21879,127
2025-04-10 09:19:00,21875,21876,21875,21875,232
2025-04-10 09:20:00,21873,21874,21872,21873,264
2025-04-10 09:21:00,21876,21877,21876,21876,264
2025-04-10 09:22:00,21878,21880,21874,21877,361
2025-04-10 09:23:00,21875,21878,21875,21875,284
2025-04-10 09:24:00,21871,21874,21871,21873,104
2025-04-10 09:25:00,21875,21875,21875,21875,311
2025-04-10 09:26:00,21876,21876,21873,21876,323
2025-04-10 09:27:00,21876,21879,21874,21877,255
2025-04-10 09:28:00,21871,21871,21870,21870,69
2025-04-10 09:29:00,21871,21872,21871,21871,264
2025-04-10 09:30:00,21875,21875,21874,21875,144
2025-04-10 09:31:00,21874,21874,21874,21874,101
2025-04-10 09:32:00,21873,21874,21873,21874,94
2025-04-10 09:33:00,21878,21878,21875,21878,104
2025-04-10 09:34:00,21874,21875,21874,21875,183
2025-04-10 09:35:00,21874,21875,21874,21875,203
2025-04-10 09:36:00,21874,21876,21869,21874,89
2025-04-10 09:37:00,21873,21875,21872,21873,261
2025-04-10 09:38:00,21873,21874,21873,21873,161
2025-04-10 09:39:00,21874,21874,21873,21874,30
2025-04-10 09:40:00,21877,21877,21877,21877,321
2025-04-10 09:41:00,21879,21880,21879,21879,79
2025-04-10 09:42:00,21881,21882,21879,21882,218
2025-04-10 09:43:00,21887,21889,21883,21887,202
2025-04-10 09:44:00,21892,21892,21892,21892,194
2025-04-10 09:45:00,21892,21892,21890,21892,194
2025-04-10 09:46:00,21890,21891,21890,21890,299
2025-04-10 09:47:00,21887,21891,21885,21889,168
2025-04-10 09:48:00,21888,21888,21888,21888,77
2025-04-10 09:49:00,21890,21893,21885,21892,137
2025-04-10 09:50:00,21890,21892,21889,21890,37
2025-04-10 09:51:00,21891,21891,21890,21891,72
2025-04-10 09:52:00,21885,21888,21884,21888,175
2025-04-10 09:53:00,21889,21890,21887,21888,185
2025-04-10 09:54:00,21890,21890,21890,21890,68
2025-04-10 09:55:00,21887,21888,21886,21888,157
2025-04-10 09:56:00,21888,21889,21887,21889,150
2025-04-10 09:57:00,21895,21895,21895,21895,301
2025-04-10 09:58:00,21896,21900,21896,21897,11
2025-04-10 09:59:00,21902,21902,21901,21901,233
2025-04-10 10:00:00,21903,21903,21903,21903,184
2025-04-10 10:01:00,21899,21899,21899,21899,201
2025-04-10 10:02:00,21899,21900,21899,21900,197
2025-04-10 10:03:00,21903,21905,21903,21903,31
2025-04-10 10:04:00,21901,21904,21901,21902,253
2025-04-10 10:05:00,21903,21905,21901,21903,97
2025-04-10 10:06:00,21906,21907,21906,21906,216
2025-04-10 10:07:00,21914,21914,21912,21914,167
2025-04-10 10:08:00,21909,21911,21909,21909,323
2025-04-10 10:09:00,21910,21910,21910,21910,157
2025-04-10 10:10:00,21915,21917,21914,21916,135
2025-04-10 10:11:00,21916,21917,21916,21916,221
2025-04-10 10:12:00,21917,21918,21917,21917,152
2025-04-10 10:13:00,21922,21922,21918,21922,179
2025-04-10 10:14:00,21923,21923,21921,21922,1
2025-04-10 10:15:00,21925,21926,21923,21925,269
2025-04-10 10:16:00,21926,21926,21925,21925,303
2025-04-10 10:17:00,21927,21927,21927,21927,217
2025-04-10 10:18:00,21925,21925,21925,21925,172
2025-04-10 10:19:00,21917,21917,21916,21917,173
2025-04-10 10:20:00,21913,21915,21912,21913,204
2025-04-10 10:21:00,21912,21916,21908,21913,231
2025-04-10 10:22:00,21916,21916,21915,21916,258
2025-04-10 10:23:00,21922,21922,21920,21921,209
2025-04-10 10:24:00,21919,21921,21917,21918,291
2025-04-10 10:25:00,21920,21920,21917,21919,276
2025-04-10 10:26:00,21916,21916,21916,21916,216
2025-04-10 10:27:00,21919,21919,21916,21918,296
2025-04-10 10:28:00,21917,21919,21917,21918,206
2025-04-10 10:29:00,21912,21914,21912,21914,201
2025-04-10 10:30:00,21914,21914,21914,21914,203
2025-04-10 10:31:00,21915,21915,21915,21915,222
2025-04-10 10:32:00,21911,21911,21908,21911,283
2025-04-10 10:33:00,21910,21913,21910,21911,91
2025-04-10 10:34:00,21911,21911,21909,21911,59
2025-04-10 10:35:00,21915,21915,21914,21915,86
2025-04-10 10:36:00,21917,21918,21916,21916,251
2025-04-10 10:37:00,21915,21916,21915,21915,140
2025-04-10 10:38:00,21915,21918,21915,21916,190
2025-04-10 10:39:00,21912,21914,21912,21913,104
2025-04-10 10:40:00,21907,21909,21905,21907,158
2025-04-10 10:41:00,21905,21905,21905,21905,200
2025-04-10 10:42:00,21904,21905,21903,21904,71
2025-04-10 10:43:00,21906,21906,21906,21906,147
2025-04-10 10:44:00,21903,21904,21902,21904,204
2025-04-10 10:45:00,21907,21909,21906,21908,203
2025-04-10 10:46:00,21903,21906,21902,21904,28
2025-04-10 10:47:00,21905,21906,21903,21904,176
2025-04-10 10:48:00,21904,21906,21903,21905,123
2025-04-10 10:49:00,21900,21903,21900,21902,177
2025-04-10 10:50:00,21897,21899,21897,21899,64
2025-04-10 10:51:00,21899,21901,21897,21898,229
2025-04-10 10:52:00,21898,21900,21897,21899,15
2025-04-10 10:53:00,21899,21900,21899,21899,244
2025-04-10 10:54:00,21901,21902,21901,21901,93
2025-04-10 10:55:00,21902,21903,21900,21902,219
2025-04-10 10:56:00,21898,21898,21895,21896,194
2025-04-10 10:57:00,21898,21900,21896,21899,226
2025-04-10 10:58:00,21898,21898,21892,21897,115
2025-04-10 10:59:00,21898,21898,21898,21898,75
2025-04-10 11:00:00,21901,21901,21901,21901,237
2025-04-10 11:01:00,21901,21901,21897,21901,130
2025-04-10 11:02:00,21902,21902,21901,21902,208
2025-04-10 11:03:00,21902,21902,21901,21902,123
2025-04-10 11:04:00,21902,21903,21902,21902,140
2025-04-10 11:05:00,21900,21903,21897,21899,112
2025-04-10 11:06:00,21899,21899,21899,21899,205
2025-04-10 11:07:00,21899,21900,21899,21900,23
2025-04-10 11:08:00,21900,21900,21900,21900,22
2025-04-10 11:09:00,21903,21903,21900,21903,1
2025-04-10 11:10:00,21901,21901,21900,21900,172
2025-04-10 11:11:00,21903,21903,21903,21903,62
2025-04-10 11:12:00,21899,21901,21898,21900,2
2025-04-10 11:13:00,21901,21901,21900,21901,202
2025-04-10 11:14:00,21898,21899,21898,21898,135
2025-04-10 11:15:00,21897,21899,21894,21897,131
2025-04-10 11:16:00,21896,21896,21896,21896,143
2025-04-10 11:17:00,21895,21896,21893,21894,1
2025-04-10 11:18:00,21895,21896,21895,21896,177
2025-04-10 11:19:00,21895,21896,21895,21896,245
2025-04-10 11:20:00,21894,21896,21892,21894,33
2025-04-10 11:21:00,21895,21895,21895,21895,182
2025-04-10 11:22:00,21895,21895,21893,21894,28
2025-04-10 11:23:00,21894,21895,21893,21895,87
2025-04-10 11:24:00,21893,21894,21892,21893,212
2025-04-10 11:25:00,21895,21896,21895,21896,198
2025-04-10 11:26:00,21896,21896,21894,21894,24
2025-04-10 11:27:00,21899,21899,21897,21898,136
2025-04-10 11:28:00,21897,21897,21897,21897,35
2025-04-10 11:29:00,21897,21898,21896,21897,158
2025-04-10 11:30:00,21898,21899,21897,21898,165
2025-04-10 11:31:00,21899,21899,21898,21899,137
2025-04-10 11:32:00,21898,21899,21898,21898,258
2025-04-10 11:33:00,21899,21903,21899,21900,230
2025-04-10 11:34:00,21904,21907,21903,21904,151
2025-04-10 11:35:00,21904,21905,21903,21904,92
2025-04-10 11:36:00,21907,21908,21906,21907,178
2025-04-10 11:37:00,21908,21909,21908,21908,133
2025-04-10 11:38:00,21912,21913,21912,21912,148
2025-04-10 11:39:00,21911,21912,21911,21912,156
2025-04-10 11:40:00,21916,21916,21916,21916,142
2025-04-10 11:41:00,21914,21915,21914,21914,253
2025-04-10 11:42:00,21911,21912,21907,21910,241
2025-04-10 11:43:00,21910,21911,21910,21910,123
2025-04-10 11:44:00,21910,21911,21909,21910,211
2025-04-10 11:45:00,21908,21908,21906,21907,165
2025-04-10 11:46:00,21911,21913,21910,21911,1
2025-04-10 11:47:00,21910,21910,21908,21909,116
2025-04-10 11:48:00,21910,21912,21909,21911,127
2025-04-10 11:49:00,21910,21910,21909,21910,357
2025-04-10 11:50:00,21910,21910,21906,21910,328
2025-04-10 11:51:00,21912,21913,21912,21912,261
2025-04-10 11:52:00,21911,21911,21910,21911,73
2025-04-10 11:53:00,21909,21910,21908,21909,221
2025-04-10 11:54:00,21912,21912,21909,21912,105
2025-04-10 11:55:00,21913,21917,21912,21914,106
2025-04-10 11:56:00,21913,21913,21912,21913,180
2025-04-10 11:57:00,21912,21912,21910,21911,176
2025-04-10 11:58:00,21914,21914,21914,21914,90
2025-04-10 11:59:00,21917,21917,21916,21917,87
2025-04-10 12:00:00,21913,21914,21912,21913,100
2025-04-10 12:01:00,21912,21914,21911,21914,38
2025-04-10 12:02:00,21918,21918,21917,21918,163
2025-04-10 12:03:00,21920,21920,21919,21920,208
2025-04-10 12:04:00,21921,21922,21919,21922,252
2025-04-10 12:05:00,21917,21918,21917,21918,209
2025-04-10 12:06:00,21921,21922,21921,21921,306
2025-04-10 12:07:00,21925,21925,21917,21921,59
2025-04-10 12:08:00,21919,21920,21919,21920,64
2025-04-10 12:09:00,21920,21920,21920,21920,214
2025-04-10 12:10:00,21924,21924,21922,21923,112
2025-04-10 12:11:00,21926,21926,21924,21925,86
2025-04-10 12:12:00,21926,21926,21924,21926,219
2025-04-10 12:13:00,21932,21933,21932,21932,110
2025-04-10 12:14:00,21939,21939,21939,21939,56
2025-04-10 12:15:00,21939,21939,21939,21939,200
2025-04-10 12:16:00,21938,21938,21935,21937,112
2025-04-10 12:17:00,21936,21937,21934,21936,1
2025-04-10 12:18:00,21938,21940,21938,21939,88
2025-04-10 12:19:00,21941,21942,21938,21942,359
2025-04-10 12:20:00,21944,21946,21941,21944,137
2025-04-10 12:21:00,21946,21946,21946,21946,258
2025-04-10 12:22:00,21943,21943,21943,21943,160
2025-04-10 12:23:00,21945,21945,21944,21945,231
2025-04-10 12:24:00,21950,21951,21950,21951,158
2025-04-10 12:25:00,21950,21950,21950,21950,154
2025-04-10 12:26:00,21948,21950,21947,21949,217
2025-04-10 12:27:00,21949,21953,21948,21948,132
2025-04-10 12:28:00,21949,21950,21949,21949,331
2025-04-10 12:29:00,21956,21958,21953,21955,229
2025-04-10 12:30:00,21951,21958,21950,21952,176
2025-04-10 12:31:00,21958,21958,21955,21957,224
2025-04-10 12:32:00,21957,21957,21957,21957,277
2025-04-10 12:33:00,21959,21960,21958,21959,167
2025-04-10 12:34:00,21961,21963,21960,21961,211
2025-04-10 12:35:00,21964,21965,21964,21964,208
2025-04-10 12:36:00,21957,21958,21957,21957,271
2025-04-10 12:37:00,21960,21962,21958,21960,56
2025-04-10 12:38:00,21959,21959,21959,21959,363
2025-04-10 12:39:00,21957,21957,21957,21957,177
2025-04-10 12:40:00,21953,21956,21953,21954,224
2025-04-10 12:41:00,21952,21955,21952,21953,206
2025-04-10 12:42:00,21951,21953,21951,21952,253
2025-04-10 12:43:00,21946,21946,21943,21945,47
2025-04-10 12:44:00,21942,21945,21941,21943,251
2025-04-10 12:45:00,21942,21944,21939,21941,104
2025-04-10 12:46:00,21940,21940,21940,21940,192
2025-04-10 12:47:00,21946,21948,21946,21947,178
2025-04-10 12:48:00,21941,21941,21940,21941,125
2025-04-10 12:49:00,21941,21942,21939,21941,179
2025-04-10 12:50:00,21934,21934,21933,21934,9
2025-04-10 12:51:00,21935,21937,21935,21936,196
2025-04-10 12:52:00,21937,21937,21935,21937,35
2025-04-10 12:53:00,21933,21934,21932,21933,47
2025-04-10 12:54:00,21936,21936,21936,21936,232
2025-04-10 12:55:00,21934,21938,21933,21934,1
2025-04-10 12:56:00,21932,21936,21930,21933,4
2025-04-10 12:57:00,21931,21931,21930,21930,271
2025-04-10 12:58:00,21930,21931,21929,21930,80
2025-04-10 12:59:00,21926,21928,21921,21926,322
2025-04-10 13:00:00,21927,21927,21926,21926,214
2025-04-10 13:01:00,21927,21927,21926,21927,319
2025-04-10 13:02:00,21922,21923,21922,21922,176
2025-04-10 13:03:00,21921,21922,21921,21921,281
2025-04-10 13:04:00,21924,21927,21924,21925,376
2025-04-10 13:05:00,21920,21920,21920,21920,113
2025-04-10 13:06:00,21918,21918,21918,21918,73
2025-04-10 13:07:00,21914,21916,21911,21915,109
2025-04-10 13:08:00,21914,21914,21914,21914,234
2025-04-10 13:09:00,21914,21915,21914,21914,85
2025-04-10 13:10:00,21911,21911,21910,21910,279
2025-04-10 13:11:00,21909,21912,21909,21910,27
2025-04-10 13:12:00,21910,21910,21910,21910,89
2025-04-10 13:13:00,21906,21909,21904,21907,163
2025-04-10 13:14:00,21913,21913,21912,21912,162
2025-04-10 13:15:00,21916,21919,21914,21915,272
2025-04-10 13:16:00,21919,21919,21919,21919,257
2025-04-10 13:17:00,21921,21924,21921,21921,205
2025-04-10 13:18:00,21926,21927,21926,21926,190
2025-04-10 13:19:00,21927,21928,21924,21927,110
2025-04-10 13:20:00,21929,21930,21927,21929,306
2025-04-10 13:21:00,21930,21930,21930,21930,401
2025-04-10 13:22:00,21929,21929,21927,21928,311
2025-04-10 13:23:00,21925,21929,21919,21922,103
2025-04-10 13:24:00,21927,21927,21926,21926,98
2025-04-10 13:25:00,21928,21928,21928,21928,333
2025-04-10 13:26:00,21928,21928,21927,21928,488
2025-04-10 13:27:00,21930,21930,21926,21928,247
2025-04-10 13:28:00,21929,21933,21928,21930,61
2025-04-10 13:29:00,21921,21924,21921,21922,402
2025-04-10 13:30:00,21921,21921,21921,21921,101
2025-04-10 13:31:00,21918,21918,21917,21917,422
2025-04-10 13:32:00,21923,21923,21922,21922,108
2025-04-10 13:33:00,21921,21924,21918,21921,380
2025-04-10 13:34:00,21925,21930,21922,21925,403
2025-04-10 13:35:00,21921,21922,21920,21922,473
2025-04-10 13:36:00,21925,21925,21917,21922,160
2025-04-10 13:37:00,21931,21931,21924,21926,240
2025-04-10 13:38:00,21916,21920,21916,21918,444
2025-04-10 13:39:00,21916,21917,21908,21915,450
2025-04-10 13:40:00,21920,21930,21914,21921,296
2025-04-10 13:41:00,21914,21914,21914,21914,173
2025-04-10 13:42:00,21925,21926,21925,21925,1
2025-04-10 13:43:00,21928,21928,21928,21928,472
2025-04-10 13:44:00,21930,21930,21924,21928,498
2025-04-11 08:45:00,21949,21951,21949,21949,147
2025-04-11 08:46:00,21954,21958,21950,21956,590
2025-04-11 08:47:00,21959,21962,21959,21960,148
2025-04-11 08:48:00,21953,21954,21953,21954,656
2025-04-11 08:49:00,21949,21949,21946,21947,183
2025-04-11 08:50:00,21948,21959,21948,21950,438
2025-04-11 08:51:00,21950,21951,21950,21950,360
2025-04-11 08:52:00,21948,21949,21943,21947,380
2025-04-11 08:53:00,21945,21945,21942,21944,304
2025-04-11 08:54:00,21940,21940,21939,21940,438
2025-04-11 08:55:00,21934,21943,21928,21937,244
2025-04-11 08:56:00,21943,21945,21941,21943,248
2025-04-11 08:57:00,21940,21945,21940,21942,1
2025-04-11 08:58:00,21934,21937,21932,21935,230
2025-04-11 08:59:00,21942,21942,21938,21940,374
2025-04-11 09:00:00,21939,21939,21938,21938,235
2025-04-11 09:01:00,21936,21941,21935,21938,198
2025-04-11 09:02:00,21936,21937,21936,21937,35
2025-04-11 09:03:00,21932,21932,21932,21932,344
2025-04-11 09:04:00,21939,21939,21938,21939,197
2025-04-11 09:05:00,21941,21943,21940,21941,288
2025-04-11 09:06:00,21940,21940,21938,21940,306
2025-04-11 09:07:00,21939,21939,21938,21938,309
2025-04-11 09:08:00,21941,21942,21937,21940,169
2025-04-11 09:09:00,21936,21936,21936,21936,272
2025-04-11 09:10:00,21935,21938,21935,21936,218
2025-04-11 09:11:00,21933,21939,21933,21935,125
2025-04-11 09:12:00,21935,21935,21931,21931,29
2025-04-11 09:13:00,21934,21934,21934,21934,138
2025-04-11 09:14:00,21939,21940,21939,21940,276
2025-04-11 09:15:00,21940,21940,21940,21940,101
2025-04-11 09:16:00,21935,21940,21934,21936,232
2025-04-11 09:17:00,21938,21939,21938,21938,97
2025-04-11 09:18:00,21938,21938,21938,21938,191
2025-04-11 09:19:00,21939,21939,21937,21938,407
2025-04-11 09:20:00,21936,21939,21932,21935,176
2025-04-11 09:21:00,21940,21941,21940,21940,113
2025-04-11 09:22:00,21938,21939,21935,21938,343
2025-04-11 09:23:00,21939,21941,21938,21938,240
2025-04-11 09:24:00,21945,21945,21944,21945,88
2025-04-11 09:25:00,21939,21940,21938,21939,94
2025-04-11 09:26:00,21947,21947,21947,21947,129
2025-04-11 09:27:00,21950,21950,21947,21949,80
2025-04-11 09:28:00,21946,21946,21946,21946,208
2025-04-11 09:29:00,21942,21942,21942,21942,158
2025-04-11 09:30:00,21944,21944,21944,21944,277
2025-04-11 09:31:00,21940,21943,21939,21941,311
2025-04-11 09:32:00,21937,21937,21937,21937,200
2025-04-11 09:33:00,21934,21936,21934,21934,212
2025-04-11 09:34:00,21934,21934,21934,21934,281
2025-04-11 09:35:00,21927,21933,21927,21929,154
2025-04-11 09:36:00,21930,21932,21929,21931,168
2025-04-11 09:37:00,21934,21935,21933,21933,216
2025-04-11 09:38:00,21930,21931,21929,21930,235
2025-04-11 09:39:00,21925,21925,21924,21925,284
2025-04-11 09:40:00,21930,21931,21930,21930,240
2025-04-11 09:41:00,21929,21930,21929,21929,120
2025-04-11 09:42:00,21933,21933,21932,21932,212
2025-04-11 09:43:00,21932,21932,21932,21932,95
2025-04-11 09:44:00,21933,21933,21932,21932,164
2025-04-11 09:45:00,21938,21938,21938,21938,172
2025-04-11 09:46:00,21943,21946,21941,21941,168
2025-04-11 09:47:00,21946,21946,21946,21946,194
2025-04-11 09:48:00,21944,21945,21944,21944,152
2025-04-11 09:49:00,21944,21945,21944,21944,240
2025-04-11 09:50:00,21946,21946,21946,21946,274
2025-04-11 09:51:00,21944,21945,21942,21943,188
2025-04-11 09:52:00,21942,21944,21942,21942,144
2025-04-11 09:53:00,21947,21948,21946,21947,335
2025-04-11 09:54:00,21948,21948,21948,21948,206
2025-04-11 09:55:00,21945,21946,21943,21944,26
2025-04-11 09:56:00,21944,21949,21942,21944,142
2025-04-11 09:57:00,21945,21946,21944,21945,203
2025-04-11 09:58:00,21944,21951,21942,21945,164
2025-04-11 09:59:00,21946,21947,21945,21946,91
2025-04-11 10:00:00,21945,21946,21944,21945,165
2025-04-11 10:01:00,21945,21946,21944,21946,1
2025-04-11 10:02:00,21953,21954,21953,21954,139
2025-04-11 10:03:00,21952,21953,21952,21953,138
2025-04-11 10:04:00,21952,21952,21952,21952,49
2025-04-11 10:05:00,21949,21949,21948,21949,44
2025-04-11 10:06:00,21949,21949,21949,21949,181
2025-04-11 10:07:00,21948,21948,21948,21948,168
2025-04-11 10:08:00,21953,21953,21953,21953,301
2025-04-11 10:09:00,21956,21957,21953,21956,368
2025-04-11 10:10:00,21957,21958,21957,21958,191
2025-04-11 10:11:00,21954,21954,21953,21954,288
2025-04-11 10:12:00,21953,21953,21953,21953,37
2025-04-11 10:13:00,21952,21954,21951,21953,249
2025-04-11 10:14:00,21952,21952,21950,21951,138
2025-04-11 10:15:00,21950,21956,21948,21950,264
2025-04-11 10:16:00,21944,21947,21944,21946,164
2025-04-11 10:17:00,21943,21943,21939,21942,168
2025-04-11 10:18:00,21939,21939,21938,21938,97
2025-04-11 10:19:00,21936,21938,21934,21936,244
2025-04-11 10:20:00,21940,21940,21940,21940,190
2025-04-11 10:21:00,21936,21936,21935,21935,266
2025-04-11 10:22:00,21934,21934,21934,21934,303
2025-04-11 10:23:00,21933,21934,21933,21934,62
2025-04-11 10:24:00,21936,21936,21935,21935,76
2025-04-11 10:25:00,21933,21934,21933,21934,219
2025-04-11 10:26:00,21937,21941,21936,21937,179
2025-04-11 10:27:00,21941,21942,21940,21941,161
2025-04-11 10:28:00,21938,21939,21938,21938,166
2025-04-11 10:29:00,21935,21938,21935,21936,117
2025-04-11 10:30:00,21935,21936,21931,21934,163
2025-04-11 10:31:00,21933,21934,21932,21933,362
2025-04-11 10:32:00,21936,21936,21936,21936,227
2025-04-11 10:33:00,21935,21935,21935,21935,80
2025-04-11 10:34:00,21932,21935,21926,21933,219
2025-04-11 10:35:00,21930,21931,21929,21930,130
2025-04-11 10:36:00,21932,21933,21931,21932,132
2025-04-11 10:37:00,21927,21930,21927,21928,142
2025-04-11 10:38:00,21929,21930,21922,21929,224
2025-04-11 10:39:00,21930,21930,21930,21930,217
2025-04-11 10:40:00,21932,21932,21932,21932,55
2025-04-11 10:41:00,21934,21934,21933,21934,265
2025-04-11 10:42:00,21931,21931,21930,21930,196
2025-04-11 10:43:00,21928,21928,21920,21926,339
2025-04-11 10:44:00,21930,21931,21929,21929,134
2025-04-11 10:45:00,21929,21929,21926,21928,113
2025-04-11 10:46:00,21926,21926,21926,21926,223
2025-04-11 10:47:00,21926,21927,21926,21926,144
2025-04-11 10:48:00,21922,21923,21922,21922,184
2025-04-11 10:49:00,21923,21924,21922,21923,30
2025-04-11 10:50:00,21922,21923,21922,21922,64
2025-04-11 10:51:00,21924,21924,21923,21924,67
2025-04-11 10:52:00,21926,21928,21924,21926,276
2025-04-11 10:53:00,21926,21926,21926,21926,26
2025-04-11 10:54:00,21930,21931,21929,21930,162
2025-04-11 10:55:00,21929,21929,21929,21929,119
2025-04-11 10:56:00,21931,21932,21931,21931,199
2025-04-11 10:57:00,21926,21926,21925,21926,48
2025-04-11 10:58:00,21925,21925,21925,21925,242
2025-04-11 10:59:00,21928,21929,21925,21927,135
2025-04-11 11:00:00,21924,21925,21923,21924,173
2025-04-11 11:01:00,21918,21918,21918,21918,206
2025-04-11 11:02:00,21915,21916,21914,21915,198
2025-04-11 11:03:00,21918,21919,21917,21918,124
2025-04-11 11:04:00,21918,21918,21918,21918,301
2025-04-11 11:05:00,21919,21920,21919,21919,108
2025-04-11 11:06:00,21921,21922,21920,21921,128
2025-04-11 11:07:00,21920,21921,21919,21921,46
2025-04-11 11:08:00,21920,21920,21920,21920,105
2025-04-11 11:09:00,21919,21920,21919,21919,155
2025-04-11 11:10:00,21922,21923,21920,21922,96
2025-04-11 11:11:00,21923,21923,21922,21922,262
2025-04-11 11:12:00,21923,21923,21922,21923,74
2025-04-11 11:13:00,21922,21923,21922,21922,196
2025-04-11 11:14:00,21921,21924,21920,21921,310
2025-04-11 11:15:00,21924,21924,21923,21924,116
2025-04-11 11:16:00,21929,21929,21928,21928,200
2025-04-11 11:17:00,21930,21930,21930,21930,59
2025-04-11 11:18:00,21930,21931,21929,21930,224
2025-04-11 11:19:00,21929,21932,21929,21929,159
2025-04-11 11:20:00,21932,21934,21932,21933,34
2025-04-11 11:21:00,21932,21932,21931,21932,287
2025-04-11 11:22:00,21935,21936,21935,21936,150
2025-04-11 11:23:00,21938,21939,21938,21938,134
2025-04-11 11:24:00,21940,21941,21940,21940,137
2025-04-11 11:25:00,21939,21939,21938,21939,144
2025-04-11 11:26:00,21940,21940,21940,21940,92
2025-04-11 11:27:00,21941,21945,21941,21942,94
2025-04-11 11:28:00,21942,21942,21942,21942,175
2025-04-11 11:29:00,21944,21946,21944,21944,214
2025-04-11 11:30:00,21944,21944,21941,21944,145
2025-04-11 11:31:00,21944,21946,21942,21943,154
2025-04-11 11:32:00,21944,21945,21944,21944,227
2025-04-11 11:33:00,21948,21949,21947,21948,253
2025-04-11 11:34:00,21947,21947,21946,21947,136
2025-04-11 11:35:00,21946,21947,21945,21946,195
2025-04-11 11:36:00,21946,21946,21946,21946,269
2025-04-11 11:37:00,21949,21951,21945,21948,62
2025-04-11 11:38:00,21948,21950,21946,21949,254
2025-04-11 11:39:00,21956,21956,21954,21955,210
2025-04-11 11:40:00,21958,21958,21958,21958,1
2025-04-11 11:41:00,21959,21961,21959,21960,79
2025-04-11 11:42:00,21961,21961,21961,21961,84
2025-04-11 11:43:00,21960,21961,21959,21959,99
2025-04-11 11:44:00,21959,21960,21959,21960,134
2025-04-11 11:45:00,21962,21965,21962,21963,63
2025-04-11 11:46:00,21962,21962,21962,21962,179
2025-04-11 11:47:00,21959,21959,21958,21959,90
2025-04-11 11:48:00,21959,21959,21956,21958,329
2025-04-11 11:49:00,21958,21958,21957,21958,272
2025-04-11 11:50:00,21959,21960,21951,21956,404
2025-04-11 11:51:00,21956,21957,21956,21957,157
2025-04-11 11:52:00,21954,21954,21951,21953,207
2025-04-11 11:53:00,21951,21952,21951,21952,21
2025-04-11 11:54:00,21949,21950,21947,21948,168
2025-04-11 11:55:00,21946,21946,21945,21946,146
2025-04-11 11:56:00,21948,21948,21947,21948,72
2025-04-11 11:57:00,21950,21950,21949,21950,205
2025-04-11 11:58:00,21950,21952,21950,21951,229
2025-04-11 11:59:00,21958,21958,21958,21958,232
2025-04-11 12:00:00,21955,21957,21954,21954,170
2025-04-11 12:01:00,21950,21950,21950,21950,257
2025-04-11 12:02:00,21952,21952,21952,21952,186
2025-04-11 12:03:00,21956,21956,21956,21956,270
2025-04-11 12:04:00,21956,21958,21956,21956,166
2025-04-11 12:05:00,21956,21957,21956,21957,150
2025-04-11 12:06:00,21959,21959,21958,21959,230
2025-04-11 12:07:00,21960,21961,21959,21959,443
2025-04-11 12:08:00,21959,21961,21959,21960,246
2025-04-11 12:09:00,21962,21965,21959,21962,254
2025-04-11 12:10:00,21958,21960,21956,21958,89
2025-04-11 12:11:00,21956,21956,21955,21956,203
2025-04-11 12:12:00,21955,21956,21955,21955,150
2025-04-11 12:13:00,21958,21959,21954,21956,76
2025-04-11 12:14:00,21955,21955,21953,21954,1
2025-04-11 12:15:00,21956,21958,21956,21957,1
2025-04-11 12:16:00,21959,21963,21956,21959,165
2025-04-11 12:17:00,21957,21959,21957,21957,282
2025-04-11 12:18:00,21954,21954,21954,21954,290
2025-04-11 12:19:00,21950,21950,21949,21950,240
2025-04-11 12:20:00,21950,21950,21949,21950,281
2025-04-11 12:21:00,21953,21956,21947,21953,187
2025-04-11 12:22:00,21948,21948,21948,21948,69
2025-04-11 12:23:00,21949,21950,21949,21950,50
2025-04-11 12:24:00,21950,21950,21948,21950,172
2025-04-11 12:25:00,21950,21950,21949,21949,100
2025-04-11 12:26:00,21952,21952,21952,21952,291
2025-04-11 12:27:00,21948,21948,21948,21948,87
2025-04-11 12:28:00,21953,21954,21953,21953,111
2025-04-11 12:29:00,21953,21958,21953,21954,183
2025-04-11 12:30:00,21957,21957,21957,21957,189
2025-04-11 12:31:00,21959,21959,21959,21959,336
2025-04-11 12:32:00,21958,21960,21958,21959,182
2025-04-11 12:33:00,21956,21960,21949,21954,302
2025-04-11 12:34:00,21958,21958,21957,21958,191
2025-04-11 12:35:00,21955,21956,21955,21955,73
2025-04-11 12:36:00,21956,21957,21955,21955,197
2025-04-11 12:37:00,21956,21957,21954,21956,47
2025-04-11 12:38:00,21958,21960,21956,21958,244
2025-04-11 12:39:00,21956,21956,21956,21956,77
2025-04-11 12:40:00,21951,21951,21950,21951,33
2025-04-11 12:41:00,21951,21951,21948,21950,117
2025-04-11 12:42:00,21948,21948,21948,21948,208
2025-04-11 12:43:00,21946,21949,21945,21946,18
2025-04-11 12:44:00,21941,21942,21940,21941,208
2025-04-11 12:45:00,21937,21939,21933,21937,122
2025-04-11 12:46:00,21943,21943,21942,21942,135
2025-04-11 12:47:00,21944,21946,21942,21944,176
2025-04-11 12:48:00,21941,21942,21940,21942,279
2025-04-11 12:49:00,21940,21940,21940,21940,120
2025-04-11 12:50:00,21941,21942,21941,21942,179
2025-04-11 12:51:00,21942,21942,21939,21941,235
2025-04-11 12:52:00,21944,21945,21944,21944,172
2025-04-11 12:53:00,21943,21944,21943,21943,58
2025-04-11 12:54:00,21943,21943,21943,21943,121
2025-04-11 12:55:00,21945,21945,21945,21945,78
2025-04-11 12:56:00,21948,21948,21947,21947,1
2025-04-11 12:57:00,21945,21947,21944,21945,87
2025-04-11 12:58:00,21950,21952,21948,21950,91
2025-04-11 12:59:00,21951,21953,21951,21951,254
2025-04-11 13:00:00,21950,21950,21950,21950,1
2025-04-11 13:01:00,21952,21954,21951,21951,132
2025-04-11 13:02:00,21948,21951,21948,21948,151
2025-04-11 13:03:00,21948,21949,21947,21948,154
2025-04-11 13:04:00,21942,21942,21941,21942,332
2025-04-11 13:05:00,21942,21942,21941,21942,190
2025-04-11 13:06:00,21931,21931,21931,21931,328
2025-04-11 13:07:00,21932,21933,21930,21932,203
2025-04-11 13:08:00,21932,21932,21932,21932,244
2025-04-11 13:09:00,21936,21936,21935,21935,201
2025-04-11 13:10:00,21935,21935,21935,21935,54
2025-04-11 13:11:00,21929,21929,21929,21929,273
2025-04-11 13:12:00,21930,21930,21930,21930,99
2025-04-11 13:13:00,21929,21930,21929,21929,64
2025-04-11 13:14:00,21927,21927,21925,21926,161
2025-04-11 13:15:00,21920,21921,21919,21920,91
2025-04-11 13:16:00,21914,21915,21913,21914,211
2025-04-11 13:17:00,21918,21918,21917,21918,258
2025-04-11 13:18:00,21919,21919,21919,21919,331
2025-04-11 13:19:00,21919,21919,21917,21918,271
2025-04-11 13:20:00,21918,21918,21917,21917,317
2025-04-11 13:21:00,21916,21916,21916,21916,112
2025-04-11 13:22:00,21919,21919,21918,21918,317
2025-04-11 13:23:00,21922,21924,21920,21921,281
2025-04-11 13:24:00,21914,21914,21912,21913,432
2025-04-11 13:25:00,21916,21918,21916,21918,408
2025-04-11 13:26:00,21917,21920,21916,21917,283
2025-04-11 13:27:00,21912,21914,21912,21913,297
2025-04-11 13:28:00,21908,21908,21906,21906,1
2025-04-11 13:29:00,21909,21911,21906,21909,110
2025-04-11 13:30:00,21917,21920,21916,21918,500
2025-04-11 13:31:00,21913,21914,21911,21912,336
2025-04-11 13:32:00,21915,21918,21913,21916,355
2025-04-11 13:33:00,21913,21918,21911,21912,219
2025-04-11 13:34:00,21910,21910,21910,21910,278
2025-04-11 13:35:00,21910,21913,21909,21910,128
2025-04-11 13:36:00,21903,21904,21903,21904,472
2025-04-11 13:37:00,21898,21906,21898,21904,372
2025-04-11 13:38:00,21900,21901,21900,21901,244
2025-04-11 13:39:00,21898,21902,21898,21899,311
2025-04-11 13:40:00,21902,21902,21900,21900,32
2025-04-11 13:41:00,21901,21902,21900,21902,254
2025-04-11 13:42:00,21904,21907,21904,21906,122
2025-04-11 13:43:00,21904,21904,21904,21904,786
2025-04-11 13:44:00,21898,21898,21897,21898,248
2025-04-14 08:45:00,21900,21901,21900,21900,118
2025-04-14 08:46:00,21898,21902,21896,21898,485
2025-04-14 08:47:00,21900,21903,21897,21901,490
2025-04-14 08:48:00,21903,21907,21899,21902,526
2025-04-14 08:49:00,21894,21894,21892,21893,104
2025-04-14 08:50:00,21896,21896,21896,21896,264
2025-04-14 08:51:00,21902,21902,21901,21901,267
2025-04-14 08:52:00,21893,21895,21893,21893,497
2025-04-14 08:53:00,21900,21900,21900,21900,613
2025-04-14 08:54:00,21905,21912,21901,21904,307
2025-04-14 08:55:00,21909,21910,21905,21909,255
2025-04-14 08:56:00,21908,21908,21908,21908,184
2025-04-14 08:57:00,21904,21904,21903,21903,322
2025-04-14 08:58:00,21899,21902,21896,21900,482
2025-04-14 08:59:00,21898,21898,21888,21894,148
2025-04-14 09:00:00,21891,21893,21891,21892,195
2025-04-14 09:01:00,21898,21898,21897,21898,230
2025-04-14 09:02:00,21900,21900,21900,21900,233
2025-04-14 09:03:00,21904,21904,21904,21904,401
2025-04-14 09:04:00,21908,21909,21907,21907,302
2025-04-14 09:05:00,21909,21909,21906,21908,1
2025-04-14 09:06:00,21904,21905,21904,21904,314
2025-04-14 09:07:00,21904,21905,21901,21903,409
2025-04-14 09:08:00,21899,21899,21899,21899,56
2025-04-14 09:09:00,21890,21890,21889,21890,398
2025-04-14 09:10:00,21889,21889,21885,21889,381
2025-04-14 09:11:00,21897,21898,21896,21897,364
2025-04-14 09:12:00,21896,21897,21895,21896,384
2025-04-14 09:13:00,21883,21883,21883,21883,211
2025-04-14 09:14:00,21888,21888,21888,21888,413
2025-04-14 09:15:00,21888,21889,21887,21887,254
2025-04-14 09:16:00,21887,21889,21885,21887,249
2025-04-14 09:17:00,21883,21883,21882,21883,221
2025-04-14 09:18:00,21881,21881,21881,21881,246
2025-04-14 09:19:00,21876,21877,21875,21876,101
2025-04-14 09:20:00,21877,21877,21876,21877,351
2025-04-14 09:21:00,21876,21877,21874,21876,167
2025-04-14 09:22:00,21878,21878,21877,21877,62
2025-04-14 09:23:00,21877,21878,21877,21877,204
2025-04-14 09:24:00,21874,21874,21874,21874,289
2025-04-14 09:25:00,21868,21868,21868,21868,84
2025-04-14 09:26:00,21868,21869,21868,21868,164
2025-04-14 09:27:00,21863,21863,21863,21863,217
2025-04-14 09:28:00,21860,21861,21860,21861,224
2025-04-14 09:29:00,21858,21859,21858,21859,199
2025-04-14 09:30:00,21857,21857,21857,21857,260
2025-04-14 09:31:00,21862,21862,21861,21861,299
2025-04-14 09:32:00,21866,21866,21865,21866,160
2025-04-14 09:33:00,21865,21865,21865,21865,209
2025-04-14 09:34:00,21868,21869,21868,21869,188
2025-04-14 09:35:00,21873,21874,21873,21873,405
2025-04-14 09:36:00,21876,21878,21875,21876,82
2025-04-14 09:37:00,21875,21880,21875,21877,278
2025-04-14 09:38:00,21878,21878,21878,21878,170
2025-04-14 09:39:00,21883,21883,21883,21883,221
2025-04-14 09:40:00,21880,21881,21878,21880,378
2025-04-14 09:41:00,21884,21886,21883,21884,141
2025-04-14 09:42:00,21882,21883,21882,21882,264
2025-04-14 09:43:00,21879,21879,21879,21879,161
2025-04-14 09:44:00,21878,21880,21873,21876,79
2025-04-14 09:45:00,21876,21878,21872,21875,118
2025-04-14 09:46:00,21871,21880,21870,21874,286
2025-04-14 09:47:00,21875,21875,21874,21875,226
2025-04-14 09:48:00,21876,21877,21876,21876,233
2025-04-14 09:49:00,21874,21874,21873,21873,118
2025-04-14 09:50:00,21875,21875,21875,21875,146
2025-04-14 09:51:00,21879,21879,21877,21878,173
2025-04-14 09:52:00,21882,21882,21881,21882,31
2025-04-14 09:53:00,21873,21877,21873,21874,34
2025-04-14 09:54:00,21872,21873,21869,21872,1
2025-04-14 09:55:00,21870,21871,21868,21870,56
2025-04-14 09:56:00,21871,21871,21870,21870,291
2025-04-14 09:57:00,21870,21870,21869,21870,257
2025-04-14 09:58:00,21875,21875,21873,21873,170
2025-04-14 09:59:00,21875,21876,21875,21875,354
2025-04-14 10:00:00,21879,21879,21879,21879,99
2025-04-14 10:01:00,21878,21878,21876,21878,197
2025-04-14 10:02:00,21876,21881,21873,21877,142
2025-04-14 10:03:00,21869,21871,21869,21870,148
2025-04-14 10:04:00,21873,21878,21867,21873,146
2025-04-14 10:05:00,21876,21876,21873,21875,248
2025-04-14 10:06:00,21879,21881,21878,21878,193
2025-04-14 10:07:00,21872,21877,21872,21876,153
2025-04-14 10:08:00,21868,21871,21865,21870,283
2025-04-14 10:09:00,21869,21870,21868,21869,234
2025-04-14 10:10:00,21868,21868,21865,21867,198
2025-04-14 10:11:00,21869,21870,21867,21868,122
2025-04-14 10:12:00,21868,21868,21867,21868,1
2025-04-14 10:13:00,21864,21864,21864,21864,195
2025-04-14 10:14:00,21864,21864,21864,21864,123
2025-04-14 10:15:00,21859,21859,21859,21859,241
2025-04-14 10:16:00,21862,21865,21859,21861,186
2025-04-14 10:17:00,21868,21868,21860,21866,64
2025-04-14 10:18:00,21859,21861,21859,21859,238
2025-04-14 10:19:00,21859,21860,21859,21859,62
2025-04-14 10:20:00,21864,21865,21863,21864,208
2025-04-14 10:21:00,21865,21865,21862,21864,165
2025-04-14 10:22:00,21863,21863,21862,21863,1
2025-04-14 10:23:00,21869,21869,21868,21868,247
2025-04-14 10:24:00,21865,21866,21865,21865,44
2025-04-14 10:25:00,21863,21864,21862,21863,235
2025-04-14 10:26:00,21860,21861,21858,21859,299
2025-04-14 10:27:00,21861,21863,21861,21862,415
2025-04-14 10:28:00,21860,21861,21859,21860,146
2025-04-14 10:29:00,21863,21863,21862,21863,112
2025-04-14 10:30:00,21865,21865,21863,21865,166
2025-04-14 10:31:00,21868,21868,21868,21868,143
2025-04-14 10:32:00,21865,21865,21864,21865,154
2025-04-14 10:33:00,21862,21862,21862,21862,266
2025-04-14 10:34:00,21864,21866,21862,21865,213
2025-04-14 10:35:00,21861,21862,21861,21862,218
2025-04-14 10:36:00,21860,21861,21860,21860,175
2025-04-14 10:37:00,21859,21859,21858,21859,197
2025-04-14 10:38:00,21860,21862,21860,21862,121
2025-04-14 10:39:00,21863,21864,21863,21864,100
2025-04-14 10:40:00,21867,21870,21864,21866,147
2025-04-14 10:41:00,21870,21870,21868,21868,166
2025-04-14 10:42:00,21866,21866,21866,21866,121
2025-04-14 10:43:00,21867,21869,21864,21868,28
2025-04-14 10:44:00,21861,21863,21859,21862,156
2025-04-14 10:45:00,21866,21867,21865,21866,204
2025-04-14 10:46:00,21866,21867,21866,21866,309
2025-04-14 10:47:00,21868,21868,21866,21867,220
2025-04-14 10:48:00,21872,21872,21869,21871,32
2025-04-14 10:49:00,21870,21876,21870,21871,153
2025-04-14 10:50:00,21868,21870,21868,21869,94
2025-04-14 10:51:00,21866,21867,21865,21867,106
2025-04-14 10:52:00,21871,21871,21871,21871,66
2025-04-14 10:53:00,21873,21873,21873,21873,39
2025-04-14 10:54:00,21877,21877,21877,21877,47
2025-04-14 10:55:00,21874,21874,21874,21874,132
2025-04-14 10:56:00,21876,21878,21874,21874,182
2025-04-14 10:57:00,21871,21873,21871,21873,216
2025-04-14 10:58:00,21876,21877,21876,21876,196
2025-04-14 10:59:00,21874,21874,21873,21874,239
2025-04-14 11:00:00,21875,21876,21875,21876,117
2025-04-14 11:01:00,21875,21875,21874,21875,163
2025-04-14 11:02:00,21870,21872,21870,21871,1
2025-04-14 11:03:00,21874,21874,21873,21873,195
2025-04-14 11:04:00,21874,21875,21874,21874,123
2025-04-14 11:05:00,21875,21876,21875,21875,166
2025-04-14 11:06:00,21876,21877,21876,21876,10
2025-04-14 11:07:00,21878,21878,21878,21878,289
2025-04-14 11:08:00,21882,21882,21882,21882,284
2025-04-14 11:09:00,21879,21880,21879,21879,176
2025-04-14 11:10:00,21881,21881,21881,21881,59
2025-04-14 11:11:00,21880,21880,21879,21880,182
2025-04-14 11:12:00,21877,21878,21876,21877,228
2025-04-14 11:13:00,21876,21876,21876,21876,32
2025-04-14 11:14:00,21879,21879,21879,21879,191
2025-04-14 11:15:00,21882,21887,21882,21883,220
2025-04-14 11:16:00,21880,21882,21879,21881,156
2025-04-14 11:17:00,21878,21880,21874,21877,104
2025-04-14 11:18:00,21875,21878,21875,21876,199
2025-04-14 11:19:00,21878,21879,21878,21878,231
2025-04-14 11:20:00,21875,21876,21875,21876,145
2025-04-14 11:21:00,21875,21877,21875,21876,195
2025-04-14 11:22:00,21877,21877,21877,21877,93
2025-04-14 11:23:00,21880,21880,21879,21879,141
2025-04-14 11:24:00,21881,21881,21881,21881,259
2025-04-14 11:25:00,21878,21879,21878,21878,50
2025-04-14 11:26:00,21880,21880,21880,21880,201
2025-04-14 11:27:00,21878,21878,21875,21878,173
2025-04-14 11:28:00,21875,21875,21874,21874,264
2025-04-14 11:29:00,21872,21873,21871,21872,73
2025-04-14 11:30:00,21868,21869,21867,21869,64
2025-04-14 11:31:00,21867,21868,21867,21868,46
2025-04-14 11:32:00,21868,21868,21867,21868,73
2025-04-14 11:33:00,21864,21865,21863,21864,93
2025-04-14 11:34:00,21862,21863,21862,21863,151
2025-04-14 11:35:00,21866,21869,21865,21866,210
2025-04-14 11:36:00,21866,21867,21866,21866,214
2025-04-14 11:37:00,21866,21867,21866,21866,132
2025-04-14 11:38:00,21862,21865,21862,21863,25
2025-04-14 11:39:00,21859,21860,21859,21859,98
2025-04-14 11:40:00,21861,21863,21861,21861,249
2025-04-14 11:41:00,21860,21863,21859,21860,1
2025-04-14 11:42:00,21861,21862,21861,21861,75
2025-04-14 11:43:00,21861,21864,21861,21862,257
2025-04-14 11:44:00,21866,21866,21864,21865,174
2025-04-14 11:45:00,21868,21868,21868,21868,214
2025-04-14 11:46:00,21868,21869,21867,21869,137
2025-04-14 11:47:00,21870,21870,21870,21870,200
2025-04-14 11:48:00,21870,21870,21869,21870,263
2025-04-14 11:49:00,21872,21875,21870,21872,336
2025-04-14 11:50:00,21873,21875,21871,21874,200
2025-04-14 11:51:00,21877,21879,21869,21876,154
2025-04-14 11:52:00,21874,21874,21874,21874,190
2025-04-14 11:53:00,21878,21880,21875,21877,1
2025-04-14 11:54:00,21873,21873,21872,21872,84
2025-04-14 11:55:00,21871,21873,21871,21872,251
2025-04-14 11:56:00,21865,21870,21865,21865,329
2025-04-14 11:57:00,21863,21864,21863,21863,253
2025-04-14 11:58:00,21862,21862,21861,21861,292
2025-04-14 11:59:00,21857,21861,21857,21859,66
2025-04-14 12:00:00,21862,21863,21860,21862,267
2025-04-14 12:01:00,21868,21868,21868,21868,124
2025-04-14 12:02:00,21870,21870,21870,21870,116
2025-04-14 12:03:00,21874,21875,21873,21874,382
2025-04-14 12:04:00,21873,21874,21873,21873,224
2025-04-14 12:05:00,21870,21870,21870,21870,250
2025-04-14 12:06:00,21865,21867,21864,21866,247
2025-04-14 12:07:00,21867,21869,21867,21868,314
2025-04-14 12:08:00,21867,21867,21861,21864,71
2025-04-14 12:09:00,21863,21864,21862,21863,148
2025-04-14 12:10:00,21862,21867,21862,21862,365
2025-04-14 12:11:00,21858,21860,21858,21859,235
2025-04-14 12:12:00,21860,21865,21860,21860,123
2025-04-14 12:13:00,21857,21858,21856,21857,147
2025-04-14 12:14:00,21858,21859,21858,21858,299
2025-04-14 12:15:00,21857,21857,21857,21857,73
2025-04-14 12:16:00,21857,21857,21851,21855,110
2025-04-14 12:17:00,21854,21855,21852,21854,36
2025-04-14 12:18:00,21852,21852,21852,21852,120
2025-04-14 12:19:00,21851,21852,21851,21852,43
2025-04-14 12:20:00,21858,21859,21858,21858,149
2025-04-14 12:21:00,21862,21864,21862,21862,33
2025-04-14 12:22:00,21863,21863,21861,21861,138
2025-04-14 12:23:00,21865,21865,21863,21865,239
2025-04-14 12:24:00,21864,21864,21864,21864,168
2025-04-14 12:25:00,21861,21861,21861,21861,241
2025-04-14 12:26:00,21860,21860,21859,21860,208
2025-04-14 12:27:00,21858,21863,21858,21858,245
2025-04-14 12:28:00,21858,21858,21858,21858,184
2025-04-14 12:29:00,21858,21858,21856,21857,287
2025-04-14 12:30:00,21855,21855,21854,21854,120
2025-04-14 12:31:00,21854,21856,21853,21854,101
2025-04-14 12:32:00,21854,21861,21854,21855,206
2025-04-14 12:33:00,21855,21855,21855,21855,89
2025-04-14 12:34:00,21857,21857,21856,21857,213
2025-04-14 12:35:00,21859,21860,21858,21860,176
2025-04-14 12:36:00,21859,21859,21858,21859,209
2025-04-14 12:37:00,21860,21865,21856,21860,1
2025-04-14 12:38:00,21862,21867,21862,21865,149
2025-04-14 12:39:00,21863,21866,21859,21861,316
2025-04-14 12:40:00,21856,21858,21854,21855,266
2025-04-14 12:41:00,21858,21861,21858,21859,192
2025-04-14 12:42:00,21861,21864,21856,21861,112
2025-04-14 12:43:00,21861,21861,21860,21861,178
2025-04-14 12:44:00,21862,21862,21862,21862,254
2025-04-14 12:45:00,21868,21869,21867,21868,222
2025-04-14 12:46:00,21866,21866,21866,21866,220
2025-04-14 12:47:00,21869,21871,21869,21870,188
2025-04-14 12:48:00,21870,21872,21867,21870,227
2025-04-14 12:49:00,21867,21869,21867,21868,194
2025-04-14 12:50:00,21866,21867,21866,21866,128
2025-04-14 12:51:00,21868,21868,21868,21868,176
2025-04-14 12:52:00,21869,21870,21869,21870,174
2025-04-14 12:53:00,21868,21869,21867,21868,219
2025-04-14 12:54:00,21864,21864,21863,21864,295
2025-04-14 12:55:00,21870,21870,21870,21870,329
2025-04-14 12:56:00,21868,21869,21868,21869,243
2025-04-14 12:57:00,21864,21865,21863,21865,384
2025-04-14 12:58:00,21869,21869,21868,21868,136
2025-04-14 12:59:00,21868,21868,21868,21868,167
2025-04-14 13:00:00,21871,21872,21870,21871,130
2025-04-14 13:01:00,21876,21877,21876,21876,108
2025-04-14 13:02:00,21871,21871,21871,21871,255
2025-04-14 13:03:00,21874,21874,21874,21874,140
2025-04-14 13:04:00,21876,21885,21875,21877,432
2025-04-14 13:05:00,21872,21873,21869,21872,181
2025-04-14 13:06:00,21881,21881,21874,21879,162
2025-04-14 13:07:00,21872,21872,21870,21871,105
2025-04-14 13:08:00,21876,21876,21874,21875,132
2025-04-14 13:09:00,21877,21877,21877,21877,131
2025-04-14 13:10:00,21877,21877,21875,21875,89
2025-04-14 13:11:00,21869,21869,21868,21869,181
2025-04-14 13:12:00,21868,21868,21863,21868,171
2025-04-14 13:13:00,21867,21867,21865,21867,174
2025-04-14 13:14:00,21867,21868,21867,21867,193
2025-04-14 13:15:00,21872,21872,21869,21870,240
2025-04-14 13:16:00,21871,21871,21871,21871,55
2025-04-14 13:17:00,21872,21872,21870,21871,411
2025-04-14 13:18:00,21880,21881,21880,21880,202
2025-04-14 13:19:00,21884,21885,21884,21885,297
2025-04-14 13:20:00,21887,21887,21886,21887,244
2025-04-14 13:21:00,21885,21890,21885,21886,149
2025-04-14 13:22:00,21882,21882,21881,21882,329
2025-04-14 13:23:00,21884,21884,21882,21884,318
2025-04-14 13:24:00,21884,21884,21884,21884,263
2025-04-14 13:25:00,21878,21878,21878,21878,208
2025-04-14 13:26:00,21879,21881,21876,21879,547
2025-04-14 13:27:00,21875,21875,21875,21875,77
2025-04-14 13:28:00,21875,21875,21874,21875,394
2025-04-14 13:29:00,21870,21870,21870,21870,263
2025-04-14 13:30:00,21873,21874,21872,21873,72
2025-04-14 13:31:00,21862,21863,21862,21863,231
2025-04-14 13:32:00,21857,21857,21857,21857,182
2025-04-14 13:33:00,21855,21862,21851,21856,179
2025-04-14 13:34:00,21861,21872,21856,21859,298
2025-04-14 13:35:00,21861,21864,21856,21860,402
2025-04-14 13:36:00,21857,21857,21856,21856,318
2025-04-14 13:37:00,21867,21867,21865,21866,528
2025-04-14 13:38:00,21863,21864,21859,21863,595
2025-04-14 13:39:00,21868,21879,21868,21869,137
2025-04-14 13:40:00,21874,21875,21866,21872,19
2025-04-14 13:41:00,21871,21872,21871,21871,503
2025-04-14 13:42:00,21865,21872,21862,21866,444
2025-04-14 13:43:00,21863,21864,21863,21863,365
2025-04-14 13:44:00,21865,21866,21864,21865,438
2025-04-15 08:45:00,21855,21856,21855,21856,335
2025-04-15 08:46:00,21860,21860,21860,21860,205
2025-04-15 08:47:00,21868,21870,21867,21869,155
2025-04-15 08:48:00,21869,21871,21863,21870,389
2025-04-15 08:49:00,21874,21875,21872,21874,509
2025-04-15 08:50:00,21874,21875,21873,21873,549
2025-04-15 08:51:00,21873,21875,21871,21874,405
2025-04-15 08:52:00,21871,21876,21871,21874,461
2025-04-15 08:53:00,21872,21872,21865,21869,316
2025-04-15 08:54:00,21869,21871,21866,21868,560
2025-04-15 08:55:00,21868,21869,21865,21867,444
2025-04-15 08:56:00,21866,21866,21865,21866,521
2025-04-15 08:57:00,21869,21870,21868,21869,154
2025-04-15 08:58:00,21876,21876,21874,21876,395
2025-04-15 08:59:00,21883,21887,21867,21878,275
2025-04-15 09:00:00,21874,21880,21871,21873,240
2025-04-15 09:01:00,21872,21873,21870,21871,33
2025-04-15 09:02:00,21868,21870,21868,21869,268
2025-04-15 09:03:00,21866,21872,21865,21867,180
2025-04-15 09:04:00,21865,21867,21865,21866,84
2025-04-15 09:05:00,21865,21866,21864,21864,261
2025-04-15 09:06:00,21867,21867,21867,21867,349
2025-04-15 09:07:00,21864,21865,21863,21864,324
2025-04-15 09:08:00,21866,21866,21862,21866,298
2025-04-15 09:09:00,21865,21867,21863,21865,221
2025-04-15 09:10:00,21866,21869,21863,21867,78
2025-04-15 09:11:00,21859,21862,21859,21859,191
2025-04-15 09:12:00,21858,21859,21858,21859,522
2025-04-15 09:13:00,21862,21863,21862,21862,371
2025-04-15 09:14:00,21868,21869,21867,21868,104
2025-04-15 09:15:00,21866,21871,21866,21867,230
2025-04-15 09:16:00,21866,21866,21866,21866,102
2025-04-15 09:17:00,21870,21872,21869,21869,115
2025-04-15 09:18:00,21871,21871,21870,21870,147
2025-04-15 09:19:00,21871,21871,21869,21870,156
2025-04-15 09:20:00,21872,21872,21870,21871,117
2025-04-15 09:21:00,21878,21879,21876,21877,113
2025-04-15 09:22:00,21876,21876,21875,21875,271
2025-04-15 09:23:00,21876,21879,21874,21876,330
2025-04-15 09:24:00,21871,21871,21871,21871,180
2025-04-15 09:25:00,21862,21866,21862,21864,175
2025-04-15 09:26:00,21862,21862,21862,21862,170
2025-04-15 09:27:00,21864,21864,21862,21863,318
2025-04-15 09:28:00,21861,21865,21858,21861,252
2025-04-15 09:29:00,21863,21864,21863,21863,17
2025-04-15 09:30:00,21865,21866,21864,21865,197
2025-04-15 09:31:00,21864,21864,21862,21864,228
2025-04-15 09:32:00,21863,21863,21862,21862,95
2025-04-15 09:33:00,21861,21861,21861,21861,112
2025-04-15 09:34:00,21860,21860,21858,21860,101
2025-04-15 09:35:00,21854,21855,21853,21853,119
2025-04-15 09:36:00,21857,21857,21855,21856,164
2025-04-15 09:37:00,21856,21856,21856,21856,140
2025-04-15 09:38:00,21853,21854,21852,21853,185
2025-04-15 09:39:00,21845,21847,21844,21846,105
2025-04-15 09:40:00,21844,21849,21841,21844,249
2025-04-15 09:41:00,21848,21848,21848,21848,165
2025-04-15 09:42:00,21855,21855,21855,21855,32
2025-04-15 09:43:00,21856,21856,21851,21854,10
2025-04-15 09:44:00,21851,21852,21851,21852,154
2025-04-15 09:45:00,21849,21851,21848,21849,246
2025-04-15 09:46:00,21846,21846,21845,21846,105
2025-04-15 09:47:00,21851,21854,21850,21851,150
2025-04-15 09:48:00,21855,21855,21852,21854,196
2025-04-15 09:49:00,21854,21855,21852,21853,118
2025-04-15 09:50:00,21857,21857,21856,21857,375
2025-04-15 09:51:00,21850,21852,21845,21851,185
2025-04-15 09:52:00,21850,21852,21842,21849,189
2025-04-15 09:53:00,21848,21850,21847,21849,195
2025-04-15 09:54:00,21853,21853,21852,21852,206
2025-04-15 09:55:00,21849,21849,21849,21849,257
2025-04-15 09:56:00,21849,21852,21848,21849,104
2025-04-15 09:57:00,21846,21847,21845,21846,98
2025-04-15 09:58:00,21843,21845,21843,21843,298
2025-04-15 09:59:00,21844,21847,21843,21845,142
2025-04-15 10:00:00,21841,21843,21838,21840,89
2025-04-15 10:01:00,21839,21840,21839,21839,125
2025-04-15 10:02:00,21839,21840,21837,21838,240
2025-04-15 10:03:00,21841,21841,21839,21839,291
2025-04-15 10:04:00,21835,21835,21835,21835,328
2025-04-15 10:05:00,21836,21836,21836,21836,300
2025-04-15 10:06:00,21836,21837,21835,21836,196
2025-04-15 10:07:00,21838,21838,21836,21837,134
2025-04-15 10:08:00,21838,21839,21838,21838,147
2025-04-15 10:09:00,21835,21841,21833,21836,190
2025-04-15 10:10:00,21834,21835,21834,21834,274
2025-04-15 10:11:00,21829,21830,21829,21830,342
2025-04-15 10:12:00,21825,21833,21825,21828,253
2025-04-15 10:13:00,21835,21835,21834,21835,34
2025-04-15 10:14:00,21840,21840,21836,21838,210
2025-04-15 10:15:00,21836,21836,21836,21836,274
2025-04-15 10:16:00,21838,21839,21836,21838,114
2025-04-15 10:17:00,21839,21839,21839,21839,357
2025-04-15 10:18:00,21838,21838,21838,21838,289
2025-04-15 10:19:00,21838,21838,21838,21838,197
2025-04-15 10:20:00,21837,21838,21837,21837,203
2025-04-15 10:21:00,21845,21845,21845,21845,127
2025-04-15 10:22:00,21848,21848,21848,21848,14
2025-04-15 10:23:00,21847,21852,21846,21847,248
2025-04-15 10:24:00,21846,21847,21845,21845,179
2025-04-15 10:25:00,21845,21845,21845,21845,110
2025-04-15 10:26:00,21843,21844,21843,21844,329
2025-04-15 10:27:00,21836,21837,21835,21836,215
2025-04-15 10:28:00,21830,21830,21830,21830,94
2025-04-15 10:29:00,21823,21823,21823,21823,235
2025-04-15 10:30:00,21819,21819,21818,21819,166
2025-04-15 10:31:00,21819,21821,21819,21819,167
2025-04-15 10:32:00,21819,21820,21819,21820,124
2025-04-15 10:33:00,21817,21817,21817,21817,311
2025-04-15 10:34:00,21820,21820,21820,21820,17
2025-04-15 10:35:00,21822,21822,21821,21821,404
2025-04-15 10:36:00,21816,21823,21815,21817,258
2025-04-15 10:37:00,21821,21821,21820,21821,191
2025-04-15 10:38:00,21823,21824,21822,21823,354
2025-04-15 10:39:00,21826,21826,21826,21826,162
2025-04-15 10:40:00,21819,21820,21818,21819,176
2025-04-15 10:41:00,21825,21825,21823,21824,200
2025-04-15 10:42:00,21827,21830,21826,21828,82
2025-04-15 10:43:00,21833,21833,21832,21833,252
2025-04-15 10:44:00,21830,21831,21830,21830,260
2025-04-15 10:45:00,21833,21833,21833,21833,193
2025-04-15 10:46:00,21831,21831,21828,21830,111
2025-04-15 10:47:00,21824,21827,21824,21825,152
2025-04-15 10:48:00,21826,21826,21826,21826,146
2025-04-15 10:49:00,21828,21829,21828,21828,192
2025-04-15 10:50:00,21831,21831,21831,21831,309
2025-04-15 10:51:00,21832,21833,21832,21832,73
2025-04-15 10:52:00,21829,21829,21828,21828,117
2025-04-15 10:53:00,21829,21829,21829,21829,178
2025-04-15 10:54:00,21832,21833,21829,21831,219
2025-04-15 10:55:00,21830,21830,21829,21829,175
2025-04-15 10:56:00,21827,21827,21827,21827,192
2025-04-15 10:57:00,21829,21830,21828,21829,4
2025-04-15 10:58:00,21825,21825,21825,21825,141
2025-04-15 10:59:00,21822,21822,21818,21821,281
2025-04-15 11:00:00,21822,21822,21821,21822,138
2025-04-15 11:01:00,21823,21824,21822,21823,120
2025-04-15 11:02:00,21823,21823,21822,21822,48
2025-04-15 11:03:00,21822,21824,21821,21822,215
2025-04-15 11:04:00,21823,21824,21822,21823,186
2025-04-15 11:05:00,21823,21824,21823,21823,148
2025-04-15 11:06:00,21823,21825,21823,21823,170
2025-04-15 11:07:00,21825,21825,21825,21825,188
2025-04-15 11:08:00,21825,21825,21825,21825,54
2025-04-15 11:09:00,21824,21825,21823,21824,152
2025-04-15 11:10:00,21820,21820,21820,21820,102
2025-04-15 11:11:00,21821,21822,21819,21821,79
2025-04-15 11:12:00,21818,21819,21818,21818,145
2025-04-15 11:13:00,21820,21821,21820,21820,34
2025-04-15 11:14:00,21822,21822,21822,21822,158
2025-04-15 11:15:00,21824,21824,21824,21824,244
2025-04-15 11:16:00,21823,21824,21823,21824,94
2025-04-15 11:17:00,21823,21824,21823,21823,172
2025-04-15 11:18:00,21826,21826,21825,21825,155
2025-04-15 11:19:00,21823,21823,21823,21823,60
2025-04-15 11:20:00,21819,21819,21817,21819,294
2025-04-15 11:21:00,21818,21818,21817,21817,203
2025-04-15 11:22:00,21821,21822,21821,21821,157
2025-04-15 11:23:00,21824,21827,21824,21825,227
2025-04-15 11:24:00,21820,21820,21819,21819,210
2025-04-15 11:25:00,21822,21823,21821,21822,207
2025-04-15 11:26:00,21824,21825,21823,21824,329
2025-04-15 11:27:00,21829,21829,21829,21829,259
2025-04-15 11:28:00,21828,21829,21823,21829,138
2025-04-15 11:29:00,21831,21831,21830,21831,246
2025-04-15 11:30:00,21834,21836,21832,21834,69
2025-04-15 11:31:00,21835,21835,21834,21834,208
2025-04-15 11:32:00,21837,21837,21835,21836,191
2025-04-15 11:33:00,21834,21834,21834,21834,203
2025-04-15 11:34:00,21833,21833,21832,21833,50
2025-04-15 11:35:00,21833,21833,21833,21833,197
2025-04-15 11:36:00,21836,21836,21836,21836,99
2025-04-15 11:37:00,21836,21836,21836,21836,143
2025-04-15 11:38:00,21839,21839,21836,21838,197
2025-04-15 11:39:00,21838,21838,21837,21837,1
2025-04-15 11:40:00,21842,21842,21841,21842,134
2025-04-15 11:41:00,21844,21844,21843,21844,180
2025-04-15 11:42:00,21842,21843,21840,21842,162
2025-04-15 11:43:00,21839,21839,21838,21839,163
2025-04-15 11:44:00,21835,21836,21831,21834,72
2025-04-15 11:45:00,21835,21836,21835,21835,149
2025-04-15 11:46:00,21839,21839,21839,21839,379
2025-04-15 11:47:00,21836,21837,21835,21835,165
2025-04-15 11:48:00,21835,21838,21834,21834,111
2025-04-15 11:49:00,21834,21834,21834,21834,1
2025-04-15 11:50:00,21836,21837,21835,21836,14
2025-04-15 11:51:00,21833,21834,21833,21833,207
2025-04-15 11:52:00,21832,21835,21832,21833,238
2025-04-15 11:53:00,21831,21833,21831,21832,188
2025-04-15 11:54:00,21827,21829,21826,21828,180
2025-04-15 11:55:00,21825,21826,21825,21825,40
2025-04-15 11:56:00,21822,21823,21822,21823,142
2025-04-15 11:57:00,21824,21824,21823,21824,176
2025-04-15 11:58:00,21823,21823,21823,21823,210
2025-04-15 11:59:00,21823,21823,21818,21823,230
2025-04-15 12:00:00,21823,21823,21823,21823,153
2025-04-15 12:01:00,21822,21823,21821,21822,127
2025-04-15 12:02:00,21824,21825,21824,21824,160
2025-04-15 12:03:00,21829,21829,21829,21829,82
2025-04-15 12:04:00,21832,21832,21831,21832,262
2025-04-15 12:05:00,21829,21831,21829,21829,211
2025-04-15 12:06:00,21828,21828,21827,21828,36
2025-04-15 12:07:00,21832,21832,21830,21831,316
2025-04-15 12:08:00,21834,21835,21833,21834,181
2025-04-15 12:09:00,21833,21833,21833,21833,111
2025-04-15 12:10:00,21840,21840,21839,21839,195
2025-04-15 12:11:00,21843,21845,21843,21844,136
2025-04-15 12:12:00,21840,21840,21840,21840,103
2025-04-15 12:13:00,21839,21839,21838,21839,75
2025-04-15 12:14:00,21841,21841,21841,21841,127
2025-04-15 12:15:00,21843,21843,21841,21843,54
2025-04-15 12:16:00,21844,21846,21844,21844,150
2025-04-15 12:17:00,21847,21847,21847,21847,345
2025-04-15 12:18:00,21846,21846,21846,21846,261
2025-04-15 12:19:00,21849,21850,21849,21849,68
2025-04-15 12:20:00,21850,21852,21848,21849,179
2025-04-15 12:21:00,21844,21845,21838,21842,37
2025-04-15 12:22:00,21846,21846,21846,21846,202
2025-04-15 12:23:00,21844,21844,21844,21844,195
2025-04-15 12:24:00,21842,21843,21842,21843,258
2025-04-15 12:25:00,21845,21845,21844,21844,1
2025-04-15 12:26:00,21846,21847,21846,21846,356
2025-04-15 12:27:00,21845,21845,21844,21845,114
2025-04-15 12:28:00,21850,21851,21850,21850,193
2025-04-15 12:29:00,21853,21853,21853,21853,249
2025-04-15 12:30:00,21856,21857,21855,21856,230
2025-04-15 12:31:00,21855,21855,21855,21855,79
2025-04-15 12:32:00,21856,21857,21855,21857,113
2025-04-15 12:33:00,21849,21854,21848,21850,171
2025-04-15 12:34:00,21849,21851,21848,21849,134
2025-04-15 12:35:00,21848,21849,21848,21849,148
2025-04-15 12:36:00,21852,21855,21851,21852,412
2025-04-15 12:37:00,21851,21851,21851,21851,162
2025-04-15 12:38:00,21853,21853,21853,21853,200
2025-04-15 12:39:00,21852,21853,21851,21852,173
2025-04-15 12:40:00,21848,21853,21846,21850,174
2025-04-15 12:41:00,21848,21848,21847,21848,106
2025-04-15 12:42:00,21847,21847,21847,21847,191
2025-04-15 12:43:00,21845,21846,21845,21845,239
2025-04-15 12:44:00,21847,21847,21847,21847,206
2025-04-15 12:45:00,21846,21848,21846,21847,233
2025-04-15 12:46:00,21844,21845,21844,21844,167
2025-04-15 12:47:00,21846,21846,21846,21846,273
2025-04-15 12:48:00,21846,21848,21841,21845,210
2025-04-15 12:49:00,21845,21847,21844,21845,124
2025-04-15 12:50:00,21846,21846,21845,21846,193
2025-04-15 12:51:00,21851,21851,21851,21851,172
2025-04-15 12:52:00,21850,21852,21850,21850,299
2025-04-15 12:53:00,21849,21850,21849,21849,308
2025-04-15 12:54:00,21840,21842,21840,21841,242
2025-04-15 12:55:00,21845,21846,21845,21846,172
2025-04-15 12:56:00,21840,21842,21839,21839,173
2025-04-15 12:57:00,21843,21843,21843,21843,262
2025-04-15 12:58:00,21838,21839,21838,21838,149
2025-04-15 12:59:00,21836,21837,21836,21836,169
2025-04-15 13:00:00,21836,21837,21835,21836,194
2025-04-15 13:01:00,21838,21838,21835,21837,408
2025-04-15 13:02:00,21842,21842,21842,21842,251
2025-04-15 13:03:00,21839,21840,21839,21839,146
2025-04-15 13:04:00,21837,21837,21837,21837,210
2025-04-15 13:05:00,21843,21844,21842,21843,206
2025-04-15 13:06:00,21847,21847,21841,21843,144
2025-04-15 13:07:00,21851,21851,21847,21849,256
2025-04-15 13:08:00,21845,21845,21844,21844,1
2025-04-15 13:09:00,21841,21844,21841,21841,123
2025-04-15 13:10:00,21838,21839,21835,21837,14
2025-04-15 13:11:00,21836,21839,21834,21835,206
2025-04-15 13:12:00,21835,21835,21834,21834,74
2025-04-15 13:13:00,21837,21837,21836,21837,157
2025-04-15 13:14:00,21837,21839,21837,21838,47
2025-04-15 13:15:00,21844,21844,21844,21844,186
2025-04-15 13:16:00,21841,21841,21841,21841,353
2025-04-15 13:17:00,21843,21843,21841,21843,317
2025-04-15 13:18:00,21840,21841,21840,21841,808
2025-04-15 13:19:00,21847,21847,21845,21846,297
2025-04-15 13:20:00,21847,21850,21846,21847,341
2025-04-15 13:21:00,21850,21851,21850,21850,422
2025-04-15 13:22:00,21850,21850,21850,21850,401
2025-04-15 13:23:00,21847,21848,21846,21847,223
2025-04-15 13:24:00,21847,21847,21844,21845,332
2025-04-15 13:25:00,21847,21847,21847,21847,264
2025-04-15 13:26:00,21833,21834,21833,21833,374
2025-04-15 13:27:00,21829,21831,21829,21830,414
2025-04-15 13:28:00,21826,21828,21825,21827,233
2025-04-15 13:29:00,21832,21832,21826,21830,286
2025-04-15 13:30:00,21842,21842,21841,21842,335
2025-04-15 13:31:00,21856,21856,21854,21855,365
2025-04-15 13:32:00,21855,21855,21853,21854,284
2025-04-15 13:33:00,21859,21859,21859,21859,324
2025-04-15 13:34:00,21852,21864,21852,21856,471
2025-04-15 13:35:00,21860,21862,21853,21858,261
2025-04-15 13:36:00,21860,21860,21841,21856,421
2025-04-15 13:37:00,21853,21853,21853,21853,188
2025-04-15 13:38:00,21854,21855,21854,21854,569
2025-04-15 13:39:00,21858,21859,21856,21858,368
2025-04-15 13:40:00,21852,21852,21852,21852,574
2025-04-15 13:41:00,21857,21857,21855,21856,269
2025-04-15 13:42:00,21855,21855,21855,21855,383
2025-04-15 13:43:00,21853,21853,21853,21853,306
2025-04-15 13:44:00,21861,21862,21857,21859,237
2025-04-16 08:45:00,21867,21872,21867,21868,491
2025-04-16 08:46:00,21865,21865,21865,21865,435
2025-04-16 08:47:00,21861,21863,21860,21861,301
2025-04-16 08:48:00,21848,21848,21848,21848,113
2025-04-16 08:49:00,21853,21853,21852,21853,270
2025-04-16 08:50:00,21850,21856,21850,21852,373
2025-04-16 08:51:00,21855,21857,21855,21857,129
2025-04-16 08:52:00,21852,21854,21852,21853,93
2025-04-16 08:53:00,21864,21866,21862,21864,116
2025-04-16 08:54:00,21866,21867,21866,21867,265
2025-04-16 08:55:00,21864,21866,21863,21864,459
2025-04-16 08:56:00,21860,21863,21857,21860,383
2025-04-16 08:57:00,21865,21865,21865,21865,306
2025-04-16 08:58:00,21866,21867,21866,21866,491
2025-04-16 08:59:00,21865,21870,21865,21866,314
2025-04-16 09:00:00,21853,21854,21851,21853,233
2025-04-16 09:01:00,21844,21846,21842,21846,290
2025-04-16 09:02:00,21837,21842,21837,21841,231
2025-04-16 09:03:00,21841,21844,21840,21842,217
2025-04-16 09:04:00,21841,21842,21840,21841,131
2025-04-16 09:05:00,21848,21849,21846,21848,88
2025-04-16 09:06:00,21847,21850,21847,21848,1
2025-04-16 09:07:00,21844,21844,21839,21843,301
2025-04-16 09:08:00,21845,21845,21844,21845,398
2025-04-16 09:09:00,21847,21850,21846,21847,139
2025-04-16 09:10:00,21853,21856,21851,21853,294
2025-04-16 09:11:00,21859,21859,21854,21856,280
2025-04-16 09:12:00,21851,21853,21851,21852,176
2025-04-16 09:13:00,21854,21855,21853,21854,474
2025-04-16 09:14:00,21848,21848,21848,21848,250
2025-04-16 09:15:00,21846,21846,21845,21845,230
2025-04-16 09:16:00,21850,21850,21850,21850,134
2025-04-16 09:17:00,21852,21854,21850,21852,336
2025-04-16 09:18:00,21854,21854,21854,21854,23
2025-04-16 09:19:00,21857,21857,21857,21857,210
2025-04-16 09:20:00,21856,21858,21856,21857,206
2025-04-16 09:21:00,21862,21863,21859,21861,204
2025-04-16 09:22:00,21862,21864,21862,21863,238
2025-04-16 09:23:00,21862,21862,21862,21862,82
2025-04-16 09:24:00,21857,21858,21857,21857,129
2025-04-16 09:25:00,21853,21854,21852,21853,302
2025-04-16 09:26:00,21853,21854,21853,21854,137
2025-04-16 09:27:00,21855,21855,21854,21855,253
2025-04-16 09:28:00,21856,21856,21853,21855,108
2025-04-16 09:29:00,21862,21862,21858,21859,275
2025-04-16 09:30:00,21860,21861,21858,21861,111
2025-04-16 09:31:00,21859,21859,21858,21859,154
2025-04-16 09:32:00,21858,21858,21857,21858,174
2025-04-16 09:33:00,21858,21858,21852,21856,152
2025-04-16 09:34:00,21854,21855,21852,21854,105
2025-04-16 09:35:00,21856,21856,21854,21854,258
2025-04-16 09:36:00,21853,21855,21853,21855,157
2025-04-16 09:37:00,21859,21860,21859,21860,294
2025-04-16 09:38:00,21855,21862,21855,21858,30
2025-04-16 09:39:00,21858,21858,21857,21858,70
2025-04-16 09:40:00,21853,21856,21852,21853,83
2025-04-16 09:41:00,21856,21856,21856,21856,233
2025-04-16 09:42:00,21856,21857,21856,21857,230
2025-04-16 09:43:00,21859,21859,21857,21858,186
2025-04-16 09:44:00,21860,21861,21860,21860,103
2025-04-16 09:45:00,21856,21857,21854,21856,250
2025-04-16 09:46:00,21858,21858,21858,21858,161
2025-04-16 09:47:00,21859,21861,21856,21859,239
2025-04-16 09:48:00,21859,21863,21856,21858,297
2025-04-16 09:49:00,21863,21863,21863,21863,257
2025-04-16 09:50:00,21863,21863,21863,21863,186
2025-04-16 09:51:00,21865,21869,21861,21862,302
2025-04-16 09:52:00,21859,21859,21859,21859,144
2025-04-16 09:53:00,21856,21857,21855,21856,315
2025-04-16 09:54:00,21858,21860,21858,21859,200
2025-04-16 09:55:00,21863,21864,21862,21863,163
2025-04-16 09:56:00,21865,21865,21864,21865,201
2025-04-16 09:57:00,21869,21871,21869,21870,179
2025-04-16 09:58:00,21873,21873,21872,21873,141
2025-04-16 09:59:00,21875,21876,21875,21875,282
2025-04-16 10:00:00,21876,21876,21874,21875,160
2025-04-16 10:01:00,21882,21883,21880,21881,284
2025-04-16 10:02:00,21882,21882,21881,21881,262
2025-04-16 10:03:00,21887,21889,21886,21887,211
2025-04-16 10:04:00,21886,21887,21882,21885,134
2025-04-16 10:05:00,21885,21885,21883,21885,267
2025-04-16 10:06:00,21888,21889,21888,21888,312
2025-04-16 10:07:00,21892,21892,21891,21891,224
2025-04-16 10:08:00,21896,21896,21891,21895,267
2025-04-16 10:09:00,21895,21895,21894,21894,304
2025-04-16 10:10:00,21889,21892,21885,21887,140
2025-04-16 10:11:00,21888,21888,21888,21888,127
2025-04-16 10:12:00,21887,21888,21885,21888,201
2025-04-16 10:13:00,21886,21890,21886,21889,183
2025-04-16 10:14:00,21883,21883,21882,21883,1
2025-04-16 10:15:00,21886,21887,21885,21886,83
2025-04-16 10:16:00,21887,21888,21886,21887,138
2025-04-16 10:17:00,21888,21889,21885,21888,282
2025-04-16 10:18:00,21892,21894,21888,21890,75
2025-04-16 10:19:00,21888,21889,21886,21887,471
2025-04-16 10:20:00,21883,21887,21880,21884,206
2025-04-16 10:21:00,21882,21886,21882,21883,33
2025-04-16 10:22:00,21884,21885,21883,21884,186
2025-04-16 10:23:00,21884,21884,21883,21884,218
2025-04-16 10:24:00,21889,21893,21886,21889,125
2025-04-16 10:25:00,21889,21889,21889,21889,175
2025-04-16 10:26:00,21889,21890,21889,21890,224
2025-04-16 10:27:00,21891,21892,21890,21891,187
2025-04-16 10:28:00,21894,21894,21892,21894,211
2025-04-16 10:29:00,21888,21888,21888,21888,230
2025-04-16 10:30:00,21887,21889,21885,21887,409
2025-04-16 10:31:00,21886,21887,21880,21885,264
2025-04-16 10:32:00,21881,21887,21881,21883,94
2025-04-16 10:33:00,21882,21882,21882,21882,127
2025-04-16 10:34:00,21884,21884,21883,21884,208
2025-04-16 10:35:00,21882,21883,21880,21882,280
2025-04-16 10:36:00,21879,21887,21869,21879,69
2025-04-16 10:37:00,21877,21881,21877,21880,224
2025-04-16 10:38:00,21883,21883,21882,21882,114
2025-04-16 10:39:00,21880,21881,21880,21880,211
2025-04-16 10:40:00,21881,21882,21881,21882,228
2025-04-16 10:41:00,21879,21879,21879,21879,204
2025-04-16 10:42:00,21881,21881,21880,21881,329
2025-04-16 10:43:00,21886,21886,21884,21886,69
2025-04-16 10:44:00,21884,21884,21881,21883,51
2025-04-16 10:45:00,21887,21887,21886,21886,71
2025-04-16 10:46:00,21885,21887,21884,21886,170
2025-04-16 10:47:00,21889,21890,21887,21889,122
2025-04-16 10:48:00,21890,21890,21890,21890,68
2025-04-16 10:49:00,21893,21893,21891,21893,119
2025-04-16 10:50:00,21892,21892,21890,21891,193
2025-04-16 10:51:00,21892,21892,21892,21892,102
2025-04-16 10:52:00,21892,21895,21891,21894,213
2025-04-16 10:53:00,21890,21890,21889,21890,214
2025-04-16 10:54:00,21891,21891,21887,21890,149
2025-04-16 10:55:00,21892,21894,21888,21891,93
2025-04-16 10:56:00,21892,21894,21890,21891,98
2025-04-16 10:57:00,21889,21889,21889,21889,54
2025-04-16 10:58:00,21888,21889,21888,21888,110
2025-04-16 10:59:00,21889,21889,21888,21888,93
2025-04-16 11:00:00,21886,21886,21886,21886,195
2025-04-16 11:01:00,21888,21889,21887,21888,135
2025-04-16 11:02:00,21890,21890,21886,21889,81
2025-04-16 11:03:00,21885,21885,21885,21885,145
2025-04-16 11:04:00,21885,21887,21885,21885,130
2025-04-16 11:05:00,21885,21885,21881,21885,26
2025-04-16 11:06:00,21885,21886,21885,21885,201
2025-04-16 11:07:00,21886,21886,21881,21882,62
2025-04-16 11:08:00,21879,21884,21878,21879,200
2025-04-16 11:09:00,21883,21885,21881,21883,137
2025-04-16 11:10:00,21888,21888,21887,21888,54
2025-04-16 11:11:00,21887,21887,21886,21887,72
2025-04-16 11:12:00,21887,21888,21887,21887,104
2025-04-16 11:13:00,21888,21888,21887,21887,219
2025-04-16 11:14:00,21889,21892,21887,21889,144
2025-04-16 11:15:00,21887,21889,21887,21888,68
2025-04-16 11:16:00,21887,21887,21886,21886,200
2025-04-16 11:17:00,21885,21886,21885,21885,125
2025-04-16 11:18:00,21889,21889,21888,21889,185
2025-04-16 11:19:00,21888,21888,21887,21888,286
2025-04-16 11:20:00,21886,21886,21886,21886,149
2025-04-16 11:21:00,21883,21884,21883,21883,142
2025-04-16 11:22:00,21881,21882,21881,21881,257
2025-04-16 11:23:00,21874,21876,21874,21875,149
2025-04-16 11:24:00,21871,21872,21871,21871,89
2025-04-16 11:25:00,21872,21872,21868,21871,7
2025-04-16 11:26:00,21874,21875,21874,21874,209
2025-04-16 11:27:00,21871,21873,21870,21872,264
2025-04-16 11:28:00,21871,21872,21871,21871,243
2025-04-16 11:29:00,21874,21875,21874,21874,197
2025-04-16 11:30:00,21877,21877,21873,21875,79
2025-04-16 11:31:00,21878,21878,21878,21878,154
2025-04-16 11:32:00,21880,21880,21880,21880,72
2025-04-16 11:33:00,21884,21884,21884,21884,254
2025-04-16 11:34:00,21880,21882,21880,21881,89
2025-04-16 11:35:00,21882,21882,21882,21882,194
2025-04-16 11:36:00,21885,21885,21885,21885,151
2025-04-16 11:37:00,21888,21888,21887,21887,107
2025-04-16 11:38:00,21886,21886,21886,21886,170
2025-04-16 11:39:00,21886,21886,21886,21886,165
2025-04-16 11:40:00,21882,21882,21882,21882,30
2025-04-16 11:41:00,21881,21881,21881,21881,192
2025-04-16 11:42:00,21880,21881,21879,21879,157
2025-04-16 11:43:00,21883,21884,21882,21883,34
2025-04-16 11:44:00,21881,21881,21880,21880,110
2025-04-16 11:45:00,21883,21883,21882,21883,140
2025-04-16 11:46:00,21885,21885,21882,21884,267
2025-04-16 11:47:00,21886,21886,21884,21886,228
2025-04-16 11:48:00,21885,21887,21885,21886,54
2025-04-16 11:49:00,21886,21887,21885,21887,79
2025-04-16 11:50:00,21884,21884,21882,21883,198
2025-04-16 11:51:00,21880,21881,21880,21880,222
2025-04-16 11:52:00,21877,21877,21875,21877,207
2025-04-16 11:53:00,21881,21881,21880,21881,260
2025-04-16 11:54:00,21875,21876,21875,21876,91
2025-04-16 11:55:00,21876,21878,21873,21874,118
2025-04-16 11:56:00,21872,21872,21871,21872,214
2025-04-16 11:57:00,21870,21873,21869,21871,49
2025-04-16 11:58:00,21871,21871,21871,21871,146
2025-04-16 11:59:00,21868,21869,21867,21867,81
2025-04-16 12:00:00,21874,21875,21872,21875,262
2025-04-16 12:01:00,21874,21874,21873,21874,205
2025-04-16 12:02:00,21872,21872,21870,21871,316
2025-04-16 12:03:00,21872,21872,21870,21872,155
2025-04-16 12:04:00,21870,21870,21870,21870,213
2025-04-16 12:05:00,21873,21874,21870,21872,305
2025-04-16 12:06:00,21875,21875,21874,21874,237
2025-04-16 12:07:00,21872,21873,21872,21873,135
2025-04-16 12:08:00,21875,21875,21875,21875,218
2025-04-16 12:09:00,21871,21873,21871,21872,181
2025-04-16 12:10:00,21870,21871,21870,21871,247
2025-04-16 12:11:00,21871,21873,21867,21872,275
2025-04-16 12:12:00,21873,21875,21873,21874,204
2025-04-16 12:13:00,21880,21884,21880,21881,143
2025-04-16 12:14:00,21876,21877,21876,21876,262
2025-04-16 12:15:00,21875,21875,21874,21875,209
2025-04-16 12:16:00,21874,21874,21868,21873,22
2025-04-16 12:17:00,21874,21877,21874,21875,34
2025-04-16 12:18:00,21878,21878,21877,21877,216
2025-04-16 12:19:00,21873,21873,21872,21873,53
2025-04-16 12:20:00,21870,21871,21870,21870,178
2025-04-16 12:21:00,21871,21871,21870,21870,50
2025-04-16 12:22:00,21870,21870,21870,21870,386
2025-04-16 12:23:00,21867,21871,21862,21869,271
2025-04-16 12:24:00,21866,21866,21865,21866,307
2025-04-16 12:25:00,21871,21874,21870,21871,230
2025-04-16 12:26:00,21872,21872,21872,21872,9
2025-04-16 12:27:00,21871,21873,21871,21871,100
2025-04-16 12:28:00,21866,21872,21866,21868,106
2025-04-16 12:29:00,21861,21861,21861,21861,199
2025-04-16 12:30:00,21855,21861,21855,21858,112
2025-04-16 12:31:00,21857,21858,21857,21857,107
2025-04-16 12:32:00,21856,21856,21856,21856,131
2025-04-16 12:33:00,21857,21857,21857,21857,121
2025-04-16 12:34:00,21855,21855,21855,21855,60
2025-04-16 12:35:00,21858,21858,21856,21857,334
2025-04-16 12:36:00,21859,21861,21859,21860,134
2025-04-16 12:37:00,21857,21857,21857,21857,91
2025-04-16 12:38:00,21861,21862,21860,21861,76
2025-04-16 12:39:00,21864,21865,21863,21863,123
2025-04-16 12:40:00,21865,21866,21864,21864,180
2025-04-16 12:41:00,21863,21863,21862,21863,258
2025-04-16 12:42:00,21862,21862,21860,21862,138
2025-04-16 12:43:00,21859,21860,21859,21859,297
2025-04-16 12:44:00,21861,21861,21860,21860,192
2025-04-16 12:45:00,21860,21860,21858,21859,282
2025-04-16 12:46:00,21856,21856,21856,21856,287
2025-04-16 12:47:00,21851,21853,21851,21852,245
2025-04-16 12:48:00,21849,21850,21849,21850,5
2025-04-16 12:49:00,21849,21853,21849,21849,175
2025-04-16 12:50:00,21851,21851,21850,21851,239
2025-04-16 12:51:00,21854,21854,21853,21853,170
2025-04-16 12:52:00,21855,21855,21853,21854,269
2025-04-16 12:53:00,21850,21850,21848,21848,159
2025-04-16 12:54:00,21850,21850,21850,21850,185
2025-04-16 12:55:00,21850,21851,21850,21850,292
2025-04-16 12:56:00,21853,21854,21853,21854,57
2025-04-16 12:57:00,21852,21852,21851,21852,219
2025-04-16 12:58:00,21852,21852,21850,21852,73
2025-04-16 12:59:00,21855,21855,21854,21854,161
2025-04-16 13:00:00,21852,21852,21851,21851,141
2025-04-16 13:01:00,21850,21852,21849,21850,179
2025-04-16 13:02:00,21853,21853,21852,21853,26
2025-04-16 13:03:00,21850,21854,21843,21851,159
2025-04-16 13:04:00,21857,21858,21855,21857,96
2025-04-16 13:05:00,21856,21859,21854,21857,191
2025-04-16 13:06:00,21861,21861,21860,21861,31
2025-04-16 13:07:00,21863,21863,21863,21863,303
2025-04-16 13:08:00,21863,21864,21863,21863,323
2025-04-16 13:09:00,21866,21866,21862,21865,149
2025-04-16 13:10:00,21866,21866,21864,21865,92
2025-04-16 13:11:00,21867,21867,21866,21867,175
2025-04-16 13:12:00,21870,21870,21869,21870,162
2025-04-16 13:13:00,21867,21868,21864,21868,191
2025-04-16 13:14:00,21859,21860,21858,21859,143
2025-04-16 13:15:00,21864,21868,21863,21864,110
2025-04-16 13:16:00,21861,21861,21859,21860,154
2025-04-16 13:17:00,21857,21857,21856,21857,298
2025-04-16 13:18:00,21855,21855,21855,21855,341
2025-04-16 13:19:00,21862,21863,21860,21861,398
2025-04-16 13:20:00,21855,21856,21855,21855,317
2025-04-16 13:21:00,21855,21856,21855,21855,374
2025-04-16 13:22:00,21859,21861,21858,21859,91
2025-04-16 13:23:00,21862,21863,21862,21862,158
2025-04-16 13:24:00,21864,21866,21864,21865,337
2025-04-16 13:25:00,21869,21874,21865,21868,433
2025-04-16 13:26:00,21867,21869,21866,21867,455
2025-04-16 13:27:00,21868,21876,21862,21869,1
2025-04-16 13:28:00,21857,21858,21852,21857,343
2025-04-16 13:29:00,21858,21860,21851,21857,553
2025-04-16 13:30:00,21864,21868,21855,21864,527
2025-04-16 13:31:00,21865,21871,21859,21868,1
2025-04-16 13:32:00,21865,21865,21864,21865,106
2025-04-16 13:33:00,21869,21869,21865,21867,1
2025-04-16 13:34:00,21863,21874,21849,21864,274
2025-04-16 13:35:00,21867,21869,21866,21869,241
2025-04-16 13:36:00,21876,21880,21876,21877,208
2025-04-16 13:37:00,21874,21876,21873,21874,394
2025-04-16 13:38:00,21869,21869,21869,21869,337
2025-04-16 13:39:00,21868,21871,21865,21866,138
2025-04-16 13:40:00,21869,21871,21869,21870,609
2025-04-16 13:41:00,21869,21869,21865,21867,440
2025-04-16 13:42:00,21870,21871,21864,21870,219
2025-04-16 13:43:00,21870,21870,21868,21869,182
2025-04-16 13:44:00,21868,21871,21866,21869,362
2025-04-17 08:45:00,21843,21844,21840,21843,191
2025-04-17 08:46:00,21844,21844,21842,21844,185
2025-04-17 08:47:00,21852,21854,21852,21853,208
2025-04-17 08:48:00,21847,21849,21847,21848,511
2025-04-17 08:49:00,21846,21846,21844,21845,248
2025-04-17 08:50:00,21844,21846,21843,21844,587
2025-04-17 08:51:00,21848,21849,21847,21848,707
2025-04-17 08:52:00,21850,21851,21850,21850,357
2025-04-17 08:53:00,21849,21850,21847,21848,295
2025-04-17 08:54:00,21843,21845,21843,21844,545
2025-04-17 08:55:00,21846,21846,21844,21845,542
2025-04-17 08:56:00,21840,21840,21840,21840,333
2025-04-17 08:57:00,21829,21829,21829,21829,367
2025-04-17 08:58:00,21828,21830,21826,21829,272
2025-04-17 08:59:00,21828,21828,21819,21825,242
2025-04-17 09:00:00,21816,21818,21815,21816,183
2025-04-17 09:01:00,21814,21815,21814,21815,274
2025-04-17 09:02:00,21814,21815,21814,21814,324
2025-04-17 09:03:00,21818,21822,21818,21819,452
2025-04-17 09:04:00,21817,21817,21817,21817,63
2025-04-17 09:05:00,21823,21823,21815,21821,179
2025-04-17 09:06:00,21814,21815,21813,21813,311
2025-04-17 09:07:00,21815,21816,21814,21816,124
2025-04-17 09:08:00,21812,21812,21812,21812,234
2025-04-17 09:09:00,21809,21811,21808,21810,73
2025-04-17 09:10:00,21813,21813,21813,21813,312
2025-04-17 09:11:00,21808,21808,21808,21808,166
2025-04-17 09:12:00,21808,21809,21808,21808,60
2025-04-17 09:13:00,21800,21801,21800,21800,135
2025-04-17 09:14:00,21796,21797,21793,21797,203
2025-04-17 09:15:00,21792,21793,21790,21793,329
2025-04-17 09:16:00,21791,21792,21790,21791,152
2025-04-17 09:17:00,21787,21787,21787,21787,206
2025-04-17 09:18:00,21787,21787,21782,21784,120
2025-04-17 09:19:00,21781,21782,21777,21782,157
2025-04-17 09:20:00,21781,21784,21781,21782,86
2025-04-17 09:21:00,21785,21785,21785,21785,155
2025-04-17 09:22:00,21781,21784,21780,21781,163
2025-04-17 09:23:00,21776,21776,21775,21776,154
2025-04-17 09:24:00,21777,21778,21776,21777,300
2025-04-17 09:25:00,21778,21778,21777,21778,255
2025-04-17 09:26:00,21774,21775,21773,21774,126
2025-04-17 09:27:00,21772,21772,21771,21771,81
2025-04-17 09:28:00,21773,21773,21773,21773,181
2025-04-17 09:29:00,21773,21774,21773,21773,194
2025-04-17 09:30:00,21772,21773,21771,21772,227
2025-04-17 09:31:00,21770,21770,21770,21770,57
2025-04-17 09:32:00,21774,21775,21772,21774,246
2025-04-17 09:33:00,21775,21775,21774,21775,101
2025-04-17 09:34:00,21775,21776,21773,21775,174
2025-04-17 09:35:00,21773,21773,21772,21773,38
2025-04-17 09:36:00,21773,21774,21770,21772,77
2025-04-17 09:37:00,21767,21767,21765,21767,131
2025-04-17 09:38:00,21765,21766,21765,21766,390
2025-04-17 09:39:00,21759,21768,21754,21760,94
2025-04-17 09:40:00,21762,21763,21762,21762,153
2025-04-17 09:41:00,21762,21763,21762,21762,232
2025-04-17 09:42:00,21769,21769,21768,21768,203
2025-04-17 09:43:00,21767,21767,21767,21767,238
2025-04-17 09:44:00,21765,21766,21765,21765,102
2025-04-17 09:45:00,21762,21762,21761,21762,160
2025-04-17 09:46:00,21757,21757,21757,21757,371
2025-04-17 09:47:00,21757,21757,21754,21754,200
2025-04-17 09:48:00,21749,21750,21749,21750,166
2025-04-17 09:49:00,21750,21752,21750,21750,256
2025-04-17 09:50:00,21755,21755,21754,21755,109
2025-04-17 09:51:00,21751,21751,21750,21751,122
2025-04-17 09:52:00,21756,21756,21756,21756,95
2025-04-17 09:53:00,21759,21759,21758,21759,78
2025-04-17 09:54:00,21759,21763,21759,21761,126
2025-04-17 09:55:00,21761,21761,21760,21761,44
2025-04-17 09:56:00,21768,21770,21768,21769,144
2025-04-17 09:57:00,21769,21769,21768,21769,12
2025-04-17 09:58:00,21771,21771,21770,21770,116
2025-04-17 09:59:00,21771,21771,21770,21770,126
2025-04-17 10:00:00,21772,21773,21770,21772,232
2025-04-17 10:01:00,21773,21776,21772,21774,193
2025-04-17 10:02:00,21773,21774,21773,21773,106
2025-04-17 10:03:00,21777,21777,21777,21777,270
2025-04-17 10:04:00,21778,21778,21778,21778,99
2025-04-17 10:05:00,21783,21783,21780,21783,373
2025-04-17 10:06:00,21778,21781,21778,21778,178
2025-04-17 10:07:00,21774,21774,21771,21773,85
2025-04-17 10:08:00,21774,21775,21773,21774,163
2025-04-17 10:09:00,21772,21773,21772,21772,112
2025-04-17 10:10:00,21772,21773,21771,21772,82
2025-04-17 10:11:00,21772,21772,21772,21772,107
2025-04-17 10:12:00,21770,21772,21766,21771,125
2025-04-17 10:13:00,21770,21770,21769,21769,176
2025-04-17 10:14:00,21768,21768,21766,21766,292
2025-04-17 10:15:00,21770,21774,21769,21769,47
2025-04-17 10:16:00,21776,21778,21774,21774,134
2025-04-17 10:17:00,21771,21773,21769,21771,47
2025-04-17 10:18:00,21770,21770,21769,21770,225
2025-04-17 10:19:00,21770,21770,21769,21770,95
2025-04-17 10:20:00,21775,21777,21774,21775,58
2025-04-17 10:21:00,21775,21776,21775,21775,223
2025-04-17 10:22:00,21778,21778,21777,21778,143
2025-04-17 10:23:00,21778,21779,21777,21778,26
2025-04-17 10:24:00,21782,21783,21782,21782,162
2025-04-17 10:25:00,21783,21783,21782,21782,92
2025-04-17 10:26:00,21784,21784,21783,21783,155
2025-04-17 10:27:00,21784,21784,21784,21784,232
2025-04-17 10:28:00,21785,21785,21785,21785,108
2025-04-17 10:29:00,21785,21785,21783,21784,179
2025-04-17 10:30:00,21783,21784,21782,21783,97
2025-04-17 10:31:00,21780,21782,21778,21781,176
2025-04-17 10:32:00,21780,21781,21779,21780,208
2025-04-17 10:33:00,21777,21778,21777,21777,140
2025-04-17 10:34:00,21773,21774,21773,21773,108
2025-04-17 10:35:00,21775,21777,21774,21775,205
2025-04-17 10:36:00,21779,21783,21778,21779,279
2025-04-17 10:37:00,21784,21784,21784,21784,103
2025-04-17 10:38:00,21785,21785,21785,21785,245
2025-04-17 10:39:00,21788,21789,21786,21788,199
2025-04-17 10:40:00,21786,21789,21785,21786,200
2025-04-17 10:41:00,21783,21784,21783,21783,198
2025-04-17 10:42:00,21786,21786,21785,21786,349
2025-04-17 10:43:00,21787,21788,21787,21788,236
2025-04-17 10:44:00,21787,21787,21787,21787,114
2025-04-17 10:45:00,21792,21792,21790,21791,112
2025-04-17 10:46:00,21793,21795,21792,21793,165
2025-04-17 10:47:00,21792,21795,21789,21791,80
2025-04-17 10:48:00,21795,21795,21794,21794,17
2025-04-17 10:49:00,21794,21794,21794,21794,133
2025-04-17 10:50:00,21797,21798,21796,21797,55
2025-04-17 10:51:00,21791,21791,21791,21791,150
2025-04-17 10:52:00,21789,21789,21789,21789,244
2025-04-17 10:53:00,21787,21787,21786,21787,172
2025-04-17 10:54:00,21786,21787,21785,21786,210
2025-04-17 10:55:00,21788,21789,21788,21788,142
2025-04-17 10:56:00,21792,21792,21790,21792,256
2025-04-17 10:57:00,21791,21791,21790,21791,134
2025-04-17 10:58:00,21795,21795,21794,21795,198
2025-04-17 10:59:00,21789,21789,21788,21789,199
2025-04-17 11:00:00,21786,21787,21785,21786,243
2025-04-17 11:01:00,21784,21791,21784,21784,105
2025-04-17 11:02:00,21784,21788,21783,21784,183
2025-04-17 11:03:00,21781,21782,21781,21782,32
2025-04-17 11:04:00,21778,21778,21778,21778,274
2025-04-17 11:05:00,21778,21778,21778,21778,290
2025-04-17 11:06:00,21779,21779,21778,21779,114
2025-04-17 11:07:00,21784,21785,21783,21783,160
2025-04-17 11:08:00,21785,21785,21784,21784,168
2025-04-17 11:09:00,21784,21784,21784,21784,115
2025-04-17 11:10:00,21788,21788,21785,21786,125
2025-04-17 11:11:00,21780,21781,21780,21780,232
2025-04-17 11:12:00,21783,21784,21782,21783,274
2025-04-17 11:13:00,21783,21784,21781,21783,113
2025-04-17 11:14:00,21784,21784,21784,21784,60
2025-04-17 11:15:00,21784,21784,21783,21784,204
2025-04-17 11:16:00,21780,21781,21779,21780,142
2025-04-17 11:17:00,21783,21785,21783,21783,210
2025-04-17 11:18:00,21780,21781,21780,21780,175
2025-04-17 11:19:00,21779,21779,21778,21779,200
2025-04-17 11:20:00,21781,21783,21779,21780,43
2025-04-17 11:21:00,21785,21785,21785,21785,72
2025-04-17 11:22:00,21786,21786,21786,21786,190
2025-04-17 11:23:00,21786,21787,21786,21786,256
2025-04-17 11:24:00,21786,21787,21785,21786,74
2025-04-17 11:25:00,21783,21786,21783,21784,177
2025-04-17 11:26:00,21787,21790,21784,21786,290
2025-04-17 11:27:00,21789,21793,21789,21791,236
2025-04-17 11:28:00,21793,21794,21793,21793,81
2025-04-17 11:29:00,21793,21793,21792,21793,210
2025-04-17 11:30:00,21792,21793,21792,21793,190
2025-04-17 11:31:00,21790,21791,21790,21791,261
2025-04-17 11:32:00,21788,21789,21788,21788,198
2025-04-17 11:33:00,21788,21788,21785,21786,31
2025-04-17 11:34:00,21786,21787,21786,21786,207
2025-04-17 11:35:00,21785,21786,21779,21785,73
2025-04-17 11:36:00,21784,21785,21784,21784,109
2025-04-17 11:37:00,21785,21785,21784,21785,174
2025-04-17 11:38:00,21784,21784,21784,21784,86
2025-04-17 11:39:00,21785,21785,21785,21785,105
2025-04-17 11:40:00,21781,21783,21781,21782,160
2025-04-17 11:41:00,21779,21779,21777,21778,166
2025-04-17 11:42:00,21779,21779,21777,21778,85
2025-04-17 11:43:00,21782,21782,21779,21781,102
2025-04-17 11:44:00,21780,21781,21780,21780,144
2025-04-17 11:45:00,21783,21783,21783,21783,225
2025-04-17 11:46:00,21777,21778,21776,21777,51
2025-04-17 11:47:00,21784,21785,21784,21784,52
2025-04-17 11:48:00,21792,21792,21792,21792,154
2025-04-17 11:49:00,21797,21797,21796,21796,251
2025-04-17 11:50:00,21798,21801,21797,21798,171
2025-04-17 11:51:00,21799,21800,21798,21798,185
2025-04-17 11:52:00,21798,21798,21797,21798,255
2025-04-17 11:53:00,21803,21803,21802,21803,267
2025-04-17 11:54:00,21798,21799,21795,21799,200
2025-04-17 11:55:00,21801,21802,21799,21801,123
2025-04-17 11:56:00,21800,21802,21800,21800,121
2025-04-17 11:57:00,21800,21801,21800,21801,182
2025-04-17 11:58:00,21806,21806,21805,21805,178
2025-04-17 11:59:00,21803,21803,21803,21803,57
2025-04-17 12:00:00,21804,21807,21803,21804,96
2025-04-17 12:01:00,21802,21803,21801,21802,123
2025-04-17 12:02:00,21800,21800,21799,21799,171
2025-04-17 12:03:00,21795,21796,21794,21794,240
2025-04-17 12:04:00,21792,21792,21792,21792,174
2025-04-17 12:05:00,21788,21788,21787,21788,332
2025-04-17 12:06:00,21791,21792,21788,21789,118
2025-04-17 12:07:00,21791,21792,21790,21791,276
2025-04-17 12:08:00,21786,21786,21784,21785,217
2025-04-17 12:09:00,21785,21786,21784,21786,92
2025-04-17 12:10:00,21788,21792,21785,21787,133
2025-04-17 12:11:00,21786,21787,21786,21787,313
2025-04-17 12:12:00,21787,21788,21785,21787,110
2025-04-17 12:13:00,21788,21789,21786,21788,118
2025-04-17 12:14:00,21790,21790,21788,21790,307
2025-04-17 12:15:00,21790,21791,21790,21790,358
2025-04-17 12:16:00,21793,21794,21793,21793,453
2025-04-17 12:17:00,21788,21789,21787,21789,77
2025-04-17 12:18:00,21786,21789,21783,21785,142
2025-04-17 12:19:00,21787,21787,21787,21787,154
2025-04-17 12:20:00,21791,21793,21791,21792,195
2025-04-17 12:21:00,21796,21800,21791,21795,297
2025-04-17 12:22:00,21795,21795,21795,21795,207
2025-04-17 12:23:00,21791,21791,21790,21791,132
2025-04-17 12:24:00,21790,21792,21789,21790,223
2025-04-17 12:25:00,21791,21791,21791,21791,215
2025-04-17 12:26:00,21788,21791,21784,21787,131
2025-04-17 12:27:00,21783,21784,21782,21783,152
2025-04-17 12:28:00,21781,21785,21781,21783,101
2025-04-17 12:29:00,21784,21785,21783,21784,108
2025-04-17 12:30:00,21784,21784,21784,21784,133
2025-04-17 12:31:00,21777,21778,21777,21777,176
2025-04-17 12:32:00,21781,21781,21779,21780,223
2025-04-17 12:33:00,21779,21782,21778,21780,205
2025-04-17 12:34:00,21778,21779,21777,21778,170
2025-04-17 12:35:00,21780,21783,21779,21783,269
2025-04-17 12:36:00,21783,21784,21782,21782,137
2025-04-17 12:37:00,21782,21783,21779,21782,104
2025-04-17 12:38:00,21789,21791,21787,21788,236
2025-04-17 12:39:00,21787,21787,21787,21787,147
2025-04-17 12:40:00,21787,21787,21784,21785,88
2025-04-17 12:41:00,21780,21785,21780,21781,197
2025-04-17 12:42:00,21776,21776,21775,21776,201
2025-04-17 12:43:00,21779,21779,21775,21777,38
2025-04-17 12:44:00,21776,21776,21772,21772,277
2025-04-17 12:45:00,21776,21776,21775,21776,130
2025-04-17 12:46:00,21767,21769,21767,21768,211
2025-04-17 12:47:00,21769,21769,21766,21768,169
2025-04-17 12:48:00,21769,21770,21769,21769,188
2025-04-17 12:49:00,21770,21770,21770,21770,247
2025-04-17 12:50:00,21765,21768,21765,21766,175
2025-04-17 12:51:00,21760,21760,21760,21760,274
2025-04-17 12:52:00,21753,21755,21752,21753,421
2025-04-17 12:53:00,21747,21748,21747,21747,247
2025-04-17 12:54:00,21745,21746,21744,21745,275
2025-04-17 12:55:00,21749,21749,21749,21749,196
2025-04-17 12:56:00,21742,21742,21742,21742,416
2025-04-17 12:57:00,21741,21744,21741,21743,204
2025-04-17 12:58:00,21734,21734,21734,21734,106
2025-04-17 12:59:00,21734,21738,21734,21736,53
2025-04-17 13:00:00,21734,21734,21732,21733,303
2025-04-17 13:01:00,21740,21740,21739,21739,221
2025-04-17 13:02:00,21734,21734,21734,21734,193
2025-04-17 13:03:00,21733,21734,21733,21733,115
2025-04-17 13:04:00,21734,21734,21732,21733,37
2025-04-17 13:05:00,21733,21737,21732,21732,219
2025-04-17 13:06:00,21734,21736,21734,21735,39
2025-04-17 13:07:00,21732,21732,21731,21732,222
2025-04-17 13:08:00,21737,21739,21736,21737,155
2025-04-17 13:09:00,21741,21741,21739,21739,211
2025-04-17 13:10:00,21744,21745,21744,21744,259
2025-04-17 13:11:00,21745,21746,21744,21745,223
2025-04-17 13:12:00,21745,21749,21744,21747,143
2025-04-17 13:13:00,21744,21744,21744,21744,103
2025-04-17 13:14:00,21747,21748,21746,21747,193
2025-04-17 13:15:00,21750,21752,21750,21751,157
2025-04-17 13:16:00,21753,21753,21752,21752,185
2025-04-17 13:17:00,21756,21757,21749,21756,267
2025-04-17 13:18:00,21755,21757,21755,21756,322
2025-04-17 13:19:00,21750,21750,21750,21750,257
2025-04-17 13:20:00,21751,21753,21749,21751,214
2025-04-17 13:21:00,21744,21745,21744,21745,174
2025-04-17 13:22:00,21744,21745,21741,21742,227
2025-04-17 13:23:00,21751,21751,21748,21748,153
2025-04-17 13:24:00,21753,21754,21752,21754,285
2025-04-17 13:25:00,21757,21758,21755,21758,122
2025-04-17 13:26:00,21751,21755,21750,21754,411
2025-04-17 13:27:00,21751,21751,21745,21750,311
2025-04-17 13:28:00,21763,21763,21763,21763,616
2025-04-17 13:29:00,21765,21765,21765,21765,3
2025-04-17 13:30:00,21770,21771,21770,21771,167
2025-04-17 13:31:00,21778,21781,21778,21778,173
2025-04-17 13:32:00,21780,21780,21778,21779,178
2025-04-17 13:33:00,21781,21784,21778,21781,20
2025-04-17 13:34:00,21781,21781,21778,21779,565
2025-04-17 13:35:00,21785,21785,21783,21784,286
2025-04-17 13:36:00,21788,21794,21788,21791,401
2025-04-17 13:37:00,21791,21792,21791,21791,340
2025-04-17 13:38:00,21787,21787,21786,21787,274
2025-04-17 13:39:00,21786,21790,21783,21786,534
2025-04-17 13:40:00,21781,21782,21776,21780,487
2025-04-17 13:41:00,21779,21784,21779,21782,369
2025-04-17 13:42:00,21789,21790,21789,21790,410
2025-04-17 13:43:00,21796,21801,21788,21793,1
2025-04-17 13:44:00,21795,21795,21794,21795,297
2025-04-18 08:45:00,21843,21845,21842,21843,371
2025-04-18 08:46:00,21841,21846,21838,21841,286
2025-04-18 08:47:00,21840,21840,21838,21839,519
2025-04-18 08:48:00,21844,21844,21842,21842,551
2025-04-18 08:49:00,21837,21838,21837,21838,417
2025-04-18 08:50:00,21838,21840,21837,21839,226
2025-04-18 08:51:00,21837,21840,21837,21837,215
2025-04-18 08:52:00,21844,21845,21844,21844,206
2025-04-18 08:53:00,21841,21841,21841,21841,311
2025-04-18 08:54:00,21838,21839,21838,21839,431
2025-04-18 08:55:00,21831,21834,21829,21832,254
2025-04-18 08:56:00,21832,21833,21831,21832,684
2025-04-18 08:57:00,21834,21834,21834,21834,22
2025-04-18 08:58:00,21836,21838,21832,21835,339
2025-04-18 08:59:00,21838,21839,21837,21839,354
2025-04-18 09:00:00,21836,21839,21833,21838,212
2025-04-18 09:01:00,21842,21842,21840,21840,128
2025-04-18 09:02:00,21841,21841,21841,21841,171
2025-04-18 09:03:00,21835,21837,21831,21833,239
2025-04-18 09:04:00,21839,21839,21838,21838,294
2025-04-18 09:05:00,21844,21851,21840,21845,4
2025-04-18 09:06:00,21844,21849,21844,21846,461
2025-04-18 09:07:00,21841,21842,21840,21841,385
2025-04-18 09:08:00,21843,21844,21841,21842,357
2025-04-18 09:09:00,21834,21835,21833,21834,192
2025-04-18 09:10:00,21834,21842,21834,21836,1
2025-04-18 09:11:00,21838,21838,21838,21838,304
2025-04-18 09:12:00,21836,21836,21836,21836,139
2025-04-18 09:13:00,21831,21833,21831,21832,62
2025-04-18 09:14:00,21829,21830,21828,21829,296
2025-04-18 09:15:00,21829,21829,21829,21829,153
2025-04-18 09:16:00,21831,21831,21829,21831,162
2025-04-18 09:17:00,21827,21827,21824,21826,43
2025-04-18 09:18:00,21825,21825,21825,21825,29
2025-04-18 09:19:00,21831,21831,21831,21831,133
2025-04-18 09:20:00,21837,21837,21837,21837,143
2025-04-18 09:21:00,21839,21840,21838,21839,174
2025-04-18 09:22:00,21842,21842,21840,21841,91
2025-04-18 09:23:00,21838,21838,21837,21837,219
2025-04-18 09:24:00,21837,21838,21837,21837,109
2025-04-18 09:25:00,21836,21837,21835,21836,210
2025-04-18 09:26:00,21832,21834,21831,21833,57
2025-04-18 09:27:00,21835,21835,21835,21835,99
2025-04-18 09:28:00,21835,21835,21834,21834,8
2025-04-18 09:29:00,21835,21836,21833,21836,134
2025-04-18 09:30:00,21836,21836,21836,21836,171
2025-04-18 09:31:00,21840,21840,21838,21840,70
2025-04-18 09:32:00,21840,21840,21836,21840,176
2025-04-18 09:33:00,21840,21840,21840,21840,1
2025-04-18 09:34:00,21840,21846,21840,21844,61
2025-04-18 09:35:00,21840,21840,21838,21839,263
2025-04-18 09:36:00,21839,21843,21837,21838,230
2025-04-18 09:37:00,21835,21840,21835,21837,186
2025-04-18 09:38:00,21832,21832,21832,21832,131
2025-04-18 09:39:00,21837,21837,21836,21836,154
2025-04-18 09:40:00,21839,21839,21836,21838,91
2025-04-18 09:41:00,21838,21839,21836,21836,262
2025-04-18 09:42:00,21839,21840,21839,21839,104
2025-04-18 09:43:00,21838,21839,21838,21838,123
2025-04-18 09:44:00,21840,21840,21839,21840,206
2025-04-18 09:45:00,21843,21843,21842,21842,195
2025-04-18 09:46:00,21838,21839,21838,21838,146
2025-04-18 09:47:00,21840,21840,21838,21839,277
2025-04-18 09:48:00,21844,21845,21843,21844,195
2025-04-18 09:49:00,21841,21842,21839,21841,145
2025-04-18 09:50:00,21842,21843,21841,21841,83
2025-04-18 09:51:00,21844,21845,21844,21845,102
2025-04-18 09:52:00,21848,21848,21847,21848,164
2025-04-18 09:53:00,21844,21845,21841,21844,58
2025-04-18 09:54:00,21844,21844,21844,21844,30
2025-04-18 09:55:00,21850,21850,21848,21850,272
2025-04-18 09:56:00,21852,21855,21849,21851,134
2025-04-18 09:57:00,21848,21849,21848,21849,289
2025-04-18 09:58:00,21852,21852,21851,21852,88
2025-04-18 09:59:00,21851,21854,21850,21852,217
2025-04-18 10:00:00,21848,21849,21843,21848,364
2025-04-18 10:01:00,21848,21848,21848,21848,176
2025-04-18 10:02:00,21847,21847,21846,21847,129
2025-04-18 10:03:00,21846,21851,21841,21847,386
2025-04-18 10:04:00,21851,21853,21850,21850,253
2025-04-18 10:05:00,21852,21852,21851,21852,240
2025-04-18 10:06:00,21854,21854,21853,21853,67
2025-04-18 10:07:00,21858,21859,21858,21858,317
2025-04-18 10:08:00,21858,21858,21858,21858,1
2025-04-18 10:09:00,21856,21856,21856,21856,157
2025-04-18 10:10:00,21856,21856,21855,21856,124
2025-04-18 10:11:00,21861,21861,21861,21861,155
2025-04-18 10:12:00,21860,21862,21860,21860,291
2025-04-18 10:13:00,21855,21859,21855,21856,96
2025-04-18 10:14:00,21857,21859,21857,21858,167
2025-04-18 10:15:00,21858,21858,21857,21858,156
2025-04-18 10:16:00,21855,21856,21854,21855,74
2025-04-18 10:17:00,21850,21851,21850,21850,146
2025-04-18 10:18:00,21851,21851,21850,21851,1
2025-04-18 10:19:00,21849,21849,21848,21848,85
2025-04-18 10:20:00,21852,21852,21847,21850,136
2025-04-18 10:21:00,21849,21849,21849,21849,159
2025-04-18 10:22:00,21849,21850,21849,21849,192
2025-04-18 10:23:00,21845,21845,21845,21845,257
2025-04-18 10:24:00,21848,21849,21848,21849,68
2025-04-18 10:25:00,21849,21851,21849,21850,251
2025-04-18 10:26:00,21842,21844,21842,21843,171
2025-04-18 10:27:00,21845,21846,21844,21844,221
2025-04-18 10:28:00,21841,21843,21841,21842,154
2025-04-18 10:29:00,21844,21845,21843,21843,171
2025-04-18 10:30:00,21847,21847,21845,21846,111
2025-04-18 10:31:00,21847,21847,21846,21847,55
2025-04-18 10:32:00,21846,21849,21846,21848,150
2025-04-18 10:33:00,21847,21850,21846,21848,57
2025-04-18 10:34:00,21846,21849,21846,21847,230
2025-04-18 10:35:00,21847,21847,21846,21847,322
2025-04-18 10:36:00,21848,21848,21848,21848,129
2025-04-18 10:37:00,21846,21848,21845,21845,300
2025-04-18 10:38:00,21844,21846,21844,21844,84
2025-04-18 10:39:00,21842,21842,21842,21842,295
2025-04-18 10:40:00,21840,21840,21839,21839,156
2025-04-18 10:41:00,21842,21842,21840,21842,163
2025-04-18 10:42:00,21842,21842,21842,21842,277
2025-04-18 10:43:00,21844,21845,21844,21844,168
2025-04-18 10:44:00,21847,21847,21847,21847,240
2025-04-18 10:45:00,21845,21847,21844,21846,337
2025-04-18 10:46:00,21840,21840,21840,21840,156
2025-04-18 10:47:00,21840,21841,21839,21839,151
2025-04-18 10:48:00,21843,21847,21842,21844,268
2025-04-18 10:49:00,21840,21840,21840,21840,210
2025-04-18 10:50:00,21840,21841,21840,21840,122
2025-04-18 10:51:00,21842,21842,21837,21841,94
2025-04-18 10:52:00,21842,21843,21841,21842,170
2025-04-18 10:53:00,21840,21840,21839,21839,127
2025-04-18 10:54:00,21834,21836,21834,21835,221
2025-04-18 10:55:00,21837,21837,21836,21837,187
2025-04-18 10:56:00,21836,21836,21836,21836,85
2025-04-18 10:57:00,21838,21838,21837,21838,88
2025-04-18 10:58:00,21836,21837,21834,21836,199
2025-04-18 10:59:00,21839,21839,21838,21839,140
2025-04-18 11:00:00,21837,21838,21835,21837,142
2025-04-18 11:01:00,21839,21840,21838,21839,175
2025-04-18 11:02:00,21839,21839,21838,21838,78
2025-04-18 11:03:00,21839,21840,21839,21839,1
2025-04-18 11:04:00,21839,21840,21839,21839,147
2025-04-18 11:05:00,21837,21837,21836,21837,114
2025-04-18 11:06:00,21837,21838,21836,21837,56
2025-04-18 11:07:00,21839,21839,21837,21838,123
2025-04-18 11:08:00,21839,21840,21839,21839,104
2025-04-18 11:09:00,21839,21839,21839,21839,51
2025-04-18 11:10:00,21837,21837,21837,21837,135
2025-04-18 11:11:00,21836,21836,21836,21836,148
2025-04-18 11:12:00,21840,21840,21834,21838,224
2025-04-18 11:13:00,21838,21839,21838,21839,104
2025-04-18 11:14:00,21840,21840,21840,21840,227
2025-04-18 11:15:00,21838,21838,21838,21838,230
2025-04-18 11:16:00,21843,21843,21841,21843,153
2025-04-18 11:17:00,21844,21844,21843,21843,170
2025-04-18 11:18:00,21844,21846,21844,21845,243
2025-04-18 11:19:00,21847,21847,21846,21847,75
2025-04-18 11:20:00,21851,21851,21847,21851,97
2025-04-18 11:21:00,21852,21852,21848,21852,145
2025-04-18 11:22:00,21851,21851,21849,21850,265
2025-04-18 11:23:00,21855,21855,21852,21854,340
2025-04-18 11:24:00,21855,21856,21854,21855,105
2025-04-18 11:25:00,21855,21855,21855,21855,105
2025-04-18 11:26:00,21851,21851,21851,21851,200
2025-04-18 11:27:00,21853,21854,21852,21853,134
2025-04-18 11:28:00,21852,21852,21851,21851,119
2025-04-18 11:29:00,21851,21852,21850,21851,146
2025-04-18 11:30:00,21849,21849,21847,21849,1
2025-04-18 11:31:00,21848,21850,21848,21850,184
2025-04-18 11:32:00,21851,21852,21851,21851,85
2025-04-18 11:33:00,21858,21860,21857,21857,181
2025-04-18 11:34:00,21854,21858,21853,21855,84
2025-04-18 11:35:00,21854,21854,21854,21854,11
2025-04-18 11:36:00,21857,21857,21857,21857,155
2025-04-18 11:37:00,21856,21857,21856,21857,68
2025-04-18 11:38:00,21851,21854,21851,21851,157
2025-04-18 11:39:00,21852,21853,21852,21852,156
2025-04-18 11:40:00,21851,21852,21851,21851,48
2025-04-18 11:41:00,21851,21852,21850,21852,31
2025-04-18 11:42:00,21856,21857,21856,21856,133
2025-04-18 11:43:00,21855,21856,21855,21856,190
2025-04-18 11:44:00,21859,21859,21859,21859,154
2025-04-18 11:45:00,21857,21858,21857,21857,251
2025-04-18 11:46:00,21859,21860,21855,21858,104
2025-04-18 11:47:00,21864,21866,21860,21863,137
2025-04-18 11:48:00,21863,21864,21861,21862,137
2025-04-18 11:49:00,21857,21860,21856,21857,152
2025-04-18 11:50:00,21856,21856,21856,21856,277
2025-04-18 11:51:00,21851,21852,21850,21851,128
2025-04-18 11:52:00,21847,21848,21846,21847,62
2025-04-18 11:53:00,21844,21845,21844,21845,192
2025-04-18 11:54:00,21839,21839,21839,21839,98
2025-04-18 11:55:00,21834,21838,21833,21837,52
2025-04-18 11:56:00,21841,21843,21841,21842,202
2025-04-18 11:57:00,21842,21846,21841,21842,140
2025-04-18 11:58:00,21841,21841,21841,21841,186
2025-04-18 11:59:00,21844,21845,21843,21844,243
2025-04-18 12:00:00,21842,21843,21841,21841,175
2025-04-18 12:01:00,21843,21843,21843,21843,82
2025-04-18 12:02:00,21845,21845,21844,21844,233
2025-04-18 12:03:00,21843,21843,21842,21843,295
2025-04-18 12:04:00,21845,21847,21843,21844,335
2025-04-18 12:05:00,21844,21844,21844,21844,211
2025-04-18 12:06:00,21841,21846,21839,21842,176
2025-04-18 12:07:00,21842,21842,21842,21842,214
2025-04-18 12:08:00,21842,21843,21842,21842,187
2025-04-18 12:09:00,21839,21840,21835,21839,213
2025-04-18 12:10:00,21839,21839,21838,21839,352
2025-04-18 12:11:00,21834,21834,21832,21834,288
2025-04-18 12:12:00,21832,21836,21832,21833,292
2025-04-18 12:13:00,21832,21832,21831,21832,4
2025-04-18 12:14:00,21834,21834,21834,21834,134
2025-04-18 12:15:00,21833,21833,21832,21832,83
2025-04-18 12:16:00,21834,21835,21833,21834,355
2025-04-18 12:17:00,21836,21836,21833,21835,207
2025-04-18 12:18:00,21834,21834,21834,21834,216
2025-04-18 12:19:00,21836,21839,21835,21836,347
2025-04-18 12:20:00,21837,21837,21837,21837,183
2025-04-18 12:21:00,21835,21836,21834,21835,99
2025-04-18 12:22:00,21832,21832,21832,21832,153
2025-04-18 12:23:00,21831,21831,21830,21830,159
2025-04-18 12:24:00,21830,21832,21828,21830,142
2025-04-18 12:25:00,21828,21836,21828,21830,208
2025-04-18 12:26:00,21830,21831,21828,21830,144
2025-04-18 12:27:00,21829,21830,21829,21829,266
2025-04-18 12:28:00,21832,21832,21829,21831,150
2025-04-18 12:29:00,21831,21832,21826,21829,117
2025-04-18 12:30:00,21833,21835,21831,21833,144
2025-04-18 12:31:00,21832,21833,21832,21832,221
2025-04-18 12:32:00,21828,21830,21828,21828,189
2025-04-18 12:33:00,21834,21835,21832,21833,456
2025-04-18 12:34:00,21830,21831,21829,21831,152
2025-04-18 12:35:00,21828,21832,21828,21830,130
2025-04-18 12:36:00,21828,21829,21826,21828,287
2025-04-18 12:37:00,21829,21829,21829,21829,321
2025-04-18 12:38:00,21832,21832,21828,21830,245
2025-04-18 12:39:00,21829,21829,21827,21829,164
2025-04-18 12:40:00,21829,21829,21829,21829,179
2025-04-18 12:41:00,21821,21822,21819,21821,229
2025-04-18 12:42:00,21827,21827,21827,21827,74
2025-04-18 12:43:00,21827,21827,21825,21827,173
2025-04-18 12:44:00,21827,21828,21827,21828,313
2025-04-18 12:45:00,21827,21828,21827,21827,274
2025-04-18 12:46:00,21828,21829,21828,21829,283
2025-04-18 12:47:00,21823,21825,21822,21823,49
2025-04-18 12:48:00,21826,21831,21825,21826,100
2025-04-18 12:49:00,21822,21822,21822,21822,29
2025-04-18 12:50:00,21819,21819,21819,21819,48
2025-04-18 12:51:00,21815,21817,21815,21815,234
2025-04-18 12:52:00,21815,21815,21814,21815,325
2025-04-18 12:53:00,21813,21813,21812,21813,166
2025-04-18 12:54:00,21811,21812,21811,21811,199
2025-04-18 12:55:00,21818,21818,21810,21815,145
2025-04-18 12:56:00,21812,21813,21811,21811,202
2025-04-18 12:57:00,21810,21815,21807,21809,420
2025-04-18 12:58:00,21813,21814,21813,21813,78
2025-04-18 12:59:00,21816,21817,21816,21817,207
2025-04-18 13:00:00,21813,21816,21813,21814,232
2025-04-18 13:01:00,21817,21820,21815,21816,69
2025-04-18 13:02:00,21821,21822,21821,21821,36
2025-04-18 13:03:00,21821,21821,21821,21821,294
2025-04-18 13:04:00,21826,21826,21826,21826,292
2025-04-18 13:05:00,21826,21826,21826,21826,107
2025-04-18 13:06:00,21821,21821,21821,21821,185
2025-04-18 13:07:00,21817,21820,21817,21819,112
2025-04-18 13:08:00,21821,21823,21817,21821,181
2025-04-18 13:09:00,21823,21823,21823,21823,236
2025-04-18 13:10:00,21830,21830,21828,21829,229
2025-04-18 13:11:00,21826,21828,21826,21827,267
2025-04-18 13:12:00,21829,21830,21829,21829,185
2025-04-18 13:13:00,21823,21824,21821,21823,26
2025-04-18 13:14:00,21824,21825,21823,21824,168
2025-04-18 13:15:00,21824,21824,21822,21823,153
2025-04-18 13:16:00,21825,21825,21825,21825,354
2025-04-18 13:17:00,21821,21824,21819,21824,108
2025-04-18 13:18:00,21826,21828,21826,21827,132
2025-04-18 13:19:00,21827,21827,21825,21826,344
2025-04-18 13:20:00,21827,21827,21826,21827,97
2025-04-18 13:21:00,21825,21825,21825,21825,168
2025-04-18 13:22:00,21827,21827,21826,21826,1
2025-04-18 13:23:00,21825,21826,21824,21825,244
2025-04-18 13:24:00,21828,21831,21823,21827,266
2025-04-18 13:25:00,21822,21823,21822,21823,275
2025-04-18 13:26:00,21830,21830,21830,21830,396
2025-04-18 13:27:00,21825,21827,21825,21826,565
2025-04-18 13:28:00,21822,21831,21820,21822,122
2025-04-18 13:29:00,21826,21827,21826,21826,17
2025-04-18 13:30:00,21822,21825,21816,21824,269
2025-04-18 13:31:00,21825,21826,21824,21826,389
2025-04-18 13:32:00,21827,21829,21818,21825,82
2025-04-18 13:33:00,21819,21819,21818,21818,521
2025-04-18 13:34:00,21822,21827,21822,21824,401
2025-04-18 13:35:00,21820,21820,21820,21820,424
2025-04-18 13:36:00,21817,21820,21811,21819,381
2025-04-18 13:37:00,21823,21824,21822,21823,673
2025-04-18 13:38:00,21823,21823,21823,21823,499
2025-04-18 13:39:00,21815,21816,21813,21815,397
2025-04-18 13:40:00,21819,21824,21819,21820,437
2025-04-18 13:41:00,21810,21812,21810,21811,293
2025-04-18 13:42:00,21807,21816,21807,21811,260
2025-04-18 13:43:00,21807,21809,21807,21808,638
2025-04-18 13:44:00,21806,21806,21805,21806,560
2025-04-21 08:45:00,21821,21824,21819,21821,475
2025-04-21 08:46:00,21820,21820,21820,21820,413
2025-04-21 08:47:00,21832,21833,21832,21832,576
2025-04-21 08:48:00,21837,21838,21837,21838,170
2025-04-21 08:49:00,21835,21836,21833,21835,83
2025-04-21 08:50:00,21832,21834,21830,21831,366
2025-04-21 08:51:00,21827,21828,21827,21827,695
2025-04-21 08:52:00,21822,21828,21819,21821,524
2025-04-21 08:53:00,21821,21821,21819,21821,158
2025-04-21 08:54:00,21825,21827,21824,21824,132
2025-04-21 08:55:00,21826,21830,21819,21827,403
2025-04-21 08:56:00,21822,21824,21820,21822,384
2025-04-21 08:57:00,21828,21830,21821,21828,428
2025-04-21 08:58:00,21818,21820,21815,21819,270
2025-04-21 08:59:00,21816,21817,21812,21816,441
2025-04-21 09:00:00,21810,21811,21807,21810,10
2025-04-21 09:01:00,21809,21812,21807,21808,226
2025-04-21 09:02:00,21813,21814,21812,21814,123
2025-04-21 09:03:00,21809,21810,21809,21810,142
2025-04-21 09:04:00,21816,21817,21815,21815,466
2025-04-21 09:05:00,21823,21824,21822,21822,1
2025-04-21 09:06:00,21822,21823,21822,21822,283
2025-04-21 09:07:00,21817,21817,21817,21817,102
2025-04-21 09:08:00,21810,21813,21810,21812,251
2025-04-21 09:09:00,21809,21811,21808,21810,89
2025-04-21 09:10:00,21818,21818,21818,21818,278
2025-04-21 09:11:00,21815,21818,21815,21817,1
2025-04-21 09:12:00,21818,21820,21818,21819,191
2025-04-21 09:13:00,21819,21821,21819,21820,176
2025-04-21 09:14:00,21819,21819,21817,21817,230
2025-04-21 09:15:00,21819,21821,21817,21818,173
2025-04-21 09:16:00,21820,21820,21819,21820,179
2025-04-21 09:17:00,21818,21819,21817,21819,110
2025-04-21 09:18:00,21818,21818,21818,21818,245
2025-04-21 09:19:00,21825,21826,21825,21825,176
2025-04-21 09:20:00,21824,21825,21823,21824,1
2025-04-21 09:21:00,21824,21824,21823,21823,145
2025-04-21 09:22:00,21822,21822,21821,21822,183
2025-04-21 09:23:00,21822,21824,21820,21822,184
2025-04-21 09:24:00,21823,21823,21822,21823,236
2025-04-21 09:25:00,21823,21823,21823,21823,187
2025-04-21 09:26:00,21822,21822,21820,21822,122
2025-04-21 09:27:00,21825,21827,21825,21825,87
2025-04-21 09:28:00,21827,21830,21827,21828,58
2025-04-21 09:29:00,21824,21824,21823,21824,176
2025-04-21 09:30:00,21824,21824,21823,21824,253
2025-04-21 09:31:00,21826,21828,21825,21826,148
2025-04-21 09:32:00,21831,21832,21829,21830,121
2025-04-21 09:33:00,21832,21833,21830,21831,189
2025-04-21 09:34:00,21835,21835,21834,21835,356
2025-04-21 09:35:00,21834,21834,21830,21834,149
2025-04-21 09:36:00,21833,21834,21832,21833,234
2025-04-21 09:37:00,21833,21834,21831,21833,288
2025-04-21 09:38:00,21832,21833,21831,21833,207
2025-04-21 09:39:00,21836,21837,21836,21836,258
2025-04-21 09:40:00,21839,21839,21838,21839,236
2025-04-21 09:41:00,21839,21841,21837,21840,99
2025-04-21 09:42:00,21843,21843,21842,21843,254
2025-04-21 09:43:00,21840,21841,21838,21840,247
2025-04-21 09:44:00,21837,21837,21837,21837,246
2025-04-21 09:45:00,21838,21838,21838,21838,191
2025-04-21 09:46:00,21839,21840,21838,21839,52
2025-04-21 09:47:00,21841,21842,21841,21841,174
2025-04-21 09:48:00,21833,21834,21832,21832,83
2025-04-21 09:49:00,21830,21831,21829,21830,1
2025-04-21 09:50:00,21830,21831,21819,21829,192
2025-04-21 09:51:00,21830,21831,21829,21830,250
2025-04-21 09:52:00,21828,21829,21828,21828,314
2025-04-21 09:53:00,21829,21831,21828,21829,162
2025-04-21 09:54:00,21837,21837,21836,21836,241
2025-04-21 09:55:00,21838,21841,21838,21839,310
2025-04-21 09:56:00,21831,21832,21830,21832,174
2025-04-21 09:57:00,21827,21830,21824,21828,206
2025-04-21 09:58:00,21830,21833,21830,21831,24
2025-04-21 09:59:00,21837,21837,21837,21837,243
2025-04-21 10:00:00,21835,21837,21834,21834,155
2025-04-21 10:01:00,21836,21836,21836,21836,70
2025-04-21 10:02:00,21834,21834,21831,21834,87
2025-04-21 10:03:00,21829,21831,21825,21829,386
2025-04-21 10:04:00,21833,21833,21832,21832,296
2025-04-21 10:05:00,21829,21829,21828,21828,301
2025-04-21 10:06:00,21825,21825,21824,21825,172
2025-04-21 10:07:00,21820,21824,21818,21821,293
2025-04-21 10:08:00,21818,21819,21818,21818,332
2025-04-21 10:09:00,21825,21825,21820,21823,249
2025-04-21 10:10:00,21820,21820,21819,21820,299
2025-04-21 10:11:00,21822,21823,21822,21822,217
2025-04-21 10:12:00,21819,21820,21818,21819,117
2025-04-21 10:13:00,21819,21820,21816,21818,234
2025-04-21 10:14:00,21816,21817,21816,21817,245
2025-04-21 10:15:00,21814,21816,21814,21814,138
2025-04-21 10:16:00,21815,21815,21815,21815,49
2025-04-21 10:17:00,21813,21815,21813,21815,278
2025-04-21 10:18:00,21811,21813,21811,21812,299
2025-04-21 10:19:00,21813,21813,21813,21813,50
2025-04-21 10:20:00,21818,21818,21818,21818,222
2025-04-21 10:21:00,21815,21815,21814,21815,1
2025-04-21 10:22:00,21816,21816,21811,21816,219
2025-04-21 10:23:00,21819,21819,21819,21819,222
2025-04-21 10:24:00,21820,21826,21819,21822,176
2025-04-21 10:25:00,21826,21826,21826,21826,285
2025-04-21 10:26:00,21826,21830,21826,21829,147
2025-04-21 10:27:00,21831,21831,21831,21831,249
2025-04-21 10:28:00,21830,21833,21830,21832,114
2025-04-21 10:29:00,21830,21830,21828,21829,241
2025-04-21 10:30:00,21827,21829,21826,21828,150
2025-04-21 10:31:00,21830,21830,21829,21829,192
2025-04-21 10:32:00,21831,21835,21828,21830,226
2025-04-21 10:33:00,21830,21830,21830,21830,222
2025-04-21 10:34:00,21832,21832,21831,21832,45
2025-04-21 10:35:00,21827,21828,21826,21827,63
2025-04-21 10:36:00,21827,21828,21827,21828,238
2025-04-21 10:37:00,21827,21831,21822,21825,114
2025-04-21 10:38:00,21825,21826,21823,21824,144
2025-04-21 10:39:00,21819,21820,21819,21820,136
2025-04-21 10:40:00,21817,21818,21817,21817,232
2025-04-21 10:41:00,21819,21819,21818,21819,130
2025-04-21 10:42:00,21821,21821,21815,21819,103
2025-04-21 10:43:00,21822,21823,21819,21820,184
2025-04-21 10:44:00,21820,21820,21820,21820,187
2025-04-21 10:45:00,21818,21819,21817,21818,1
2025-04-21 10:46:00,21821,21821,21820,21821,143
2025-04-21 10:47:00,21817,21819,21813,21818,140
2025-04-21 10:48:00,21816,21820,21813,21817,233
2025-04-21 10:49:00,21818,21818,21818,21818,211
2025-04-21 10:50:00,21819,21821,21819,21819,189
2025-04-21 10:51:00,21817,21817,21817,21817,176
2025-04-21 10:52:00,21818,21818,21818,21818,140
2025-04-21 10:53:00,21815,21815,21815,21815,118
2025-04-21 10:54:00,21813,21814,21813,21813,263
2025-04-21 10:55:00,21810,21811,21810,21811,77
2025-04-21 10:56:00,21811,21811,21811,21811,98
2025-04-21 10:57:00,21810,21810,21810,21810,113
2025-04-21 10:58:00,21809,21810,21809,21810,232
2025-04-21 10:59:00,21812,21812,21810,21812,96
2025-04-21 11:00:00,21810,21810,21809,21810,152
2025-04-21 11:01:00,21805,21807,21805,21807,157
2025-04-21 11:02:00,21808,21809,21808,21809,128
2025-04-21 11:03:00,21809,21811,21804,21807,127
2025-04-21 11:04:00,21808,21809,21807,21808,278
2025-04-21 11:05:00,21808,21809,21808,21808,46
2025-04-21 11:06:00,21808,21808,21806,21808,240
2025-04-21 11:07:00,21808,21810,21808,21809,160
2025-04-21 11:08:00,21811,21812,21810,21811,73
2025-04-21 11:09:00,21810,21810,21810,21810,208
2025-04-21 11:10:00,21809,21815,21807,21810,188
2025-04-21 11:11:00,21810,21810,21810,21810,89
2025-04-21 11:12:00,21813,21814,21813,21814,134
2025-04-21 11:13:00,21811,21813,21811,21812,41
2025-04-21 11:14:00,21808,21809,21807,21807,69
2025-04-21 11:15:00,21805,21805,21804,21805,121
2025-04-21 11:16:00,21807,21807,21807,21807,47
2025-04-21 11:17:00,21808,21808,21807,21808,64
2025-04-21 11:18:00,21810,21810,21809,21810,175
2025-04-21 11:19:00,21811,21811,21810,21810,1
2025-04-21 11:20:00,21812,21812,21811,21811,7
2025-04-21 11:21:00,21809,21809,21808,21809,177
2025-04-21 11:22:00,21807,21808,21805,21807,23
2025-04-21 11:23:00,21807,21807,21807,21807,79
2025-04-21 11:24:00,21803,21804,21803,21803,131
2025-04-21 11:25:00,21801,21803,21801,21801,109
2025-04-21 11:26:00,21803,21803,21801,21803,92
2025-04-21 11:27:00,21802,21803,21802,21803,63
2025-04-21 11:28:00,21805,21805,21805,21805,155
2025-04-21 11:29:00,21805,21805,21805,21805,151
2025-04-21 11:30:00,21802,21803,21802,21803,203
2025-04-21 11:31:00,21804,21804,21804,21804,122
2025-04-21 11:32:00,21801,21801,21796,21800,190
2025-04-21 11:33:00,21795,21796,21795,21795,289
2025-04-21 11:34:00,21796,21796,21792,21796,124
2025-04-21 11:35:00,21797,21797,21794,21797,108
2025-04-21 11:36:00,21801,21802,21800,21800,42
2025-04-21 11:37:00,21805,21805,21804,21805,87
2025-04-21 11:38:00,21804,21804,21803,21804,153
2025-04-21 11:39:00,21803,21804,21803,21804,143
2025-04-21 11:40:00,21806,21807,21805,21806,83
2025-04-21 11:41:00,21807,21813,21806,21810,185
2025-04-21 11:42:00,21804,21804,21804,21804,91
2025-04-21 11:43:00,21803,21803,21803,21803,95
2025-04-21 11:44:00,21800,21801,21798,21799,52
2025-04-21 11:45:00,21803,21803,21803,21803,251
2025-04-21 11:46:00,21803,21803,21802,21802,237
2025-04-21 11:47:00,21801,21801,21801,21801,219
2025-04-21 11:48:00,21796,21797,21792,21796,331
2025-04-21 11:49:00,21793,21793,21792,21793,100
2025-04-21 11:50:00,21787,21787,21787,21787,102
2025-04-21 11:51:00,21782,21785,21779,21782,20
2025-04-21 11:52:00,21782,21782,21782,21782,99
2025-04-21 11:53:00,21784,21784,21783,21783,79
2025-04-21 11:54:00,21785,21786,21784,21785,105
2025-04-21 11:55:00,21782,21782,21781,21782,45
2025-04-21 11:56:00,21782,21782,21782,21782,132
2025-04-21 11:57:00,21783,21788,21779,21784,255
2025-04-21 11:58:00,21785,21785,21783,21784,66
2025-04-21 11:59:00,21785,21788,21784,21784,199
2025-04-21 12:00:00,21783,21784,21783,21783,223
2025-04-21 12:01:00,21782,21782,21781,21782,158
2025-04-21 12:02:00,21779,21779,21779,21779,350
2025-04-21 12:03:00,21778,21778,21778,21778,51
2025-04-21 12:04:00,21780,21781,21780,21780,153
2025-04-21 12:05:00,21782,21782,21779,21781,453
2025-04-21 12:06:00,21780,21780,21779,21780,153
2025-04-21 12:07:00,21780,21781,21780,21781,176
2025-04-21 12:08:00,21778,21780,21777,21779,233
2025-04-21 12:09:00,21783,21786,21781,21785,171
2025-04-21 12:10:00,21788,21791,21786,21788,346
2025-04-21 12:11:00,21784,21786,21783,21785,182
2025-04-21 12:12:00,21785,21787,21785,21785,270
2025-04-21 12:13:00,21785,21788,21780,21785,279
2025-04-21 12:14:00,21786,21793,21786,21788,309
2025-04-21 12:15:00,21783,21786,21783,21784,153
2025-04-21 12:16:00,21787,21789,21785,21787,197
2025-04-21 12:17:00,21787,21788,21785,21786,192
2025-04-21 12:18:00,21791,21792,21791,21791,229
2025-04-21 12:19:00,21793,21794,21792,21792,144
2025-04-21 12:20:00,21792,21799,21792,21793,233
2025-04-21 12:21:00,21791,21792,21791,21791,174
2025-04-21 12:22:00,21791,21791,21789,21791,119
2025-04-21 12:23:00,21789,21791,21788,21790,22
2025-04-21 12:24:00,21792,21795,21788,21791,48
2025-04-21 12:25:00,21789,21789,21788,21789,344
2025-04-21 12:26:00,21791,21791,21789,21791,147
2025-04-21 12:27:00,21792,21792,21790,21791,215
2025-04-21 12:28:00,21788,21790,21788,21789,188
2025-04-21 12:29:00,21789,21789,21789,21789,214
2025-04-21 12:30:00,21783,21792,21782,21785,271
2025-04-21 12:31:00,21786,21788,21786,21786,44
2025-04-21 12:32:00,21791,21793,21789,21792,168
2025-04-21 12:33:00,21790,21792,21789,21790,235
2025-04-21 12:34:00,21791,21791,21787,21791,247
2025-04-21 12:35:00,21786,21786,21785,21786,130
2025-04-21 12:36:00,21786,21787,21786,21787,3
2025-04-21 12:37:00,21786,21787,21786,21786,239
2025-04-21 12:38:00,21786,21787,21785,21785,224
2025-04-21 12:39:00,21782,21784,21781,21782,127
2025-04-21 12:40:00,21784,21785,21784,21785,226
2025-04-21 12:41:00,21784,21786,21783,21784,144
2025-04-21 12:42:00,21787,21788,21787,21788,136
2025-04-21 12:43:00,21789,21794,21789,21789,61
2025-04-21 12:44:00,21787,21787,21786,21787,191
2025-04-21 12:45:00,21787,21788,21786,21787,264
2025-04-21 12:46:00,21783,21784,21783,21784,133
2025-04-21 12:47:00,21783,21785,21782,21783,182
2025-04-21 12:48:00,21782,21782,21782,21782,161
2025-04-21 12:49:00,21784,21784,21784,21784,35
2025-04-21 12:50:00,21785,21786,21785,21785,189
2025-04-21 12:51:00,21782,21782,21779,21781,1
2025-04-21 12:52:00,21778,21778,21775,21777,251
2025-04-21 12:53:00,21778,21778,21773,21778,164
2025-04-21 12:54:00,21781,21781,21776,21778,261
2025-04-21 12:55:00,21783,21783,21783,21783,366
2025-04-21 12:56:00,21780,21781,21780,21780,325
2025-04-21 12:57:00,21786,21790,21784,21787,447
2025-04-21 12:58:00,21791,21791,21788,21789,185
2025-04-21 12:59:00,21791,21792,21791,21791,431
2025-04-21 13:00:00,21794,21797,21792,21794,132
2025-04-21 13:01:00,21797,21798,21796,21797,201
2025-04-21 13:02:00,21795,21795,21790,21793,1
2025-04-21 13:03:00,21791,21791,21787,21791,276
2025-04-21 13:04:00,21779,21779,21778,21779,52
2025-04-21 13:05:00,21781,21781,21781,21781,308
2025-04-21 13:06:00,21783,21783,21783,21783,209
2025-04-21 13:07:00,21774,21777,21774,21775,259
2025-04-21 13:08:00,21777,21778,21777,21777,155
2025-04-21 13:09:00,21780,21780,21780,21780,108
2025-04-21 13:10:00,21778,21781,21778,21779,117
2025-04-21 13:11:00,21779,21780,21777,21780,152
2025-04-21 13:12:00,21785,21785,21782,21784,116
2025-04-21 13:13:00,21787,21794,21786,21787,207
2025-04-21 13:14:00,21791,21791,21790,21790,173
2025-04-21 13:15:00,21793,21796,21793,21794,383
2025-04-21 13:16:00,21796,21796,21795,21796,472
2025-04-21 13:17:00,21800,21807,21796,21800,185
2025-04-21 13:18:00,21801,21805,21794,21798,206
2025-04-21 13:19:00,21799,21799,21798,21799,130
2025-04-21 13:20:00,21809,21811,21807,21809,450
2025-04-21 13:21:00,21806,21806,21805,21806,159
2025-04-21 13:22:00,21810,21812,21809,21810,201
2025-04-21 13:23:00,21810,21810,21810,21810,465
2025-04-21 13:24:00,21810,21811,21810,21811,264
2025-04-21 13:25:00,21812,21812,21812,21812,148
2025-04-21 13:26:00,21808,21809,21807,21808,211
2025-04-21 13:27:00,21805,21811,21805,21807,672
2025-04-21 13:28:00,21799,21805,21795,21800,173
2025-04-21 13:29:00,21798,21798,21797,21797,361
2025-04-21 13:30:00,21801,21801,21796,21799,305
2025-04-21 13:31:00,21797,21799,21794,21795,589
2025-04-21 13:32:00,21795,21796,21795,21795,235
2025-04-21 13:33:00,21800,21801,21800,21801,345
2025-04-21 13:34:00,21789,21790,21789,21789,372
2025-04-21 13:35:00,21793,21793,21788,21790,161
2025-04-21 13:36:00,21790,21790,21784,21788,325
2025-04-21 13:37:00,21788,21789,21788,21788,1
2025-04-21 13:38:00,21791,21791,21790,21791,395
2025-04-21 13:39:00,21787,21790,21784,21788,665
2025-04-21 13:40:00,21777,21777,21776,21777,566
2025-04-21 13:41:00,21786,21786,21783,21785,257
2025-04-21 13:42:00,21783,21783,21783,21783,300
2025-04-21 13:43:00,21781,21783,21781,21782,395
2025-04-21 13:44:00,21784,21784,21784,21784,497
2025-04-22 08:45:00,21809,21809,21808,21808,544
2025-04-22 08:46:00,21804,21808,21804,21806,341
2025-04-22 08:47:00,21817,21824,21816,21818,244
2025-04-22 08:48:00,21822,21824,21820,21821,407
2025-04-22 08:49:00,21827,21827,21824,21826,423
2025-04-22 08:50:00,21833,21833,21832,21833,421
2025-04-22 08:51:00,21835,21837,21833,21835,297
2025-04-22 08:52:00,21844,21846,21841,21844,419
2025-04-22 08:53:00,21836,21836,21835,21835,133
2025-04-22 08:54:00,21834,21834,21833,21834,328
2025-04-22 08:55:00,21822,21823,21822,21822,416
2025-04-22 08:56:00,21833,21834,21830,21833,462
2025-04-22 08:57:00,21840,21840,21838,21840,268
2025-04-22 08:58:00,21840,21840,21839,21840,225
2025-04-22 08:59:00,21836,21840,21836,21839,472
2025-04-22 09:00:00,21839,21839,21839,21839,308
2025-04-22 09:01:00,21841,21844,21837,21841,298
2025-04-22 09:02:00,21836,21836,21835,21835,334
2025-04-22 09:03:00,21830,21836,21828,21831,229
2025-04-22 09:04:00,21837,21837,21836,21836,192
2025-04-22 09:05:00,21836,21836,21835,21836,217
2025-04-22 09:06:00,21842,21844,21841,21842,219
2025-04-22 09:07:00,21851,21852,21843,21849,392
2025-04-22 09:08:00,21845,21846,21845,21846,268
2025-04-22 09:09:00,21841,21842,21841,21841,345
2025-04-22 09:10:00,21840,21840,21838,21839,212
2025-04-22 09:11:00,21838,21840,21838,21839,388
2025-04-22 09:12:00,21840,21841,21840,21841,74
2025-04-22 09:13:00,21838,21840,21838,21839,153
2025-04-22 09:14:00,21833,21834,21833,21834,141
2025-04-22 09:15:00,21829,21829,21826,21828,273
2025-04-22 09:16:00,21822,21822,21821,21822,84
2025-04-22 09:17:00,21818,21823,21818,21820,84
2025-04-22 09:18:00,21817,21819,21816,21818,127
2025-04-22 09:19:00,21818,21819,21818,21819,297
2025-04-22 09:20:00,21819,21821,21819,21820,174
2025-04-22 09:21:00,21820,21820,21820,21820,242
2025-04-22 09:22:00,21821,21821,21821,21821,150
2025-04-22 09:23:00,21825,21826,21823,21824,169
2025-04-22 09:24:00,21819,21825,21819,21823,147
2025-04-22 09:25:00,21823,21823,21823,21823,247
2025-04-22 09:26:00,21820,21821,21818,21820,68
2025-04-22 09:27:00,21822,21824,21821,21821,129
2025-04-22 09:28:00,21823,21823,21823,21823,246
2025-04-22 09:29:00,21823,21825,21821,21823,213
2025-04-22 09:30:00,21820,21820,21818,21819,159
2025-04-22 09:31:00,21819,21822,21816,21819,183
2025-04-22 09:32:00,21819,21819,21816,21819,1
2025-04-22 09:33:00,21818,21819,21818,21818,295
2025-04-22 09:34:00,21817,21817,21816,21817,260
2025-04-22 09:35:00,21816,21818,21816,21817,18
2025-04-22 09:36:00,21816,21817,21815,21816,346
2025-04-22 09:37:00,21813,21813,21811,21813,286
2025-04-22 09:38:00,21815,21815,21814,21814,111
2025-04-22 09:39:00,21816,21817,21816,21816,62
2025-04-22 09:40:00,21815,21816,21815,21816,207
2025-04-22 09:41:00,21813,21814,21813,21813,165
2025-04-22 09:42:00,21809,21809,21809,21809,219
2025-04-22 09:43:00,21807,21808,21807,21807,242
2025-04-22 09:44:00,21809,21810,21809,21809,289
2025-04-22 09:45:00,21813,21814,21813,21813,152
2025-04-22 09:46:00,21819,21819,21818,21819,189
2025-04-22 09:47:00,21821,21822,21820,21821,45
2025-04-22 09:48:00,21819,21820,21818,21818,315
2025-04-22 09:49:00,21818,21819,21817,21819,175
2025-04-22 09:50:00,21820,21820,21819,21819,259
2025-04-22 09:51:00,21818,21819,21817,21817,241
2025-04-22 09:52:00,21819,21819,21819,21819,68
2025-04-22 09:53:00,21819,21820,21819,21819,123
2025-04-22 09:54:00,21820,21820,21820,21820,201
2025-04-22 09:55:00,21820,21820,21819,21820,287
2025-04-22 09:56:00,21821,21821,21821,21821,138
2025-04-22 09:57:00,21822,21823,21821,21822,166
2025-04-22 09:58:00,21819,21819,21816,21819,159
2025-04-22 09:59:00,21819,21820,21818,21819,220
2025-04-22 10:00:00,21820,21820,21820,21820,221
2025-04-22 10:01:00,21817,21818,21817,21817,168
2025-04-22 10:02:00,21819,21819,21817,21819,179
2025-04-22 10:03:00,21817,21817,21817,21817,118
2025-04-22 10:04:00,21814,21820,21814,21815,47
2025-04-22 10:05:00,21812,21813,21811,21812,178
2025-04-22 10:06:00,21808,21809,21808,21808,173
2025-04-22 10:07:00,21807,21807,21806,21807,68
2025-04-22 10:08:00,21801,21804,21801,21804,242
2025-04-22 10:09:00,21803,21803,21803,21803,255
2025-04-22 10:10:00,21797,21798,21797,21798,103
2025-04-22 10:11:00,21801,21801,21801,21801,225
2025-04-22 10:12:00,21801,21802,21799,21802,97
2025-04-22 10:13:00,21805,21805,21804,21804,322
2025-04-22 10:14:00,21807,21807,21807,21807,1
2025-04-22 10:15:00,21804,21804,21802,21802,176
2025-04-22 10:16:00,21803,21803,21803,21803,176
2025-04-22 10:17:00,21800,21806,21800,21801,259
2025-04-22 10:18:00,21798,21802,21796,21797,287
2025-04-22 10:19:00,21797,21797,21795,21796,98
2025-04-22 10:20:00,21795,21799,21794,21795,53
2025-04-22 10:21:00,21800,21802,21799,21800,186
2025-04-22 10:22:00,21797,21797,21793,21795,200
2025-04-22 10:23:00,21796,21799,21793,21795,213
2025-04-22 10:24:00,21792,21792,21792,21792,151
2025-04-22 10:25:00,21794,21794,21793,21793,117
2025-04-22 10:26:00,21791,21794,21791,21792,104
2025-04-22 10:27:00,21788,21788,21788,21788,187
2025-04-22 10:28:00,21789,21791,21789,21789,190
2025-04-22 10:29:00,21788,21788,21788,21788,266
2025-04-22 10:30:00,21786,21788,21785,21787,164
2025-04-22 10:31:00,21782,21782,21782,21782,124
2025-04-22 10:32:00,21778,21780,21778,21779,168
2025-04-22 10:33:00,21778,21778,21778,21778,107
2025-04-22 10:34:00,21780,21780,21778,21780,81
2025-04-22 10:35:00,21778,21778,21777,21778,186
2025-04-22 10:36:00,21783,21783,21782,21783,287
2025-04-22 10:37:00,21784,21785,21784,21784,221
2025-04-22 10:38:00,21785,21791,21782,21786,141
2025-04-22 10:39:00,21784,21784,21784,21784,148
2025-04-22 10:40:00,21782,21782,21780,21782,270
2025-04-22 10:41:00,21779,21779,21778,21778,117
2025-04-22 10:42:00,21774,21775,21772,21774,133
2025-04-22 10:43:00,21771,21772,21769,21771,274
2025-04-22 10:44:00,21766,21771,21766,21768,195
2025-04-22 10:45:00,21768,21769,21768,21768,175
2025-04-22 10:46:00,21768,21769,21768,21768,175
2025-04-22 10:47:00,21765,21765,21765,21765,130
2025-04-22 10:48:00,21765,21766,21762,21765,175
2025-04-22 10:49:00,21761,21763,21761,21761,17
2025-04-22 10:50:00,21764,21765,21764,21765,114
2025-04-22 10:51:00,21762,21763,21759,21761,161
2025-04-22 10:52:00,21761,21761,21761,21761,315
2025-04-22 10:53:00,21756,21758,21755,21757,142
2025-04-22 10:54:00,21759,21759,21757,21757,156
2025-04-22 10:55:00,21758,21759,21758,21758,27
2025-04-22 10:56:00,21760,21760,21759,21759,161
2025-04-22 10:57:00,21761,21761,21761,21761,240
2025-04-22 10:58:00,21759,21760,21759,21759,88
2025-04-22 10:59:00,21757,21758,21756,21757,111
2025-04-22 11:00:00,21752,21754,21752,21753,217
2025-04-22 11:01:00,21753,21753,21752,21752,199
2025-04-22 11:02:00,21752,21752,21750,21751,131
2025-04-22 11:03:00,21751,21753,21751,21752,118
2025-04-22 11:04:00,21748,21749,21748,21748,48
2025-04-22 11:05:00,21747,21750,21746,21747,249
2025-04-22 11:06:00,21747,21751,21743,21747,157
2025-04-22 11:07:00,21745,21745,21744,21745,149
2025-04-22 11:08:00,21743,21744,21743,21743,32
2025-04-22 11:09:00,21744,21744,21743,21743,174
2025-04-22 11:10:00,21743,21743,21742,21743,208
2025-04-22 11:11:00,21745,21745,21744,21745,151
2025-04-22 11:12:00,21746,21746,21742,21746,181
2025-04-22 11:13:00,21741,21741,21740,21741,78
2025-04-22 11:14:00,21741,21741,21740,21740,81
2025-04-22 11:15:00,21740,21742,21740,21741,149
2025-04-22 11:16:00,21743,21744,21742,21743,173
2025-04-22 11:17:00,21740,21740,21740,21740,148
2025-04-22 11:18:00,21739,21740,21738,21740,222
2025-04-22 11:19:00,21736,21739,21736,21738,68
2025-04-22 11:20:00,21737,21737,21737,21737,223
2025-04-22 11:21:00,21734,21734,21734,21734,209
2025-04-22 11:22:00,21736,21736,21736,21736,117
2025-04-22 11:23:00,21735,21735,21735,21735,223
2025-04-22 11:24:00,21732,21732,21730,21731,231
2025-04-22 11:25:00,21730,21731,21730,21730,97
2025-04-22 11:26:00,21727,21727,21726,21726,121
2025-04-22 11:27:00,21725,21725,21722,21725,96
2025-04-22 11:28:00,21723,21724,21723,21724,149
2025-04-22 11:29:00,21723,21727,21723,21725,1
2025-04-22 11:30:00,21722,21722,21721,21722,120
2025-04-22 11:31:00,21721,21721,21720,21721,216
2025-04-22 11:32:00,21721,21721,21720,21721,142
2025-04-22 11:33:00,21719,21719,21717,21718,85
2025-04-22 11:34:00,21714,21720,21714,21715,92
2025-04-22 11:35:00,21716,21717,21716,21717,142
2025-04-22 11:36:00,21716,21716,21716,21716,70
2025-04-22 11:37:00,21715,21715,21715,21715,173
2025-04-22 11:38:00,21718,21718,21718,21718,98
2025-04-22 11:39:00,21717,21717,21717,21717,109
2025-04-22 11:40:00,21716,21718,21716,21716,163
2025-04-22 11:41:00,21717,21718,21717,21717,1
2025-04-22 11:42:00,21717,21718,21717,21718,223
2025-04-22 11:43:00,21717,21717,21717,21717,98
2025-04-22 11:44:00,21717,21717,21717,21717,143
2025-04-22 11:45:00,21721,21721,21719,21720,124
2025-04-22 11:46:00,21718,21721,21718,21718,263
2025-04-22 11:47:00,21718,21719,21718,21718,277
2025-04-22 11:48:00,21719,21719,21719,21719,32
2025-04-22 11:49:00,21717,21718,21716,21718,233
2025-04-22 11:50:00,21720,21720,21720,21720,395
2025-04-22 11:51:00,21720,21720,21720,21720,152
2025-04-22 11:52:00,21721,21722,21718,21721,247
2025-04-22 11:53:00,21720,21720,21720,21720,130
2025-04-22 11:54:00,21719,21721,21716,21718,218
2025-04-22 11:55:00,21717,21718,21715,21717,25
2025-04-22 11:56:00,21716,21718,21713,21716,172
2025-04-22 11:57:00,21714,21717,21713,21714,144
2025-04-22 11:58:00,21715,21715,21715,21715,177
2025-04-22 11:59:00,21715,21716,21715,21716,143
2025-04-22 12:00:00,21720,21723,21719,21721,166
2025-04-22 12:01:00,21723,21725,21722,21724,223
2025-04-22 12:02:00,21725,21725,21724,21725,97
2025-04-22 12:03:00,21728,21729,21727,21728,330
2025-04-22 12:04:00,21727,21732,21727,21729,233
2025-04-22 12:05:00,21726,21726,21722,21726,217
2025-04-22 12:06:00,21726,21727,21726,21726,180
2025-04-22 12:07:00,21727,21728,21725,21727,124
2025-04-22 12:08:00,21726,21727,21725,21726,46
2025-04-22 12:09:00,21724,21728,21717,21724,95
2025-04-22 12:10:00,21721,21726,21714,21720,290
2025-04-22 12:11:00,21721,21721,21721,21721,218
2025-04-22 12:12:00,21723,21724,21723,21723,123
2025-04-22 12:13:00,21717,21718,21716,21717,223
2025-04-22 12:14:00,21725,21725,21723,21725,267
2025-04-22 12:15:00,21721,21722,21721,21721,193
2025-04-22 12:16:00,21721,21721,21721,21721,263
2025-04-22 12:17:00,21719,21720,21719,21720,271
2025-04-22 12:18:00,21719,21719,21719,21719,219
2025-04-22 12:19:00,21720,21720,21714,21717,299
2025-04-22 12:20:00,21714,21716,21714,21715,205
2025-04-22 12:21:00,21714,21714,21714,21714,263
2025-04-22 12:22:00,21709,21717,21706,21710,375
2025-04-22 12:23:00,21716,21717,21712,21714,76
2025-04-22 12:24:00,21710,21711,21708,21710,36
2025-04-22 12:25:00,21711,21711,21711,21711,80
2025-04-22 12:26:00,21708,21710,21703,21707,288
2025-04-22 12:27:00,21703,21703,21703,21703,193
2025-04-22 12:28:00,21704,21706,21703,21705,178
2025-04-22 12:29:00,21702,21702,21701,21702,132
2025-04-22 12:30:00,21704,21704,21704,21704,249
2025-04-22 12:31:00,21707,21709,21707,21708,171
2025-04-22 12:32:00,21708,21711,21706,21709,120
2025-04-22 12:33:00,21707,21708,21707,21707,221
2025-04-22 12:34:00,21708,21709,21708,21708,70
2025-04-22 12:35:00,21710,21710,21707,21709,80
2025-04-22 12:36:00,21711,21711,21708,21710,147
2025-04-22 12:37:00,21708,21712,21706,21708,308
2025-04-22 12:38:00,21710,21710,21710,21710,227
2025-04-22 12:39:00,21707,21707,21703,21706,301
2025-04-22 12:40:00,21704,21705,21704,21704,167
2025-04-22 12:41:00,21708,21709,21708,21708,236
2025-04-22 12:42:00,21708,21709,21708,21709,152
2025-04-22 12:43:00,21711,21713,21708,21711,214
2025-04-22 12:44:00,21710,21711,21709,21710,249
2025-04-22 12:45:00,21712,21716,21711,21712,223
2025-04-22 12:46:00,21717,21719,21716,21717,358
2025-04-22 12:47:00,21718,21720,21717,21719,120
2025-04-22 12:48:00,21722,21723,21722,21722,354
2025-04-22 12:49:00,21724,21724,21724,21724,1
2025-04-22 12:50:00,21727,21727,21726,21727,62
2025-04-22 12:51:00,21722,21723,21722,21723,227
2025-04-22 12:52:00,21717,21718,21717,21717,174
2025-04-22 12:53:00,21710,21710,21710,21710,124
2025-04-22 12:54:00,21709,21709,21709,21709,108
2025-04-22 12:55:00,21715,21715,21714,21715,95
2025-04-22 12:56:00,21717,21717,21717,21717,148
2025-04-22 12:57:00,21716,21718,21715,21716,131
2025-04-22 12:58:00,21714,21714,21713,21713,125
2025-04-22 12:59:00,21718,21719,21718,21718,161
2025-04-22 13:00:00,21720,21720,21718,21720,336
2025-04-22 13:01:00,21717,21717,21715,21717,178
2025-04-22 13:02:00,21720,21720,21720,21720,187
2025-04-22 13:03:00,21721,21721,21721,21721,292
2025-04-22 13:04:00,21722,21724,21722,21722,189
2025-04-22 13:05:00,21723,21724,21723,21724,201
2025-04-22 13:06:00,21729,21729,21728,21729,89
2025-04-22 13:07:00,21725,21725,21725,21725,112
2025-04-22 13:08:00,21721,21721,21720,21721,104
2025-04-22 13:09:00,21722,21723,21721,21721,309
2025-04-22 13:10:00,21723,21723,21723,21723,134
2025-04-22 13:11:00,21724,21724,21724,21724,174
2025-04-22 13:12:00,21727,21727,21726,21726,161
2025-04-22 13:13:00,21726,21727,21726,21727,105
2025-04-22 13:14:00,21730,21731,21727,21728,157
2025-04-22 13:15:00,21728,21730,21727,21728,122
2025-04-22 13:16:00,21727,21728,21727,21728,414
2025-04-22 13:17:00,21729,21729,21729,21729,284
2025-04-22 13:18:00,21729,21732,21729,21729,65
2025-04-22 13:19:00,21727,21728,21727,21727,206
2025-04-22 13:20:00,21726,21727,21726,21726,208
2025-04-22 13:21:00,21729,21730,21728,21729,178
2025-04-22 13:22:00,21732,21732,21728,21730,262
2025-04-22 13:23:00,21731,21732,21729,21730,301
2025-04-22 13:24:00,21728,21730,21726,21728,189
2025-04-22 13:25:00,21739,21739,21738,21739,44
2025-04-22 13:26:00,21731,21731,21729,21730,422
2025-04-22 13:27:00,21723,21723,21723,21723,68
2025-04-22 13:28:00,21727,21728,21726,21727,169
2025-04-22 13:29:00,21722,21724,21722,21723,314
2025-04-22 13:30:00,21721,21726,21720,21721,248
2025-04-22 13:31:00,21726,21728,21718,21723,471
2025-04-22 13:32:00,21731,21732,21731,21731,263
2025-04-22 13:33:00,21730,21736,21726,21731,582
2025-04-22 13:34:00,21723,21723,21723,21723,305
2025-04-22 13:35:00,21717,21718,21717,21718,317
2025-04-22 13:36:00,21722,21722,21721,21722,516
2025-04-22 13:37:00,21727,21728,21726,21727,414
2025-04-22 13:38:00,21722,21724,21720,21721,75
2025-04-22 13:39:00,21721,21729,21720,21721,169
2025-04-22 13:40:00,21726,21730,21723,21727,367
2025-04-22 13:41:00,21732,21734,21730,21731,207
2025-04-22 13:42:00,21724,21726,21724,21725,369
2025-04-22 13:43:00,21726,21729,21725,21727,683
2025-04-22 13:44:00,21726,21731,21723,21726,244
2025-04-23 08:45:00,21721,21734,21721,21724,501
2025-04-23 08:46:00,21711,21715,21711,21713,567
2025-04-23 08:47:00,21717,21719,21717,21717,120
2025-04-23 08:48:00,21722,21722,21717,21722,1
2025-04-23 08:49:00,21715,21717,21715,21716,287
2025-04-23 08:50:00,21717,21719,21714,21715,85
2025-04-23 08:51:00,21707,21709,21707,21707,80
2025-04-23 08:52:00,21713,21715,21708,21711,357
2025-04-23 08:53:00,21710,21713,21709,21710,576
2025-04-23 08:54:00,21713,21713,21712,21713,282
2025-04-23 08:55:00,21706,21715,21703,21713,269
2025-04-23 08:56:00,21719,21722,21718,21719,186
2025-04-23 08:57:00,21714,21716,21714,21714,388
2025-04-23 08:58:00,21717,21718,21717,21717,298
2025-04-23 08:59:00,21710,21719,21710,21712,370
2025-04-23 09:00:00,21715,21715,21715,21715,306
2025-04-23 09:01:00,21717,21720,21712,21715,285
2025-04-23 09:02:00,21712,21713,21712,21712,165
2025-04-23 09:03:00,21714,21715,21714,21715,326
2025-04-23 09:04:00,21716,21718,21710,21715,366
2025-04-23 09:05:00,21716,21716,21715,21716,370
2025-04-23 09:06:00,21714,21715,21713,21714,292
2025-04-23 09:07:00,21710,21713,21710,21710,358
2025-04-23 09:08:00,21714,21715,21714,21715,378
2025-04-23 09:09:00,21722,21722,21722,21722,472
2025-04-23 09:10:00,21717,21717,21716,21717,66
2025-04-23 09:11:00,21721,21721,21719,21720,306
2025-04-23 09:12:00,21727,21728,21727,21728,197
2025-04-23 09:13:00,21730,21731,21730,21730,286
2025-04-23 09:14:00,21726,21729,21726,21727,426
2025-04-23 09:15:00,21728,21739,21728,21729,74
2025-04-23 09:16:00,21726,21726,21724,21725,134
2025-04-23 09:17:00,21726,21726,21726,21726,459
2025-04-23 09:18:00,21723,21724,21722,21723,245
2025-04-23 09:19:00,21722,21726,21717,21722,209
2025-04-23 09:20:00,21724,21724,21724,21724,243
2025-04-23 09:21:00,21720,21721,21720,21720,180
2025-04-23 09:22:00,21720,21723,21715,21718,165
2025-04-23 09:23:00,21717,21720,21717,21717,137
2025-04-23 09:24:00,21724,21725,21722,21722,226
2025-04-23 09:25:00,21726,21726,21725,21726,293
2025-04-23 09:26:00,21728,21728,21726,21727,115
2025-04-23 09:27:00,21724,21724,21724,21724,198
2025-04-23 09:28:00,21727,21727,21727,21727,277
2025-04-23 09:29:00,21727,21727,21725,21725,203
2025-04-23 09:30:00,21725,21725,21725,21725,93
2025-04-23 09:31:00,21724,21729,21723,21724,127
2025-04-23 09:32:00,21719,21721,21719,21720,164
2025-04-23 09:33:00,21718,21722,21718,21719,227
2025-04-23 09:34:00,21721,21722,21720,21721,177
2025-04-23 09:35:00,21717,21721,21717,21718,175
2025-04-23 09:36:00,21717,21718,21717,21718,175
2025-04-23 09:37:00,21714,21714,21714,21714,197
2025-04-23 09:38:00,21717,21717,21715,21716,106
2025-04-23 09:39:00,21714,21714,21713,21713,181
2025-04-23 09:40:00,21716,21717,21716,21716,223
2025-04-23 09:41:00,21716,21717,21713,21714,287
2025-04-23 09:42:00,21712,21712,21712,21712,156
2025-04-23 09:43:00,21715,21715,21713,21714,79
2025-04-23 09:44:00,21710,21711,21710,21711,143
2025-04-23 09:45:00,21715,21716,21712,21714,91
2025-04-23 09:46:00,21712,21712,21711,21712,229
2025-04-23 09:47:00,21715,21717,21714,21715,171
2025-04-23 09:48:00,21713,21716,21713,21714,257
2025-04-23 09:49:00,21716,21716,21716,21716,230
2025-04-23 09:50:00,21718,21720,21714,21719,380
2025-04-23 09:51:00,21717,21717,21714,21717,180
2025-04-23 09:52:00,21716,21717,21716,21716,277
2025-04-23 09:53:00,21717,21718,21717,21717,230
2025-04-23 09:54:00,21712,21712,21711,21712,1
2025-04-23 09:55:00,21711,21711,21709,21709,262
2025-04-23 09:56:00,21717,21717,21717,21717,273
2025-04-23 09:57:00,21715,21717,21713,21715,292
2025-04-23 09:58:00,21716,21717,21716,21716,240
2025-04-23 09:59:00,21714,21716,21713,21715,206
2025-04-23 10:00:00,21711,21711,21711,21711,98
2025-04-23 10:01:00,21709,21716,21708,21712,161
2025-04-23 10:02:00,21714,21716,21714,21714,169
2025-04-23 10:03:00,21716,21720,21715,21716,249
2025-04-23 10:04:00,21712,21713,21712,21713,124
2025-04-23 10:05:00,21712,21712,21711,21712,197
2025-04-23 10:06:00,21714,21715,21714,21714,77
2025-04-23 10:07:00,21717,21717,21717,21717,90
2025-04-23 10:08:00,21715,21715,21715,21715,313
2025-04-23 10:09:00,21720,21721,21720,21720,135
2025-04-23 10:10:00,21721,21721,21720,21721,185
2025-04-23 10:11:00,21722,21722,21721,21722,334
2025-04-23 10:12:00,21717,21719,21716,21718,220
2025-04-23 10:13:00,21722,21722,21722,21722,246
2025-04-23 10:14:00,21729,21729,21721,21725,37
2025-04-23 10:15:00,21726,21726,21726,21726,39
2025-04-23 10:16:00,21725,21726,21722,21725,243
2025-04-23 10:17:00,21725,21729,21724,21726,95
2025-04-23 10:18:00,21728,21728,21726,21727,240
2025-04-23 10:19:00,21723,21725,21722,21724,69
2025-04-23 10:20:00,21723,21724,21721,21723,1
2025-04-23 10:21:00,21722,21723,21719,21721,262
2025-04-23 10:22:00,21719,21723,21719,21721,153
2025-04-23 10:23:00,21724,21725,21724,21724,126
2025-04-23 10:24:00,21725,21726,21724,21725,237
2025-04-23 10:25:00,21730,21730,21729,21729,263
2025-04-23 10:26:00,21730,21733,21730,21730,31
2025-04-23 10:27:00,21733,21733,21733,21733,216
2025-04-23 10:28:00,21734,21734,21733,21734,251
2025-04-23 10:29:00,21735,21737,21735,21736,261
2025-04-23 10:30:00,21737,21737,21737,21737,202
2025-04-23 10:31:00,21736,21737,21730,21736,174
2025-04-23 10:32:00,21736,21736,21735,21736,145
2025-04-23 10:33:00,21733,21735,21732,21733,163
2025-04-23 10:34:00,21732,21734,21732,21732,186
2025-04-23 10:35:00,21729,21731,21729,21731,181
2025-04-23 10:36:00,21734,21735,21734,21734,234
2025-04-23 10:37:00,21731,21735,21730,21732,77
2025-04-23 10:38:00,21732,21732,21731,21732,151
2025-04-23 10:39:00,21727,21728,21727,21727,164
2025-04-23 10:40:00,21726,21726,21726,21726,188
2025-04-23 10:41:00,21734,21734,21731,21734,288
2025-04-23 10:42:00,21732,21732,21731,21732,287
2025-04-23 10:43:00,21736,21738,21734,21736,204
2025-04-23 10:44:00,21737,21737,21737,21737,160
2025-04-23 10:45:00,21738,21738,21737,21738,77
2025-04-23 10:46:00,21744,21744,21744,21744,79
2025-04-23 10:47:00,21747,21747,21745,21747,267
2025-04-23 10:48:00,21742,21743,21740,21743,134
2025-04-23 10:49:00,21743,21743,21743,21743,10
2025-04-23 10:50:00,21744,21744,21744,21744,177
2025-04-23 10:51:00,21744,21746,21744,21745,208
2025-04-23 10:52:00,21743,21743,21743,21743,44
2025-04-23 10:53:00,21744,21744,21744,21744,84
2025-04-23 10:54:00,21745,21745,21745,21745,169
2025-04-23 10:55:00,21746,21747,21745,21746,223
2025-04-23 10:56:00,21746,21747,21746,21746,169
2025-04-23 10:57:00,21746,21747,21745,21747,178
2025-04-23 10:58:00,21745,21746,21744,21746,174
2025-04-23 10:59:00,21743,21743,21743,21743,110
2025-04-23 11:00:00,21747,21747,21746,21747,293
2025-04-23 11:01:00,21750,21750,21746,21748,39
2025-04-23 11:02:00,21750,21750,21749,21750,55
2025-04-23 11:03:00,21748,21750,21748,21749,112
2025-04-23 11:04:00,21748,21750,21747,21749,121
2025-04-23 11:05:00,21744,21745,21744,21745,167
2025-04-23 11:06:00,21744,21745,21744,21744,155
2025-04-23 11:07:00,21748,21749,21748,21748,268
2025-04-23 11:08:00,21749,21749,21749,21749,166
2025-04-23 11:09:00,21750,21750,21750,21750,138
2025-04-23 11:10:00,21747,21748,21747,21747,138
2025-04-23 11:11:00,21747,21747,21747,21747,334
2025-04-23 11:12:00,21743,21743,21742,21742,219
2025-04-23 11:13:00,21740,21746,21740,21743,172
2025-04-23 11:14:00,21742,21742,21738,21741,69
2025-04-23 11:15:00,21741,21743,21741,21742,116
2025-04-23 11:16:00,21744,21747,21742,21742,168
2025-04-23 11:17:00,21737,21737,21737,21737,134
2025-04-23 11:18:00,21738,21738,21737,21738,75
2025-04-23 11:19:00,21740,21740,21739,21739,92
2025-04-23 11:20:00,21736,21737,21736,21736,209
2025-04-23 11:21:00,21740,21740,21739,21740,113
2025-04-23 11:22:00,21741,21743,21741,21741,121
2025-04-23 11:23:00,21743,21745,21743,21743,170
2025-04-23 11:24:00,21739,21740,21738,21739,219
2025-04-23 11:25:00,21743,21743,21743,21743,172
2025-04-23 11:26:00,21742,21742,21742,21742,159
2025-04-23 11:27:00,21742,21745,21739,21742,126
2025-04-23 11:28:00,21743,21744,21743,21744,180
2025-04-23 11:29:00,21744,21744,21744,21744,216
2025-04-23 11:30:00,21743,21744,21742,21743,151
2025-04-23 11:31:00,21742,21742,21742,21742,14
2025-04-23 11:32:00,21744,21744,21744,21744,124
2025-04-23 11:33:00,21747,21747,21743,21745,59
2025-04-23 11:34:00,21744,21744,21744,21744,148
2025-04-23 11:35:00,21746,21746,21745,21745,200
2025-04-23 11:36:00,21742,21744,21740,21741,80
2025-04-23 11:37:00,21742,21742,21742,21742,63
2025-04-23 11:38:00,21740,21740,21740,21740,266
2025-04-23 11:39:00,21742,21742,21742,21742,140
2025-04-23 11:40:00,21742,21743,21742,21743,92
2025-04-23 11:41:00,21743,21744,21743,21743,142
2025-04-23 11:42:00,21746,21746,21746,21746,283
2025-04-23 11:43:00,21745,21748,21744,21746,112
2025-04-23 11:44:00,21742,21742,21742,21742,1
2025-04-23 11:45:00,21743,21744,21742,21744,200
2025-04-23 11:46:00,21742,21748,21741,21742,198
2025-04-23 11:47:00,21745,21746,21745,21746,172
2025-04-23 11:48:00,21751,21751,21746,21748,244
2025-04-23 11:49:00,21749,21752,21741,21747,75
2025-04-23 11:50:00,21745,21746,21742,21746,396
2025-04-23 11:51:00,21749,21749,21749,21749,135
2025-04-23 11:52:00,21747,21750,21747,21748,29
2025-04-23 11:53:00,21749,21750,21747,21748,208
2025-04-23 11:54:00,21750,21750,21750,21750,206
2025-04-23 11:55:00,21753,21753,21753,21753,108
2025-04-23 11:56:00,21751,21752,21750,21751,111
2025-04-23 11:57:00,21758,21759,21757,21758,80
2025-04-23 11:58:00,21749,21749,21749,21749,245
2025-04-23 11:59:00,21748,21752,21748,21749,283
2025-04-23 12:00:00,21748,21749,21745,21747,284
2025-04-23 12:01:00,21749,21751,21747,21748,1
2025-04-23 12:02:00,21746,21748,21745,21745,213
2025-04-23 12:03:00,21746,21746,21745,21745,279
2025-04-23 12:04:00,21749,21750,21747,21749,101
2025-04-23 12:05:00,21749,21750,21749,21750,212
2025-04-23 12:06:00,21754,21754,21752,21754,135
2025-04-23 12:07:00,21757,21757,21755,21757,40
2025-04-23 12:08:00,21755,21755,21755,21755,212
2025-04-23 12:09:00,21754,21757,21754,21755,309
2025-04-23 12:10:00,21762,21762,21762,21762,320
2025-04-23 12:11:00,21762,21763,21762,21763,181
2025-04-23 12:12:00,21763,21766,21761,21765,190
2025-04-23 12:13:00,21762,21762,21761,21762,129
2025-04-23 12:14:00,21768,21768,21768,21768,323
2025-04-23 12:15:00,21769,21769,21767,21768,142
2025-04-23 12:16:00,21765,21766,21765,21765,86
2025-04-23 12:17:00,21763,21763,21763,21763,205
2025-04-23 12:18:00,21765,21766,21765,21765,179
2025-04-23 12:19:00,21768,21770,21768,21769,249
2025-04-23 12:20:00,21770,21770,21768,21770,131
2025-04-23 12:21:00,21764,21764,21763,21763,200
2025-04-23 12:22:00,21766,21766,21766,21766,232
2025-04-23 12:23:00,21766,21766,21766,21766,153
2025-04-23 12:24:00,21766,21768,21766,21767,112
2025-04-23 12:25:00,21770,21770,21770,21770,308
2025-04-23 12:26:00,21763,21763,21763,21763,200
2025-04-23 12:27:00,21763,21763,21761,21762,228
2025-04-23 12:28:00,21763,21764,21762,21762,153
2025-04-23 12:29:00,21760,21760,21758,21760,274
2025-04-23 12:30:00,21765,21766,21764,21766,128
2025-04-23 12:31:00,21763,21764,21763,21764,295
2025-04-23 12:32:00,21762,21762,21761,21762,339
2025-04-23 12:33:00,21763,21763,21762,21763,316
2025-04-23 12:34:00,21763,21763,21762,21763,342
2025-04-23 12:35:00,21753,21753,21753,21753,376
2025-04-23 12:36:00,21753,21753,21751,21753,81
2025-04-23 12:37:00,21754,21754,21753,21754,123
2025-04-23 12:38:00,21760,21760,21755,21758,338
2025-04-23 12:39:00,21756,21756,21756,21756,205
2025-04-23 12:40:00,21762,21763,21761,21762,112
2025-04-23 12:41:00,21766,21766,21765,21765,148
2025-04-23 12:42:00,21763,21763,21763,21763,197
2025-04-23 12:43:00,21762,21764,21760,21762,225
2025-04-23 12:44:00,21764,21765,21763,21763,236
2025-04-23 12:45:00,21760,21763,21759,21761,246
2025-04-23 12:46:00,21762,21762,21762,21762,228
2025-04-23 12:47:00,21767,21768,21767,21767,297
2025-04-23 12:48:00,21765,21765,21765,21765,268
2025-04-23 12:49:00,21763,21768,21763,21763,4
2025-04-23 12:50:00,21760,21760,21760,21760,274
2025-04-23 12:51:00,21760,21760,21760,21760,255
2025-04-23 12:52:00,21757,21758,21757,21757,1
2025-04-23 12:53:00,21757,21757,21757,21757,97
2025-04-23 12:54:00,21757,21758,21756,21757,228
2025-04-23 12:55:00,21757,21757,21757,21757,241
2025-04-23 12:56:00,21752,21752,21752,21752,182
2025-04-23 12:57:00,21749,21751,21749,21750,252
2025-04-23 12:58:00,21750,21750,21749,21750,153
2025-04-23 12:59:00,21754,21757,21751,21753,264
2025-04-23 13:00:00,21754,21754,21753,21754,101
2025-04-23 13:01:00,21748,21756,21748,21751,135
2025-04-23 13:02:00,21749,21750,21748,21749,157
2025-04-23 13:03:00,21751,21751,21748,21749,252
2025-04-23 13:04:00,21745,21745,21744,21744,223
2025-04-23 13:05:00,21746,21747,21746,21746,68
2025-04-23 13:06:00,21746,21746,21746,21746,202
2025-04-23 13:07:00,21752,21753,21751,21753,210
2025-04-23 13:08:00,21756,21757,21755,21756,138
2025-04-23 13:09:00,21751,21753,21750,21751,26
2025-04-23 13:10:00,21753,21753,21753,21753,274
2025-04-23 13:11:00,21747,21748,21747,21747,250
2025-04-23 13:12:00,21745,21746,21743,21745,118
2025-04-23 13:13:00,21747,21747,21740,21745,287
2025-04-23 13:14:00,21748,21752,21743,21747,266
2025-04-23 13:15:00,21748,21749,21747,21748,177
2025-04-23 13:16:00,21749,21752,21749,21750,116
2025-04-23 13:17:00,21747,21749,21747,21748,274
2025-04-23 13:18:00,21752,21753,21751,21752,198
2025-04-23 13:19:00,21751,21751,21751,21751,394
2025-04-23 13:20:00,21751,21757,21749,21751,2
2025-04-23 13:21:00,21752,21758,21750,21753,437
2025-04-23 13:22:00,21751,21755,21743,21751,81
2025-04-23 13:23:00,21753,21753,21751,21753,304
2025-04-23 13:24:00,21752,21754,21751,21752,149
2025-04-23 13:25:00,21752,21753,21751,21752,349
2025-04-23 13:26:00,21746,21747,21745,21747,359
2025-04-23 13:27:00,21741,21742,21741,21742,249
2025-04-23 13:28:00,21746,21748,21745,21746,504
2025-04-23 13:29:00,21741,21741,21740,21741,374
2025-04-23 13:30:00,21735,21740,21735,21737,339
2025-04-23 13:31:00,21743,21743,21739,21742,193
2025-04-23 13:32:00,21750,21751,21749,21750,426
2025-04-23 13:33:00,21736,21737,21736,21736,248
2025-04-23 13:34:00,21739,21741,21738,21738,316
2025-04-23 13:35:00,21743,21743,21738,21741,668
2025-04-23 13:36:00,21749,21749,21749,21749,482
2025-04-23 13:37:00,21747,21747,21745,21746,429
2025-04-23 13:38:00,21754,21754,21754,21754,312
2025-04-23 13:39:00,21755,21756,21754,21755,343
2025-04-23 13:40:00,21756,21756,21755,21756,399
2025-04-23 13:41:00,21757,21762,21753,21756,254
2025-04-23 13:42:00,21751,21751,21749,21750,482
2025-04-23 13:43:00,21748,21748,21746,21747,1
2025-04-23 13:44:00,21747,21748,21747,21747,386
2025-04-24 08:45:00,21755,21757,21754,21755,437
2025-04-24 08:46:00,21758,21762,21758,21758,373
2025-04-24 08:47:00,21756,21756,21753,21755,201
2025-04-24 08:48:00,21759,21759,21759,21759,325
2025-04-24 08:49:00,21764,21765,21763,21765,202
2025-04-24 08:50:00,21762,21762,21758,21758,86
2025-04-24 08:51:00,21761,21761,21761,21761,251
2025-04-24 08:52:00,21756,21762,21754,21757,1
2025-04-24 08:53:00,21747,21750,21744,21749,258
2025-04-24 08:54:00,21753,21754,21753,21753,373
2025-04-24 08:55:00,21749,21751,21745,21749,60
2025-04-24 08:56:00,21752,21752,21750,21751,476
2025-04-24 08:57:00,21757,21757,21757,21757,617
2025-04-24 08:58:00,21762,21763,21759,21762,350
2025-04-24 08:59:00,21757,21758,21756,21757,428
2025-04-24 09:00:00,21757,21758,21756,21756,220
2025-04-24 09:01:00,21753,21753,21753,21753,99
2025-04-24 09:02:00,21754,21755,21754,21754,52
2025-04-24 09:03:00,21750,21752,21749,21750,127
2025-04-24 09:04:00,21748,21751,21748,21748,130
2025-04-24 09:05:00,21752,21752,21752,21752,194
2025-04-24 09:06:00,21756,21756,21755,21756,338
2025-04-24 09:07:00,21757,21759,21757,21758,196
2025-04-24 09:08:00,21758,21760,21758,21758,369
2025-04-24 09:09:00,21759,21759,21758,21758,125
2025-04-24 09:10:00,21750,21752,21750,21750,267
2025-04-24 09:11:00,21756,21757,21756,21756,129
2025-04-24 09:12:00,21757,21758,21755,21757,186
2025-04-24 09:13:00,21760,21760,21753,21758,205
2025-04-24 09:14:00,21762,21762,21762,21762,293
2025-04-24 09:15:00,21765,21766,21764,21765,102
2025-04-24 09:16:00,21762,21763,21761,21763,196
2025-04-24 09:17:00,21765,21765,21764,21764,157
2025-04-24 09:18:00,21764,21764,21763,21764,326
2025-04-24 09:19:00,21767,21767,21766,21767,149
2025-04-24 09:20:00,21765,21767,21765,21766,240
2025-04-24 09:21:00,21763,21763,21763,21763,285
2025-04-24 09:22:00,21766,21767,21764,21765,189
2025-04-24 09:23:00,21766,21766,21766,21766,177
2025-04-24 09:24:00,21770,21770,21765,21769,370
2025-04-24 09:25:00,21771,21772,21770,21771,63
2025-04-24 09:26:00,21767,21768,21767,21767,158
2025-04-24 09:27:00,21767,21768,21767,21767,264
2025-04-24 09:28:00,21764,21764,21764,21764,214
2025-04-24 09:29:00,21761,21764,21760,21761,164
2025-04-24 09:30:00,21758,21758,21757,21758,292
2025-04-24 09:31:00,21757,21758,21757,21758,241
2025-04-24 09:32:00,21759,21762,21757,21759,1
2025-04-24 09:33:00,21762,21762,21762,21762,169
2025-04-24 09:34:00,21764,21765,21763,21764,102
2025-04-24 09:35:00,21768,21768,21767,21768,80
2025-04-24 09:36:00,21772,21772,21772,21772,40
2025-04-24 09:37:00,21767,21771,21767,21771,386
2025-04-24 09:38:00,21769,21769,21769,21769,261
2025-04-24 09:39:00,21769,21769,21767,21768,222
2025-04-24 09:40:00,21764,21765,21762,21764,122
2025-04-24 09:41:00,21766,21766,21765,21766,227
2025-04-24 09:42:00,21765,21765,21764,21764,99
2025-04-24 09:43:00,21758,21760,21757,21758,151
2025-04-24 09:44:00,21757,21757,21756,21756,172
2025-04-24 09:45:00,21754,21754,21754,21754,233
2025-04-24 09:46:00,21756,21756,21756,21756,153
2025-04-24 09:47:00,21750,21751,21750,21750,190
2025-04-24 09:48:00,21751,21752,21749,21751,230
2025-04-24 09:49:00,21752,21752,21751,21751,139
2025-04-24 09:50:00,21757,21757,21756,21756,266
2025-04-24 09:51:00,21752,21753,21752,21752,304
2025-04-24 09:52:00,21752,21753,21750,21752,1
2025-04-24 09:53:00,21751,21752,21751,21751,242
2025-04-24 09:54:00,21747,21747,21747,21747,205
2025-04-24 09:55:00,21748,21751,21747,21748,147
2025-04-24 09:56:00,21748,21748,21748,21748,147
2025-04-24 09:57:00,21745,21748,21744,21745,260
2025-04-24 09:58:00,21748,21749,21746,21747,120
2025-04-24 09:59:00,21745,21745,21745,21745,198
2025-04-24 10:00:00,21742,21742,21742,21742,177
2025-04-24 10:01:00,21744,21745,21744,21744,102
2025-04-24 10:02:00,21749,21749,21748,21748,152
2025-04-24 10:03:00,21753,21753,21752,21753,336
2025-04-24 10:04:00,21749,21749,21748,21749,158
2025-04-24 10:05:00,21756,21756,21756,21756,134
2025-04-24 10:06:00,21761,21761,21760,21761,216
2025-04-24 10:07:00,21759,21759,21759,21759,120
2025-04-24 10:08:00,21761,21761,21758,21760,56
2025-04-24 10:09:00,21762,21762,21762,21762,251
2025-04-24 10:10:00,21764,21765,21761,21763,283
2025-04-24 10:11:00,21764,21765,21763,21764,138
2025-04-24 10:12:00,21764,21764,21764,21764,299
2025-04-24 10:13:00,21769,21769,21769,21769,1
2025-04-24 10:14:00,21769,21769,21769,21769,241
2025-04-24 10:15:00,21765,21767,21762,21765,1
2025-04-24 10:16:00,21773,21775,21772,21772,302
2025-04-24 10:17:00,21773,21773,21773,21773,233
2025-04-24 10:18:00,21774,21776,21773,21774,225
2025-04-24 10:19:00,21774,21775,21773,21774,229
2025-04-24 10:20:00,21778,21779,21771,21776,92
2025-04-24 10:21:00,21770,21773,21770,21773,3
2025-04-24 10:22:00,21772,21772,21771,21772,349
2025-04-24 10:23:00,21776,21776,21776,21776,156
2025-04-24 10:24:00,21778,21784,21778,21779,17
2025-04-24 10:25:00,21775,21780,21775,21778,260
2025-04-24 10:26:00,21782,21783,21781,21782,229
2025-04-24 10:27:00,21781,21781,21781,21781,153
2025-04-24 10:28:00,21780,21780,21780,21780,107
2025-04-24 10:29:00,21779,21781,21777,21778,356
2025-04-24 10:30:00,21775,21775,21774,21775,380
2025-04-24 10:31:00,21770,21771,21769,21771,193
2025-04-24 10:32:00,21769,21769,21769,21769,166
2025-04-24 10:33:00,21769,21769,21769,21769,1
2025-04-24 10:34:00,21769,21769,21769,21769,207
2025-04-24 10:35:00,21763,21765,21762,21762,231
2025-04-24 10:36:00,21764,21766,21763,21763,66
2025-04-24 10:37:00,21767,21767,21766,21767,130
2025-04-24 10:38:00,21760,21760,21759,21759,157
2025-04-24 10:39:00,21758,21758,21757,21758,265
2025-04-24 10:40:00,21758,21758,21757,21757,232
2025-04-24 10:41:00,21759,21759,21757,21758,265
2025-04-24 10:42:00,21757,21761,21757,21759,122
2025-04-24 10:43:00,21759,21760,21759,21759,210
2025-04-24 10:44:00,21756,21756,21756,21756,85
2025-04-24 10:45:00,21751,21751,21749,21751,157
2025-04-24 10:46:00,21753,21753,21753,21753,128
2025-04-24 10:47:00,21754,21755,21749,21753,53
2025-04-24 10:48:00,21755,21755,21755,21755,128
2025-04-24 10:49:00,21755,21756,21755,21756,156
2025-04-24 10:50:00,21756,21756,21756,21756,132
2025-04-24 10:51:00,21753,21755,21753,21754,172
2025-04-24 10:52:00,21754,21755,21754,21754,241
2025-04-24 10:53:00,21759,21761,21758,21760,39
2025-04-24 10:54:00,21759,21759,21758,21759,145
2025-04-24 10:55:00,21754,21754,21753,21754,174
2025-04-24 10:56:00,21757,21758,21757,21757,207
2025-04-24 10:57:00,21755,21755,21753,21754,68
2025-04-24 10:58:00,21749,21750,21749,21750,1
2025-04-24 10:59:00,21748,21748,21748,21748,126
2025-04-24 11:00:00,21746,21746,21745,21745,258
2025-04-24 11:01:00,21746,21750,21746,21748,140
2025-04-24 11:02:00,21748,21748,21747,21748,163
2025-04-24 11:03:00,21745,21745,21745,21745,83
2025-04-24 11:04:00,21747,21747,21746,21747,208
2025-04-24 11:05:00,21743,21744,21741,21743,181
2025-04-24 11:06:00,21742,21743,21742,21743,251
2025-04-24 11:07:00,21745,21745,21745,21745,85
2025-04-24 11:08:00,21744,21746,21741,21743,141
2025-04-24 11:09:00,21744,21745,21744,21744,168
2025-04-24 11:10:00,21747,21747,21747,21747,184
2025-04-24 11:11:00,21745,21746,21744,21745,99
2025-04-24 11:12:00,21745,21746,21744,21745,116
2025-04-24 11:13:00,21747,21749,21745,21747,60
2025-04-24 11:14:00,21751,21751,21751,21751,124
2025-04-24 11:15:00,21750,21751,21750,21750,155
2025-04-24 11:16:00,21755,21755,21754,21755,82
2025-04-24 11:17:00,21755,21756,21755,21755,207
2025-04-24 11:18:00,21754,21754,21754,21754,215
2025-04-24 11:19:00,21757,21757,21756,21757,151
2025-04-24 11:20:00,21754,21754,21753,21753,89
2025-04-24 11:21:00,21755,21755,21754,21755,121
2025-04-24 11:22:00,21755,21757,21753,21755,98
2025-04-24 11:23:00,21750,21751,21750,21750,130
2025-04-24 11:24:00,21750,21753,21748,21751,239
2025-04-24 11:25:00,21752,21753,21752,21752,209
2025-04-24 11:26:00,21753,21753,21752,21752,391
2025-04-24 11:27:00,21751,21752,21751,21751,41
2025-04-24 11:28:00,21750,21751,21750,21750,190
2025-04-24 11:29:00,21750,21752,21749,21751,210
2025-04-24 11:30:00,21751,21751,21751,21751,46
2025-04-24 11:31:00,21754,21756,21754,21754,154
2025-04-24 11:32:00,21758,21762,21757,21758,263
2025-04-24 11:33:00,21754,21754,21752,21753,113
2025-04-24 11:34:00,21753,21753,21753,21753,178
2025-04-24 11:35:00,21752,21752,21752,21752,91
2025-04-24 11:36:00,21754,21754,21753,21754,87
2025-04-24 11:37:00,21756,21756,21755,21756,178
2025-04-24 11:38:00,21759,21760,21758,21759,28
2025-04-24 11:39:00,21756,21757,21756,21756,122
2025-04-24 11:40:00,21759,21759,21758,21759,131
2025-04-24 11:41:00,21757,21759,21756,21758,251
2025-04-24 11:42:00,21761,21764,21760,21760,35
2025-04-24 11:43:00,21762,21762,21761,21762,242
2025-04-24 11:44:00,21759,21761,21759,21759,185
2025-04-24 11:45:00,21761,21761,21756,21759,217
2025-04-24 11:46:00,21762,21765,21761,21762,84
2025-04-24 11:47:00,21763,21765,21762,21764,101
2025-04-24 11:48:00,21766,21766,21764,21765,117
2025-04-24 11:49:00,21768,21768,21767,21767,235
2025-04-24 11:50:00,21768,21768,21768,21768,158
2025-04-24 11:51:00,21771,21771,21771,21771,9
2025-04-24 11:52:00,21773,21773,21772,21772,161
2025-04-24 11:53:00,21774,21774,21774,21774,187
2025-04-24 11:54:00,21778,21778,21778,21778,99
2025-04-24 11:55:00,21777,21780,21775,21776,212
2025-04-24 11:56:00,21774,21775,21773,21774,354
2025-04-24 11:57:00,21772,21778,21771,21775,17
2025-04-24 11:58:00,21775,21776,21775,21776,169
2025-04-24 11:59:00,21775,21776,21775,21775,60
2025-04-24 12:00:00,21777,21778,21776,21778,215
2025-04-24 12:01:00,21777,21777,21776,21777,362
2025-04-24 12:02:00,21775,21777,21772,21776,45
2025-04-24 12:03:00,21774,21777,21773,21775,224
2025-04-24 12:04:00,21776,21778,21776,21776,1
2025-04-24 12:05:00,21777,21780,21775,21777,124
2025-04-24 12:06:00,21782,21783,21780,21782,170
2025-04-24 12:07:00,21780,21780,21779,21780,161
2025-04-24 12:08:00,21782,21783,21782,21783,139
2025-04-24 12:09:00,21782,21785,21780,21783,95
2025-04-24 12:10:00,21782,21782,21782,21782,269
2025-04-24 12:11:00,21789,21789,21789,21789,1
2025-04-24 12:12:00,21785,21785,21785,21785,116
2025-04-24 12:13:00,21786,21786,21786,21786,204
2025-04-24 12:14:00,21789,21791,21789,21790,268
2025-04-24 12:15:00,21791,21792,21791,21791,91
2025-04-24 12:16:00,21789,21789,21789,21789,232
2025-04-24 12:17:00,21793,21795,21792,21793,372
2025-04-24 12:18:00,21794,21796,21792,21795,136
2025-04-24 12:19:00,21798,21798,21798,21798,178
2025-04-24 12:20:00,21798,21798,21798,21798,22
2025-04-24 12:21:00,21803,21803,21803,21803,77
2025-04-24 12:22:00,21805,21806,21805,21805,180
2025-04-24 12:23:00,21804,21805,21802,21804,32
2025-04-24 12:24:00,21798,21803,21794,21796,145
2025-04-24 12:25:00,21794,21796,21790,21794,273
2025-04-24 12:26:00,21794,21795,21789,21794,170
2025-04-24 12:27:00,21801,21801,21800,21801,179
2025-04-24 12:28:00,21802,21803,21802,21802,129
2025-04-24 12:29:00,21802,21803,21802,21802,145
2025-04-24 12:30:00,21799,21799,21799,21799,184
2025-04-24 12:31:00,21800,21800,21800,21800,165
2025-04-24 12:32:00,21806,21807,21805,21806,280
2025-04-24 12:33:00,21802,21802,21801,21802,203
2025-04-24 12:34:00,21801,21802,21801,21801,58
2025-04-24 12:35:00,21797,21803,21797,21799,87
2025-04-24 12:36:00,21800,21800,21799,21800,109
2025-04-24 12:37:00,21804,21804,21803,21803,94
2025-04-24 12:38:00,21805,21806,21803,21804,199
2025-04-24 12:39:00,21807,21807,21804,21806,238
2025-04-24 12:40:00,21804,21804,21804,21804,1
2025-04-24 12:41:00,21797,21797,21797,21797,68
2025-04-24 12:42:00,21794,21795,21794,21794,181
2025-04-24 12:43:00,21796,21796,21795,21795,286
2025-04-24 12:44:00,21798,21798,21796,21797,209
2025-04-24 12:45:00,21797,21797,21797,21797,215
2025-04-24 12:46:00,21796,21799,21795,21797,300
2025-04-24 12:47:00,21798,21798,21798,21798,124
2025-04-24 12:48:00,21798,21798,21797,21797,81
2025-04-24 12:49:00,21800,21800,21799,21800,36
2025-04-24 12:50:00,21802,21804,21802,21802,37
2025-04-24 12:51:00,21806,21806,21803,21805,82
2025-04-24 12:52:00,21810,21812,21808,21810,290
2025-04-24 12:53:00,21807,21807,21806,21807,182
2025-04-24 12:54:00,21806,21807,21806,21806,146
2025-04-24 12:55:00,21798,21799,21798,21798,169
2025-04-24 12:56:00,21800,21800,21799,21800,203
2025-04-24 12:57:00,21792,21792,21791,21792,263
2025-04-24 12:58:00,21794,21794,21793,21794,222
2025-04-24 12:59:00,21794,21797,21790,21794,149
2025-04-24 13:00:00,21793,21794,21793,21793,293
2025-04-24 13:01:00,21796,21796,21796,21796,168
2025-04-24 13:02:00,21801,21802,21801,21801,198
2025-04-24 13:03:00,21797,21798,21797,21797,33
2025-04-24 13:04:00,21798,21799,21798,21798,286
2025-04-24 13:05:00,21797,21797,21797,21797,241
2025-04-24 13:06:00,21797,21801,21793,21798,216
2025-04-24 13:07:00,21797,21797,21797,21797,153
2025-04-24 13:08:00,21798,21799,21797,21798,58
2025-04-24 13:09:00,21799,21799,21799,21799,208
2025-04-24 13:10:00,21801,21801,21799,21800,80
2025-04-24 13:11:00,21802,21802,21801,21802,185
2025-04-24 13:12:00,21805,21806,21803,21805,163
2025-04-24 13:13:00,21809,21809,21809,21809,227
2025-04-24 13:14:00,21812,21812,21812,21812,148
2025-04-24 13:15:00,21815,21815,21814,21815,311
2025-04-24 13:16:00,21818,21818,21816,21817,406
2025-04-24 13:17:00,21813,21815,21813,21814,205
2025-04-24 13:18:00,21820,21820,21817,21819,205
2025-04-24 13:19:00,21817,21817,21815,21816,235
2025-04-24 13:20:00,21813,21813,21808,21810,112
2025-04-24 13:21:00,21807,21807,21805,21806,293
2025-04-24 13:22:00,21806,21806,21806,21806,337
2025-04-24 13:23:00,21813,21815,21811,21813,157
2025-04-24 13:24:00,21816,21817,21815,21815,384
2025-04-24 13:25:00,21815,21815,21814,21814,324
2025-04-24 13:26:00,21808,21810,21808,21808,484
2025-04-24 13:27:00,21814,21814,21812,21812,416
2025-04-24 13:28:00,21807,21807,21805,21806,319
2025-04-24 13:29:00,21796,21804,21796,21797,502
2025-04-24 13:30:00,21804,21805,21801,21804,52
2025-04-24 13:31:00,21790,21792,21788,21790,236
2025-04-24 13:32:00,21790,21793,21787,21789,454
2025-04-24 13:33:00,21785,21790,21785,21786,167
2025-04-24 13:34:00,21779,21781,21779,21780,423
2025-04-24 13:35:00,21790,21790,21790,21790,398
2025-04-24 13:36:00,21790,21793,21788,21790,504
2025-04-24 13:37:00,21786,21796,21782,21789,376
2025-04-24 13:38:00,21789,21799,21787,21790,472
2025-04-24 13:39:00,21801,21804,21801,21801,546
2025-04-24 13:40:00,21801,21803,21798,21800,535
2025-04-24 13:41:00,21803,21803,21797,21802,415
2025-04-24 13:42:00,21809,21814,21805,21811,369
2025-04-24 13:43:00,21814,21816,21814,21814,373
2025-04-24 13:44:00,21817,21818,21817,21817,229
2025-04-25 08:45:00,21809,21809,21808,21809,446
2025-04-25 08:46:00,21807,21810,21803,21807,333
2025-04-25 08:47:00,21805,21806,21805,21805,220
2025-04-25 08:48:00,21805,21808,21805,21806,226
2025-04-25 08:49:00,21796,21796,21796,21796,372
2025-04-25 08:50:00,21794,21795,21794,21794,469
2025-04-25 08:51:00,21794,21794,21793,21794,215
2025-04-25 08:52:00,21797,21797,21795,21796,362
2025-04-25 08:53:00,21791,21793,21790,21792,488
2025-04-25 08:54:00,21789,21789,21784,21787,1
2025-04-25 08:55:00,21788,21788,21787,21788,347
2025-04-25 08:56:00,21785,21788,21782,21784,237
2025-04-25 08:57:00,21783,21784,21782,21783,127
2025-04-25 08:58:00,21781,21789,21770,21783,89
2025-04-25 08:59:00,21785,21788,21785,21785,524
2025-04-25 09:00:00,21785,21785,21784,21785,178
2025-04-25 09:01:00,21788,21788,21785,21787,70
2025-04-25 09:02:00,21788,21788,21788,21788,174
2025-04-25 09:03:00,21788,21789,21784,21788,237
2025-04-25 09:04:00,21790,21790,21790,21790,114
2025-04-25 09:05:00,21788,21790,21784,21788,236
2025-04-25 09:06:00,21795,21796,21795,21795,69
2025-04-25 09:07:00,21789,21796,21788,21795,265
2025-04-25 09:08:00,21803,21803,21802,21802,136
2025-04-25 09:09:00,21795,21796,21795,21795,189
2025-04-25 09:10:00,21800,21801,21798,21800,233
2025-04-25 09:11:00,21802,21802,21801,21802,422
2025-04-25 09:12:00,21805,21805,21803,21805,233
2025-04-25 09:13:00,21803,21803,21802,21803,253
2025-04-25 09:14:00,21806,21807,21804,21807,272
2025-04-25 09:15:00,21804,21805,21804,21804,85
2025-04-25 09:16:00,21806,21806,21806,21806,317
2025-04-25 09:17:00,21806,21806,21806,21806,144
2025-04-25 09:18:00,21807,21808,21807,21807,256
2025-04-25 09:19:00,21806,21807,21805,21806,171
2025-04-25 09:20:00,21807,21808,21807,21808,74
2025-04-25 09:21:00,21806,21806,21806,21806,193
2025-04-25 09:22:00,21804,21804,21804,21804,5
2025-04-25 09:23:00,21802,21803,21800,21802,185
2025-04-25 09:24:00,21801,21803,21800,21801,170
2025-04-25 09:25:00,21803,21803,21802,21803,147
2025-04-25 09:26:00,21802,21802,21800,21801,143
2025-04-25 09:27:00,21801,21806,21800,21801,50
2025-04-25 09:28:00,21803,21803,21800,21800,213
2025-04-25 09:29:00,21796,21797,21796,21796,250
2025-04-25 09:30:00,21793,21796,21791,21793,123
2025-04-25 09:31:00,21795,21796,21794,21794,210
2025-04-25 09:32:00,21798,21798,21797,21797,199
2025-04-25 09:33:00,21796,21797,21796,21796,226
2025-04-25 09:34:00,21801,21802,21799,21799,34
2025-04-25 09:35:00,21801,21801,21801,21801,236
2025-04-25 09:36:00,21798,21798,21798,21798,59
2025-04-25 09:37:00,21799,21799,21798,21799,111
2025-04-25 09:38:00,21800,21804,21797,21799,322
2025-04-25 09:39:00,21802,21804,21802,21803,417
2025-04-25 09:40:00,21799,21801,21798,21799,145
2025-04-25 09:41:00,21796,21797,21796,21796,274
2025-04-25 09:42:00,21798,21800,21798,21798,106
2025-04-25 09:43:00,21793,21794,21792,21793,213
2025-04-25 09:44:00,21795,21795,21794,21794,127
2025-04-25 09:45:00,21797,21797,21796,21797,200
2025-04-25 09:46:00,21797,21797,21796,21796,1
2025-04-25 09:47:00,21794,21794,21794,21794,182
2025-04-25 09:48:00,21794,21796,21793,21794,184
2025-04-25 09:49:00,21792,21792,21791,21792,51
2025-04-25 09:50:00,21797,21801,21797,21798,285
2025-04-25 09:51:00,21802,21808,21797,21800,158
2025-04-25 09:52:00,21801,21801,21798,21799,249
2025-04-25 09:53:00,21800,21801,21798,21799,77
2025-04-25 09:54:00,21803,21803,21802,21802,85
2025-04-25 09:55:00,21803,21803,21803,21803,210
2025-04-25 09:56:00,21801,21801,21801,21801,1
2025-04-25 09:57:00,21800,21800,21800,21800,135
2025-04-25 09:58:00,21799,21801,21796,21798,284
2025-04-25 09:59:00,21804,21805,21804,21804,94
2025-04-25 10:00:00,21800,21800,21799,21800,233
2025-04-25 10:01:00,21798,21798,21797,21797,98
2025-04-25 10:02:00,21797,21798,21797,21797,169
2025-04-25 10:03:00,21799,21799,21799,21799,194
2025-04-25 10:04:00,21801,21803,21800,21801,223
2025-04-25 10:05:00,21797,21798,21797,21798,162
2025-04-25 10:06:00,21796,21797,21796,21796,215
2025-04-25 10:07:00,21799,21799,21798,21799,85
2025-04-25 10:08:00,21802,21806,21802,21803,269
2025-04-25 10:09:00,21806,21807,21806,21807,192
2025-04-25 10:10:00,21810,21812,21810,21811,189
2025-04-25 10:11:00,21812,21812,21812,21812,133
2025-04-25 10:12:00,21812,21812,21811,21812,157
2025-04-25 10:13:00,21815,21815,21812,21814,244
2025-04-25 10:14:00,21815,21815,21813,21814,194
2025-04-25 10:15:00,21819,21819,21816,21818,123
2025-04-25 10:16:00,21818,21818,21816,21817,212
2025-04-25 10:17:00,21820,21821,21820,21820,230
2025-04-25 10:18:00,21819,21819,21817,21819,206
2025-04-25 10:19:00,21818,21818,21817,21817,23
2025-04-25 10:20:00,21819,21820,21819,21820,233
2025-04-25 10:21:00,21821,21821,21817,21821,173
2025-04-25 10:22:00,21815,21816,21814,21816,167
2025-04-25 10:23:00,21815,21816,21814,21816,39
2025-04-25 10:24:00,21819,21823,21817,21819,144
2025-04-25 10:25:00,21818,21821,21817,21820,87
2025-04-25 10:26:00,21823,21825,21818,21822,91
2025-04-25 10:27:00,21825,21828,21825,21826,345
2025-04-25 10:28:00,21824,21824,21822,21824,163
2025-04-25 10:29:00,21821,21824,21819,21822,203
2025-04-25 10:30:00,21826,21826,21826,21826,307
2025-04-25 10:31:00,21825,21825,21824,21825,150
2025-04-25 10:32:00,21827,21828,21827,21828,266
2025-04-25 10:33:00,21829,21835,21828,21829,197
2025-04-25 10:34:00,21828,21829,21827,21829,126
2025-04-25 10:35:00,21826,21827,21826,21827,239
2025-04-25 10:36:00,21828,21829,21827,21828,267
2025-04-25 10:37:00,21828,21829,21828,21829,183
2025-04-25 10:38:00,21828,21828,21827,21827,179
2025-04-25 10:39:00,21826,21827,21823,21826,34
2025-04-25 10:40:00,21824,21824,21824,21824,65
2025-04-25 10:41:00,21819,21819,21817,21818,247
2025-04-25 10:42:00,21823,21823,21822,21822,298
2025-04-25 10:43:00,21823,21823,21823,21823,221
2025-04-25 10:44:00,21823,21824,21821,21823,96
2025-04-25 10:45:00,21826,21826,21823,21826,165
2025-04-25 10:46:00,21824,21827,21822,21824,18
2025-04-25 10:47:00,21822,21822,21821,21822,172
2025-04-25 10:48:00,21826,21826,21825,21826,239
2025-04-25 10:49:00,21826,21826,21824,21826,205
2025-04-25 10:50:00,21826,21826,21826,21826,212
2025-04-25 10:51:00,21826,21827,21826,21826,1
2025-04-25 10:52:00,21825,21825,21824,21825,126
2025-04-25 10:53:00,21823,21825,21823,21824,69
2025-04-25 10:54:00,21823,21824,21823,21823,117
2025-04-25 10:55:00,21829,21830,21829,21829,117
2025-04-25 10:56:00,21827,21830,21826,21828,216
2025-04-25 10:57:00,21831,21831,21829,21829,140
2025-04-25 10:58:00,21829,21830,21829,21829,60
2025-04-25 10:59:00,21828,21832,21827,21829,154
2025-04-25 11:00:00,21832,21833,21832,21832,172
2025-04-25 11:01:00,21833,21833,21832,21833,31
2025-04-25 11:02:00,21832,21832,21832,21832,129
2025-04-25 11:03:00,21836,21837,21834,21836,60
2025-04-25 11:04:00,21838,21838,21837,21838,103
2025-04-25 11:05:00,21834,21834,21833,21833,215
2025-04-25 11:06:00,21833,21834,21833,21833,130
2025-04-25 11:07:00,21830,21830,21830,21830,189
2025-04-25 11:08:00,21828,21830,21828,21829,208
2025-04-25 11:09:00,21828,21828,21827,21828,136
2025-04-25 11:10:00,21835,21838,21834,21835,125
2025-04-25 11:11:00,21836,21838,21836,21836,133
2025-04-25 11:12:00,21836,21837,21836,21837,57
2025-04-25 11:13:00,21839,21839,21839,21839,98
2025-04-25 11:14:00,21837,21837,21836,21837,113
2025-04-25 11:15:00,21838,21838,21837,21837,220
2025-04-25 11:16:00,21838,21839,21837,21838,97
2025-04-25 11:17:00,21833,21833,21833,21833,295
2025-04-25 11:18:00,21835,21835,21834,21834,183
2025-04-25 11:19:00,21832,21832,21832,21832,81
2025-04-25 11:20:00,21834,21835,21834,21834,127
2025-04-25 11:21:00,21836,21836,21834,21836,63
2025-04-25 11:22:00,21839,21840,21838,21839,49
2025-04-25 11:23:00,21840,21840,21840,21840,143
2025-04-25 11:24:00,21839,21840,21839,21840,87
2025-04-25 11:25:00,21840,21841,21840,21841,123
2025-04-25 11:26:00,21842,21842,21841,21842,150
2025-04-25 11:27:00,21842,21842,21841,21841,282
2025-04-25 11:28:00,21841,21841,21841,21841,222
2025-04-25 11:29:00,21842,21844,21840,21842,183
2025-04-25 11:30:00,21843,21843,21841,21842,100
2025-04-25 11:31:00,21836,21840,21836,21840,106
2025-04-25 11:32:00,21840,21841,21840,21840,95
2025-04-25 11:33:00,21838,21839,21837,21838,124
2025-04-25 11:34:00,21835,21835,21835,21835,219
2025-04-25 11:35:00,21840,21841,21834,21840,189
2025-04-25 11:36:00,21837,21838,21837,21837,232
2025-04-25 11:37:00,21836,21836,21836,21836,113
2025-04-25 11:38:00,21835,21838,21835,21837,182
2025-04-25 11:39:00,21839,21839,21839,21839,128
2025-04-25 11:40:00,21835,21835,21834,21834,81
2025-04-25 11:41:00,21835,21835,21834,21835,183
2025-04-25 11:42:00,21835,21836,21835,21835,123
2025-04-25 11:43:00,21829,21829,21829,21829,183
2025-04-25 11:44:00,21834,21834,21832,21833,32
2025-04-25 11:45:00,21834,21838,21834,21835,142
2025-04-25 11:46:00,21835,21835,21835,21835,220
2025-04-25 11:47:00,21833,21837,21833,21836,289
2025-04-25 11:48:00,21830,21830,21830,21830,107
2025-04-25 11:49:00,21833,21834,21832,21833,187
2025-04-25 11:50:00,21836,21838,21836,21837,214
2025-04-25 11:51:00,21840,21840,21840,21840,34
2025-04-25 11:52:00,21838,21840,21837,21839,235
2025-04-25 11:53:00,21838,21840,21838,21839,171
2025-04-25 11:54:00,21846,21846,21844,21845,187
2025-04-25 11:55:00,21847,21848,21846,21847,119
2025-04-25 11:56:00,21845,21845,21845,21845,164
2025-04-25 11:57:00,21844,21844,21843,21843,118
2025-04-25 11:58:00,21844,21844,21844,21844,176
2025-04-25 11:59:00,21840,21841,21839,21840,258
2025-04-25 12:00:00,21839,21839,21839,21839,112
2025-04-25 12:01:00,21839,21839,21839,21839,103
2025-04-25 12:02:00,21839,21845,21839,21841,125
2025-04-25 12:03:00,21840,21840,21840,21840,350
2025-04-25 12:04:00,21842,21846,21840,21842,120
2025-04-25 12:05:00,21841,21843,21841,21842,218
2025-04-25 12:06:00,21843,21844,21839,21844,275
2025-04-25 12:07:00,21845,21845,21845,21845,131
2025-04-25 12:08:00,21846,21846,21845,21845,181
2025-04-25 12:09:00,21840,21840,21840,21840,242
2025-04-25 12:10:00,21841,21841,21839,21841,82
2025-04-25 12:11:00,21836,21838,21835,21835,182
2025-04-25 12:12:00,21838,21839,21836,21836,282
2025-04-25 12:13:00,21838,21839,21835,21838,225
2025-04-25 12:14:00,21836,21837,21836,21836,52
2025-04-25 12:15:00,21840,21840,21839,21840,265
2025-04-25 12:16:00,21839,21839,21835,21839,208
2025-04-25 12:17:00,21845,21845,21843,21844,239
2025-04-25 12:18:00,21845,21845,21844,21845,104
2025-04-25 12:19:00,21845,21845,21845,21845,227
2025-04-25 12:20:00,21843,21845,21842,21843,104
2025-04-25 12:21:00,21847,21847,21845,21846,258
2025-04-25 12:22:00,21849,21849,21848,21849,156
2025-04-25 12:23:00,21849,21849,21849,21849,155
2025-04-25 12:24:00,21850,21850,21849,21850,226
2025-04-25 12:25:00,21850,21851,21849,21850,109
2025-04-25 12:26:00,21856,21857,21854,21856,194
2025-04-25 12:27:00,21857,21859,21857,21858,62
2025-04-25 12:28:00,21854,21854,21854,21854,105
2025-04-25 12:29:00,21855,21855,21854,21855,1
2025-04-25 12:30:00,21855,21856,21854,21855,211
2025-04-25 12:31:00,21855,21857,21855,21856,145
2025-04-25 12:32:00,21855,21855,21854,21855,157
2025-04-25 12:33:00,21858,21860,21858,21859,46
2025-04-25 12:34:00,21860,21862,21860,21861,116
2025-04-25 12:35:00,21862,21865,21862,21863,1
2025-04-25 12:36:00,21856,21857,21854,21856,129
2025-04-25 12:37:00,21858,21858,21858,21858,179
2025-04-25 12:38:00,21862,21863,21862,21863,126
2025-04-25 12:39:00,21863,21863,21863,21863,176
2025-04-25 12:40:00,21867,21867,21866,21867,125
2025-04-25 12:41:00,21867,21868,21867,21867,251
2025-04-25 12:42:00,21867,21867,21867,21867,89
2025-04-25 12:43:00,21866,21872,21864,21865,78
2025-04-25 12:44:00,21861,21862,21861,21861,222
2025-04-25 12:45:00,21859,21862,21859,21860,1
2025-04-25 12:46:00,21853,21855,21853,21853,111
2025-04-25 12:47:00,21852,21852,21851,21852,207
2025-04-25 12:48:00,21852,21852,21852,21852,227
2025-04-25 12:49:00,21852,21853,21852,21852,102
2025-04-25 12:50:00,21853,21853,21852,21853,161
2025-04-25 12:51:00,21850,21851,21850,21850,271
2025-04-25 12:52:00,21852,21854,21850,21851,157
2025-04-25 12:53:00,21845,21847,21845,21846,336
2025-04-25 12:54:00,21847,21849,21847,21848,228
2025-04-25 12:55:00,21850,21850,21850,21850,182
2025-04-25 12:56:00,21850,21853,21849,21850,275
2025-04-25 12:57:00,21848,21849,21846,21848,212
2025-04-25 12:58:00,21853,21854,21853,21854,271
2025-04-25 12:59:00,21847,21848,21847,21847,180
2025-04-25 13:00:00,21849,21852,21849,21850,52
2025-04-25 13:01:00,21852,21852,21850,21851,76
2025-04-25 13:02:00,21855,21856,21854,21855,227
2025-04-25 13:03:00,21855,21855,21853,21854,198
2025-04-25 13:04:00,21854,21854,21853,21853,281
2025-04-25 13:05:00,21850,21850,21849,21850,165
2025-04-25 13:06:00,21850,21851,21850,21851,219
2025-04-25 13:07:00,21849,21849,21849,21849,159
2025-04-25 13:08:00,21850,21851,21849,21850,247
2025-04-25 13:09:00,21847,21847,21844,21846,169
2025-04-25 13:10:00,21850,21850,21847,21849,40
2025-04-25 13:11:00,21852,21852,21848,21851,72
2025-04-25 13:12:00,21848,21848,21847,21848,102
2025-04-25 13:13:00,21850,21850,21846,21848,180
2025-04-25 13:14:00,21847,21847,21847,21847,201
2025-04-25 13:15:00,21847,21847,21847,21847,303
2025-04-25 13:16:00,21846,21847,21846,21846,1
2025-04-25 13:17:00,21847,21849,21846,21847,184
2025-04-25 13:18:00,21847,21847,21845,21847,404
2025-04-25 13:19:00,21841,21842,21841,21841,163
2025-04-25 13:20:00,21846,21847,21844,21846,262
2025-04-25 13:21:00,21844,21846,21842,21844,94
2025-04-25 13:22:00,21842,21842,21842,21842,257
2025-04-25 13:23:00,21844,21844,21843,21843,106
2025-04-25 13:24:00,21843,21844,21841,21843,202
2025-04-25 13:25:00,21843,21843,21843,21843,363
2025-04-25 13:26:00,21849,21851,21848,21849,219
2025-04-25 13:27:00,21841,21841,21841,21841,229
2025-04-25 13:28:00,21834,21835,21834,21834,207
2025-04-25 13:29:00,21833,21838,21827,21831,1
2025-04-25 13:30:00,21833,21833,21833,21833,283
2025-04-25 13:31:00,21829,21829,21829,21829,441
2025-04-25 13:32:00,21830,21831,21830,21831,32
2025-04-25 13:33:00,21823,21823,21822,21823,277
2025-04-25 13:34:00,21827,21827,21826,21826,192
2025-04-25 13:35:00,21814,21815,21812,21813,401
2025-04-25 13:36:00,21815,21818,21804,21813,263
2025-04-25 13:37:00,21816,21816,21816,21816,244
2025-04-25 13:38:00,21809,21817,21809,21812,276
2025-04-25 13:39:00,21811,21812,21810,21811,391
2025-04-25 13:40:00,21804,21810,21804,21806,298
2025-04-25 13:41:00,21802,21805,21801,21804,246
2025-04-25 13:42:00,21804,21805,21801,21805,438
2025-04-25 13:43:00,21797,21802,21787,21797,71
2025-04-25 13:44:00,21792,21805,21788,21796,739
2025-04-28 08:45:00,21794,21798,21793,21794,459
2025-04-28 08:46:00,21789,21799,21786,21790,337
2025-04-28 08:47:00,21786,21788,21780,21787,397
2025-04-28 08:48:00,21796,21801,21795,21796,434
2025-04-28 08:49:00,21807,21810,21807,21808,281
2025-04-28 08:50:00,21815,21815,21807,21809,238
2025-04-28 08:51:00,21812,21812,21811,21812,515
2025-04-28 08:52:00,21812,21816,21810,21813,193
2025-04-28 08:53:00,21808,21809,21807,21807,131
2025-04-28 08:54:00,21810,21810,21807,21808,466
2025-04-28 08:55:00,21808,21811,21808,21809,305
2025-04-28 08:56:00,21818,21818,21818,21818,229
2025-04-28 08:57:00,21817,21819,21817,21817,488
2025-04-28 08:58:00,21817,21817,21815,21816,231
2025-04-28 08:59:00,21820,21826,21815,21822,434
2025-04-28 09:00:00,21827,21828,21826,21826,215
2025-04-28 09:01:00,21825,21825,21825,21825,156
2025-04-28 09:02:00,21828,21829,21827,21828,155
2025-04-28 09:03:00,21833,21833,21832,21833,134
2025-04-28 09:04:00,21834,21834,21834,21834,334
2025-04-28 09:05:00,21838,21843,21838,21839,209
2025-04-28 09:06:00,21841,21844,21841,21842,246
2025-04-28 09:07:00,21837,21837,21836,21837,498
2025-04-28 09:08:00,21834,21835,21834,21835,328
2025-04-28 09:09:00,21838,21839,21836,21837,336
2025-04-28 09:10:00,21837,21838,21835,21837,500
2025-04-28 09:11:00,21830,21834,21826,21830,450
2025-04-28 09:12:00,21828,21830,21826,21828,334
2025-04-28 09:13:00,21835,21835,21834,21835,203
2025-04-28 09:14:00,21842,21844,21840,21842,335
2025-04-28 09:15:00,21842,21843,21842,21842,134
2025-04-28 09:16:00,21841,21842,21839,21840,169
2025-04-28 09:17:00,21836,21838,21836,21837,108
2025-04-28 09:18:00,21838,21838,21836,21837,135
2025-04-28 09:19:00,21838,21839,21838,21839,42
2025-04-28 09:20:00,21839,21839,21839,21839,61
2025-04-28 09:21:00,21843,21844,21841,21841,293
2025-04-28 09:22:00,21837,21839,21834,21836,189
2025-04-28 09:23:00,21837,21838,21836,21837,125
2025-04-28 09:24:00,21835,21836,21835,21835,210
2025-04-28 09:25:00,21829,21831,21827,21829,195
2025-04-28 09:26:00,21827,21828,21827,21828,288
2025-04-28 09:27:00,21828,21829,21828,21829,251
2025-04-28 09:28:00,21824,21825,21823,21824,176
2025-04-28 09:29:00,21825,21828,21825,21827,10
2025-04-28 09:30:00,21831,21833,21827,21829,82
2025-04-28 09:31:00,21829,21830,21829,21829,41
2025-04-28 09:32:00,21829,21830,21828,21828,66
2025-04-28 09:33:00,21828,21829,21828,21828,275
2025-04-28 09:34:00,21831,21832,21830,21831,170
2025-04-28 09:35:00,21835,21835,21831,21834,154
2025-04-28 09:36:00,21831,21832,21831,21832,239
2025-04-28 09:37:00,21835,21836,21830,21834,130
2025-04-28 09:38:00,21831,21832,21828,21831,339
2025-04-28 09:39:00,21829,21830,21829,21829,215
2025-04-28 09:40:00,21825,21826,21823,21824,150
2025-04-28 09:41:00,21825,21826,21825,21825,284
2025-04-28 09:42:00,21828,21828,21827,21827,222
2025-04-28 09:43:00,21826,21827,21825,21825,142
2025-04-28 09:44:00,21827,21830,21826,21827,196
2025-04-28 09:45:00,21821,21822,21821,21822,216
2025-04-28 09:46:00,21822,21824,21818,21821,273
2025-04-28 09:47:00,21825,21826,21825,21825,185
2025-04-28 09:48:00,21824,21826,21822,21823,302
2025-04-28 09:49:00,21824,21825,21823,21824,244
2025-04-28 09:50:00,21824,21824,21822,21824,112
2025-04-28 09:51:00,21823,21823,21823,21823,208
2025-04-28 09:52:00,21821,21823,21821,21822,200
2025-04-28 09:53:00,21823,21824,21821,21824,142
2025-04-28 09:54:00,21817,21818,21817,21817,286
2025-04-28 09:55:00,21814,21816,21814,21815,140
2025-04-28 09:56:00,21813,21815,21813,21814,140
2025-04-28 09:57:00,21815,21815,21815,21815,124
2025-04-28 09:58:00,21812,21812,21812,21812,291
2025-04-28 09:59:00,21820,21820,21819,21820,228
2025-04-28 10:00:00,21823,21825,21823,21823,265
2025-04-28 10:01:00,21827,21829,21825,21827,97
2025-04-28 10:02:00,21825,21826,21825,21825,130
2025-04-28 10:03:00,21831,21832,21830,21831,226
2025-04-28 10:04:00,21828,21828,21828,21828,80
2025-04-28 10:05:00,21823,21823,21819,21822,165
2025-04-28 10:06:00,21820,21821,21820,21820,139
2025-04-28 10:07:00,21823,21824,21823,21823,160
2025-04-28 10:08:00,21822,21823,21820,21822,152
2025-04-28 10:09:00,21820,21820,21820,21820,110
2025-04-28 10:10:00,21820,21820,21818,21819,165
2025-04-28 10:11:00,21816,21816,21814,21816,236
2025-04-28 10:12:00,21818,21818,21818,21818,260
2025-04-28 10:13:00,21819,21819,21816,21818,261
2025-04-28 10:14:00,21817,21818,21817,21818,235
2025-04-28 10:15:00,21813,21813,21812,21813,89
2025-04-28 10:16:00,21815,21815,21813,21814,235
2025-04-28 10:17:00,21812,21812,21812,21812,23
2025-04-28 10:18:00,21812,21812,21812,21812,168
2025-04-28 10:19:00,21813,21813,21812,21813,150
2025-04-28 10:20:00,21814,21814,21813,21813,211
2025-04-28 10:21:00,21809,21809,21809,21809,1
2025-04-28 10:22:00,21806,21808,21806,21807,60
2025-04-28 10:23:00,21809,21809,21807,21808,292
2025-04-28 10:24:00,21803,21803,21802,21803,41
2025-04-28 10:25:00,21805,21805,21805,21805,207
2025-04-28 10:26:00,21806,21809,21806,21807,367
2025-04-28 10:27:00,21812,21812,21811,21812,172
2025-04-28 10:28:00,21811,21812,21811,21811,62
2025-04-28 10:29:00,21812,21813,21811,21812,231
2025-04-28 10:30:00,21817,21818,21816,21817,214
2025-04-28 10:31:00,21817,21819,21817,21818,244
2025-04-28 10:32:00,21819,21819,21818,21819,207
2025-04-28 10:33:00,21823,21824,21823,21824,271
2025-04-28 10:34:00,21825,21826,21825,21825,195
2025-04-28 10:35:00,21825,21825,21825,21825,142
2025-04-28 10:36:00,21823,21824,21821,21824,144
2025-04-28 10:37:00,21823,21824,21823,21823,146
2025-04-28 10:38:00,21822,21822,21822,21822,191
2025-04-28 10:39:00,21822,21822,21822,21822,151
2025-04-28 10:40:00,21826,21826,21825,21826,324
2025-04-28 10:41:00,21830,21832,21830,21830,203
2025-04-28 10:42:00,21828,21829,21828,21828,138
2025-04-28 10:43:00,21833,21834,21832,21833,138
2025-04-28 10:44:00,21836,21838,21835,21837,330
2025-04-28 10:45:00,21835,21835,21835,21835,148
2025-04-28 10:46:00,21836,21837,21836,21836,87
2025-04-28 10:47:00,21835,21836,21835,21835,84
2025-04-28 10:48:00,21838,21841,21836,21839,159
2025-04-28 10:49:00,21838,21838,21838,21838,102
2025-04-28 10:50:00,21838,21839,21838,21839,231
2025-04-28 10:51:00,21842,21842,21840,21842,122
2025-04-28 10:52:00,21840,21846,21840,21841,43
2025-04-28 10:53:00,21845,21846,21844,21845,115
2025-04-28 10:54:00,21845,21846,21845,21846,139
2025-04-28 10:55:00,21847,21848,21847,21847,237
2025-04-28 10:56:00,21850,21851,21849,21850,144
2025-04-28 10:57:00,21847,21847,21847,21847,82
2025-04-28 10:58:00,21854,21856,21850,21853,139
2025-04-28 10:59:00,21851,21852,21850,21852,219
2025-04-28 11:00:00,21851,21852,21851,21851,123
2025-04-28 11:01:00,21847,21847,21847,21847,227
2025-04-28 11:02:00,21847,21847,21845,21847,128
2025-04-28 11:03:00,21848,21848,21848,21848,137
2025-04-28 11:04:00,21847,21848,21846,21847,149
2025-04-28 11:05:00,21849,21849,21848,21849,98
2025-04-28 11:06:00,21845,21846,21845,21845,128
2025-04-28 11:07:00,21847,21848,21845,21846,181
2025-04-28 11:08:00,21845,21847,21845,21846,151
2025-04-28 11:09:00,21845,21845,21844,21845,143
2025-04-28 11:10:00,21841,21842,21841,21842,109
2025-04-28 11:11:00,21843,21845,21843,21844,128
2025-04-28 11:12:00,21845,21845,21843,21844,183
2025-04-28 11:13:00,21845,21845,21844,21844,134
2025-04-28 11:14:00,21844,21846,21840,21844,42
2025-04-28 11:15:00,21845,21847,21845,21846,5
2025-04-28 11:16:00,21845,21847,21845,21846,1
2025-04-28 11:17:00,21849,21850,21847,21849,1
2025-04-28 11:18:00,21849,21851,21848,21849,274
2025-04-28 11:19:00,21847,21847,21846,21846,129
2025-04-28 11:20:00,21850,21850,21846,21847,162
2025-04-28 11:21:00,21845,21845,21845,21845,185
2025-04-28 11:22:00,21845,21845,21845,21845,187
2025-04-28 11:23:00,21841,21842,21841,21842,1
2025-04-28 11:24:00,21843,21844,21843,21844,105
2025-04-28 11:25:00,21845,21847,21845,21846,178
2025-04-28 11:26:00,21847,21847,21847,21847,210
2025-04-28 11:27:00,21848,21848,21848,21848,239
2025-04-28 11:28:00,21844,21844,21844,21844,53
2025-04-28 11:29:00,21839,21841,21838,21839,236
2025-04-28 11:30:00,21835,21836,21835,21835,94
2025-04-28 11:31:00,21833,21833,21833,21833,140
2025-04-28 11:32:00,21834,21835,21834,21834,72
2025-04-28 11:33:00,21841,21841,21840,21840,103
2025-04-28 11:34:00,21841,21842,21840,21841,229
2025-04-28 11:35:00,21842,21842,21838,21840,327
2025-04-28 11:36:00,21845,21845,21844,21844,192
2025-04-28 11:37:00,21845,21846,21845,21845,132
2025-04-28 11:38:00,21845,21846,21841,21844,128
2025-04-28 11:39:00,21848,21849,21848,21848,279
2025-04-28 11:40:00,21849,21850,21848,21849,111
2025-04-28 11:41:00,21849,21850,21849,21849,94
2025-04-28 11:42:00,21845,21845,21844,21844,45
2025-04-28 11:43:00,21843,21849,21843,21845,94
2025-04-28 11:44:00,21850,21850,21850,21850,222
2025-04-28 11:45:00,21853,21854,21852,21853,77
2025-04-28 11:46:00,21854,21855,21854,21855,50
2025-04-28 11:47:00,21853,21854,21853,21853,189
2025-04-28 11:48:00,21858,21858,21855,21856,243
2025-04-28 11:49:00,21858,21859,21858,21858,63
2025-04-28 11:50:00,21861,21861,21860,21860,187
2025-04-28 11:51:00,21866,21869,21865,21866,198
2025-04-28 11:52:00,21869,21870,21865,21869,39
2025-04-28 11:53:00,21870,21870,21869,21869,228
2025-04-28 11:54:00,21872,21873,21872,21872,98
2025-04-28 11:55:00,21872,21872,21872,21872,220
2025-04-28 11:56:00,21868,21869,21868,21869,1
2025-04-28 11:57:00,21870,21870,21870,21870,1
2025-04-28 11:58:00,21867,21869,21866,21867,143
2025-04-28 11:59:00,21870,21870,21869,21870,219
2025-04-28 12:00:00,21870,21870,21870,21870,261
2025-04-28 12:01:00,21873,21873,21873,21873,380
2025-04-28 12:02:00,21873,21873,21873,21873,158
2025-04-28 12:03:00,21870,21871,21870,21871,27
2025-04-28 12:04:00,21875,21875,21875,21875,256
2025-04-28 12:05:00,21879,21879,21874,21877,234
2025-04-28 12:06:00,21881,21884,21880,21881,190
2025-04-28 12:07:00,21880,21880,21879,21879,335
2025-04-28 12:08:00,21878,21878,21876,21877,152
2025-04-28 12:09:00,21879,21879,21877,21879,279
2025-04-28 12:10:00,21879,21879,21874,21878,208
2025-04-28 12:11:00,21874,21875,21874,21874,1
2025-04-28 12:12:00,21874,21875,21874,21875,290
2025-04-28 12:13:00,21875,21876,21875,21875,217
2025-04-28 12:14:00,21876,21876,21876,21876,274
2025-04-28 12:15:00,21881,21882,21878,21879,267
2025-04-28 12:16:00,21882,21882,21881,21882,212
2025-04-28 12:17:00,21880,21881,21876,21880,278
2025-04-28 12:18:00,21882,21882,21878,21881,261
2025-04-28 12:19:00,21879,21884,21879,21879,236
2025-04-28 12:20:00,21879,21880,21879,21879,69
2025-04-28 12:21:00,21877,21877,21877,21877,113
2025-04-28 12:22:00,21877,21877,21877,21877,275
2025-04-28 12:23:00,21878,21879,21878,21879,48
2025-04-28 12:24:00,21874,21875,21873,21874,333
2025-04-28 12:25:00,21871,21873,21869,21872,41
2025-04-28 12:26:00,21872,21874,21871,21873,235
2025-04-28 12:27:00,21871,21872,21870,21872,128
2025-04-28 12:28:00,21871,21871,21870,21871,189
2025-04-28 12:29:00,21872,21872,21872,21872,13
2025-04-28 12:30:00,21871,21871,21871,21871,122
2025-04-28 12:31:00,21874,21874,21874,21874,166
2025-04-28 12:32:00,21874,21875,21873,21874,118
2025-04-28 12:33:00,21870,21870,21870,21870,149
2025-04-28 12:34:00,21874,21877,21873,21874,161
2025-04-28 12:35:00,21874,21874,21872,21873,176
2025-04-28 12:36:00,21871,21872,21870,21871,65
2025-04-28 12:37:00,21866,21866,21866,21866,146
2025-04-28 12:38:00,21869,21870,21869,21869,347
2025-04-28 12:39:00,21870,21872,21870,21871,285
2025-04-28 12:40:00,21873,21874,21872,21872,198
2025-04-28 12:41:00,21875,21876,21875,21876,329
2025-04-28 12:42:00,21880,21881,21880,21880,59
2025-04-28 12:43:00,21884,21884,21884,21884,313
2025-04-28 12:44:00,21889,21889,21888,21889,171
2025-04-28 12:45:00,21884,21885,21884,21884,123
2025-04-28 12:46:00,21884,21884,21883,21884,175
2025-04-28 12:47:00,21885,21886,21884,21885,237
2025-04-28 12:48:00,21886,21886,21886,21886,183
2025-04-28 12:49:00,21893,21894,21887,21891,163
2025-04-28 12:50:00,21895,21895,21890,21895,231
2025-04-28 12:51:00,21895,21896,21893,21894,462
2025-04-28 12:52:00,21895,21895,21895,21895,248
2025-04-28 12:53:00,21895,21896,21893,21895,130
2025-04-28 12:54:00,21897,21897,21893,21896,201
2025-04-28 12:55:00,21899,21900,21899,21900,203
2025-04-28 12:56:00,21895,21900,21891,21897,95
2025-04-28 12:57:00,21899,21899,21899,21899,75
2025-04-28 12:58:00,21900,21900,21900,21900,93
2025-04-28 12:59:00,21899,21899,21898,21898,150
2025-04-28 13:00:00,21900,21901,21899,21900,116
2025-04-28 13:01:00,21902,21902,21902,21902,189
2025-04-28 13:02:00,21899,21900,21899,21900,255
2025-04-28 13:03:00,21902,21902,21902,21902,133
2025-04-28 13:04:00,21905,21906,21905,21905,141
2025-04-28 13:05:00,21904,21905,21904,21904,35
2025-04-28 13:06:00,21903,21903,21902,21903,223
2025-04-28 13:07:00,21898,21898,21898,21898,178
2025-04-28 13:08:00,21894,21895,21893,21894,145
2025-04-28 13:09:00,21891,21891,21891,21891,302
2025-04-28 13:10:00,21891,21891,21890,21891,91
2025-04-28 13:11:00,21886,21886,21886,21886,99
2025-04-28 13:12:00,21889,21889,21889,21889,95
2025-04-28 13:13:00,21890,21891,21890,21890,97
2025-04-28 13:14:00,21893,21893,21893,21893,140
2025-04-28 13:15:00,21895,21896,21894,21895,254
2025-04-28 13:16:00,21899,21899,21897,21898,261
2025-04-28 13:17:00,21899,21899,21898,21899,82
2025-04-28 13:18:00,21898,21900,21895,21898,276
2025-04-28 13:19:00,21895,21895,21894,21895,111
2025-04-28 13:20:00,21894,21894,21893,21893,185
2025-04-28 13:21:00,21890,21890,21889,21889,182
2025-04-28 13:22:00,21899,21899,21894,21897,256
2025-04-28 13:23:00,21895,21896,21894,21895,414
2025-04-28 13:24:00,21891,21891,21891,21891,215
2025-04-28 13:25:00,21896,21896,21892,21894,205
2025-04-28 13:26:00,21887,21895,21887,21889,361
2025-04-28 13:27:00,21889,21890,21889,21890,713
2025-04-28 13:28:00,21900,21900,21900,21900,197
2025-04-28 13:29:00,21893,21896,21885,21894,258
2025-04-28 13:30:00,21885,21889,21884,21886,447
2025-04-28 13:31:00,21885,21887,21883,21884,219
2025-04-28 13:32:00,21883,21884,21882,21883,259
2025-04-28 13:33:00,21878,21878,21878,21878,433
2025-04-28 13:34:00,21880,21880,21879,21879,65
2025-04-28 13:35:00,21887,21888,21886,21887,204
2025-04-28 13:36:00,21894,21895,21893,21895,413
2025-04-28 13:37:00,21885,21892,21885,21888,123
2025-04-28 13:38:00,21893,21893,21892,21893,382
2025-04-28 13:39:00,21886,21887,21885,21886,292
2025-04-28 13:40:00,21891,21894,21888,21892,293
2025-04-28 13:41:00,21887,21896,21887,21889,784
2025-04-28 13:42:00,21894,21894,21892,21893,317
2025-04-28 13:43:00,21884,21887,21875,21885,448
2025-04-28 13:44:00,21873,21873,21872,21872,454
2025-04-29 08:45:00,21880,21881,21880,21880,288
2025-04-29 08:46:00,21875,21876,21875,21875,421
2025-04-29 08:47:00,21881,21881,21881,21881,411
2025-04-29 08:48:00,21879,21879,21873,21878,327
2025-04-29 08:49:00,21871,21872,21871,21871,14
2025-04-29 08:50:00,21873,21875,21873,21874,537
2025-04-29 08:51:00,21873,21875,21871,21872,528
2025-04-29 08:52:00,21862,21874,21840,21862,329
2025-04-29 08:53:00,21867,21867,21867,21867,282
2025-04-29 08:54:00,21861,21863,21861,21862,561
2025-04-29 08:55:00,21854,21858,21852,21855,236
2025-04-29 08:56:00,21844,21844,21844,21844,590
2025-04-29 08:57:00,21861,21862,21858,21860,439
2025-04-29 08:58:00,21851,21851,21842,21845,115
2025-04-29 08:59:00,21842,21842,21838,21840,384
2025-04-29 09:00:00,21830,21831,21829,21830,13
2025-04-29 09:01:00,21826,21830,21826,21828,225
2025-04-29 09:02:00,21834,21834,21833,21833,147
2025-04-29 09:03:00,21832,21833,21830,21832,288
2025-04-29 09:04:00,21843,21844,21841,21842,201
2025-04-29 09:05:00,21841,21846,21841,21843,251
2025-04-29 09:06:00,21841,21841,21840,21840,169
2025-04-29 09:07:00,21839,21839,21838,21839,73
2025-04-29 09:08:00,21840,21840,21839,21840,264
2025-04-29 09:09:00,21841,21847,21841,21842,171
2025-04-29 09:10:00,21834,21836,21834,21835,408
2025-04-29 09:11:00,21829,21829,21827,21829,224
2025-04-29 09:12:00,21830,21830,21829,21830,217
2025-04-29 09:13:00,21832,21833,21831,21832,168
2025-04-29 09:14:00,21835,21845,21831,21834,16
2025-04-29 09:15:00,21838,21838,21838,21838,197
2025-04-29 09:16:00,21837,21838,21834,21836,93
2025-04-29 09:17:00,21832,21834,21830,21830,274
2025-04-29 09:18:00,21825,21825,21825,21825,192
2025-04-29 09:19:00,21825,21826,21825,21826,334
2025-04-29 09:20:00,21826,21827,21825,21825,153
2025-04-29 09:21:00,21826,21827,21826,21826,125
2025-04-29 09:22:00,21832,21832,21832,21832,220
2025-04-29 09:23:00,21833,21834,21832,21833,187
2025-04-29 09:24:00,21833,21833,21832,21833,230
2025-04-29 09:25:00,21829,21829,21829,21829,141
2025-04-29 09:26:00,21829,21829,21828,21828,131
2025-04-29 09:27:00,21830,21830,21829,21830,279
2025-04-29 09:28:00,21828,21832,21826,21827,290
2025-04-29 09:29:00,21828,21829,21828,21828,291
2025-04-29 09:30:00,21823,21825,21822,21824,152
2025-04-29 09:31:00,21824,21826,21824,21825,158
2025-04-29 09:32:00,21829,21830,21829,21829,140
2025-04-29 09:33:00,21827,21829,21825,21828,160
2025-04-29 09:34:00,21831,21833,21828,21831,123
2025-04-29 09:35:00,21831,21832,21831,21831,270
2025-04-29 09:36:00,21832,21833,21832,21833,183
2025-04-29 09:37:00,21833,21834,21827,21833,243
2025-04-29 09:38:00,21832,21832,21832,21832,63
2025-04-29 09:39:00,21833,21834,21832,21833,287
2025-04-29 09:40:00,21834,21834,21834,21834,120
2025-04-29 09:41:00,21833,21833,21832,21833,187
2025-04-29 09:42:00,21835,21835,21834,21835,194
2025-04-29 09:43:00,21835,21837,21835,21836,232
2025-04-29 09:44:00,21841,21842,21838,21840,44
2025-04-29 09:45:00,21845,21845,21844,21844,109
2025-04-29 09:46:00,21845,21845,21845,21845,195
2025-04-29 09:47:00,21841,21845,21841,21844,216
2025-04-29 09:48:00,21845,21845,21845,21845,190
2025-04-29 09:49:00,21846,21847,21846,21846,88
2025-04-29 09:50:00,21842,21842,21840,21842,182
2025-04-29 09:51:00,21845,21846,21845,21845,214
2025-04-29 09:52:00,21842,21842,21841,21842,138
2025-04-29 09:53:00,21842,21842,21842,21842,190
2025-04-29 09:54:00,21839,21839,21838,21839,194
2025-04-29 09:55:00,21837,21839,21835,21838,137
2025-04-29 09:56:00,21839,21842,21835,21838,354
2025-04-29 09:57:00,21838,21839,21837,21838,109
2025-04-29 09:58:00,21842,21843,21840,21842,178
2025-04-29 09:59:00,21836,21836,21836,21836,231
2025-04-29 10:00:00,21833,21834,21832,21832,198
2025-04-29 10:01:00,21837,21837,21837,21837,237
2025-04-29 10:02:00,21837,21837,21837,21837,306
2025-04-29 10:03:00,21840,21840,21840,21840,202
2025-04-29 10:04:00,21840,21842,21838,21840,239
2025-04-29 10:05:00,21843,21844,21842,21843,221
2025-04-29 10:06:00,21847,21847,21846,21847,165
2025-04-29 10:07:00,21846,21847,21846,21847,174
2025-04-29 10:08:00,21848,21849,21846,21848,146
2025-04-29 10:09:00,21851,21852,21850,21851,446
2025-04-29 10:10:00,21848,21849,21843,21848,92
2025-04-29 10:11:00,21847,21848,21847,21847,38
2025-04-29 10:12:00,21848,21848,21847,21848,171
2025-04-29 10:13:00,21849,21850,21849,21849,198
2025-04-29 10:14:00,21853,21853,21851,21852,60
2025-04-29 10:15:00,21855,21859,21854,21855,78
2025-04-29 10:16:00,21860,21860,21860,21860,304
2025-04-29 10:17:00,21857,21857,21856,21856,242
2025-04-29 10:18:00,21854,21854,21854,21854,215
2025-04-29 10:19:00,21854,21854,21853,21853,106
2025-04-29 10:20:00,21855,21857,21855,21856,272
2025-04-29 10:21:00,21856,21857,21856,21856,240
2025-04-29 10:22:00,21862,21862,21862,21862,124
2025-04-29 10:23:00,21864,21867,21864,21864,105
2025-04-29 10:24:00,21870,21870,21870,21870,63
2025-04-29 10:25:00,21873,21876,21872,21873,57
2025-04-29 10:26:00,21871,21871,21870,21871,269
2025-04-29 10:27:00,21867,21869,21861,21868,116
2025-04-29 10:28:00,21872,21872,21872,21872,315
2025-04-29 10:29:00,21872,21872,21872,21872,181
2025-04-29 10:30:00,21877,21877,21874,21876,205
2025-04-29 10:31:00,21873,21876,21871,21873,196
2025-04-29 10:32:00,21875,21876,21874,21875,304
2025-04-29 10:33:00,21876,21878,21875,21876,104
2025-04-29 10:34:00,21877,21877,21877,21877,99
2025-04-29 10:35:00,21880,21887,21878,21880,256
2025-04-29 10:36:00,21878,21880,21877,21879,240
2025-04-29 10:37:00,21880,21882,21878,21880,222
2025-04-29 10:38:00,21881,21882,21880,21881,117
2025-04-29 10:39:00,21880,21882,21880,21880,89
2025-04-29 10:40:00,21879,21880,21879,21879,134
2025-04-29 10:41:00,21878,21880,21876,21879,101
2025-04-29 10:42:00,21871,21871,21867,21870,183
2025-04-29 10:43:00,21873,21874,21873,21873,352
2025-04-29 10:44:00,21873,21873,21872,21873,218
2025-04-29 10:45:00,21874,21875,21874,21875,294
2025-04-29 10:46:00,21876,21876,21876,21876,114
2025-04-29 10:47:00,21878,21878,21874,21876,219
2025-04-29 10:48:00,21875,21875,21874,21875,179
2025-04-29 10:49:00,21876,21876,21875,21876,191
2025-04-29 10:50:00,21872,21873,21871,21872,75
2025-04-29 10:51:00,21874,21874,21871,21873,301
2025-04-29 10:52:00,21872,21872,21872,21872,175
2025-04-29 10:53:00,21873,21873,21873,21873,109
2025-04-29 10:54:00,21875,21875,21874,21875,102
2025-04-29 10:55:00,21878,21879,21878,21879,112
2025-04-29 10:56:00,21881,21882,21881,21881,155
2025-04-29 10:57:00,21877,21878,21875,21876,127
2025-04-29 10:58:00,21881,21883,21879,21880,76
2025-04-29 10:59:00,21884,21885,21884,21884,172
2025-04-29 11:00:00,21885,21885,21885,21885,81
2025-04-29 11:01:00,21888,21889,21888,21889,150
2025-04-29 11:02:00,21891,21892,21888,21891,228
2025-04-29 11:03:00,21893,21893,21891,21892,141
2025-04-29 11:04:00,21895,21895,21893,21895,155
2025-04-29 11:05:00,21891,21893,21891,21892,176
2025-04-29 11:06:00,21892,21898,21891,21892,152
2025-04-29 11:07:00,21894,21895,21893,21894,160
2025-04-29 11:08:00,21893,21893,21893,21893,25
2025-04-29 11:09:00,21889,21889,21889,21889,133
2025-04-29 11:10:00,21887,21887,21885,21886,199
2025-04-29 11:11:00,21889,21889,21889,21889,1
2025-04-29 11:12:00,21893,21893,21892,21893,65
2025-04-29 11:13:00,21889,21891,21889,21890,189
2025-04-29 11:14:00,21894,21894,21894,21894,1
2025-04-29 11:15:00,21895,21897,21895,21896,168
2025-04-29 11:16:00,21894,21894,21894,21894,1
2025-04-29 11:17:00,21895,21897,21894,21895,97
2025-04-29 11:18:00,21891,21891,21890,21891,263
2025-04-29 11:19:00,21887,21887,21885,21886,74
2025-04-29 11:20:00,21886,21887,21886,21886,78
2025-04-29 11:21:00,21886,21888,21886,21887,107
2025-04-29 11:22:00,21890,21890,21889,21890,281
2025-04-29 11:23:00,21890,21891,21890,21891,45
2025-04-29 11:24:00,21892,21893,21892,21892,94
2025-04-29 11:25:00,21887,21888,21887,21888,230
2025-04-29 11:26:00,21890,21890,21888,21889,170
2025-04-29 11:27:00,21889,21895,21888,21890,165
2025-04-29 11:28:00,21891,21891,21891,21891,344
2025-04-29 11:29:00,21887,21888,21887,21888,231
2025-04-29 11:30:00,21889,21894,21888,21891,129
2025-04-29 11:31:00,21892,21893,21892,21892,152
2025-04-29 11:32:00,21895,21895,21895,21895,35
2025-04-29 11:33:00,21894,21895,21894,21894,187
2025-04-29 11:34:00,21896,21896,21895,21895,125
2025-04-29 11:35:00,21892,21893,21891,21893,160
2025-04-29 11:36:00,21887,21888,21887,21888,62
2025-04-29 11:37:00,21889,21889,21889,21889,71
2025-04-29 11:38:00,21886,21886,21886,21886,106
2025-04-29 11:39:00,21887,21888,21886,21887,185
2025-04-29 11:40:00,21887,21887,21886,21887,199
2025-04-29 11:41:00,21887,21889,21887,21887,308
2025-04-29 11:42:00,21887,21888,21886,21888,159
2025-04-29 11:43:00,21886,21886,21886,21886,158
2025-04-29 11:44:00,21884,21884,21884,21884,136
2025-04-29 11:45:00,21883,21885,21882,21884,135
2025-04-29 11:46:00,21883,21884,21882,21883,142
2025-04-29 11:47:00,21883,21884,21883,21883,230
2025-04-29 11:48:00,21884,21885,21884,21885,166
2025-04-29 11:49:00,21885,21885,21885,21885,65
2025-04-29 11:50:00,21883,21883,21882,21883,219
2025-04-29 11:51:00,21883,21883,21883,21883,229
2025-04-29 11:52:00,21882,21884,21878,21879,188
2025-04-29 11:53:00,21880,21882,21879,21880,190
2025-04-29 11:54:00,21881,21881,21880,21881,309
2025-04-29 11:55:00,21880,21880,21879,21880,176
2025-04-29 11:56:00,21877,21878,21874,21877,176
2025-04-29 11:57:00,21877,21878,21877,21877,140
2025-04-29 11:58:00,21876,21876,21874,21875,267
2025-04-29 11:59:00,21881,21881,21880,21881,83
2025-04-29 12:00:00,21880,21881,21879,21880,111
2025-04-29 12:01:00,21881,21881,21877,21879,192
2025-04-29 12:02:00,21878,21878,21878,21878,226
2025-04-29 12:03:00,21877,21880,21876,21878,79
2025-04-29 12:04:00,21875,21875,21873,21874,294
2025-04-29 12:05:00,21880,21881,21879,21880,308
2025-04-29 12:06:00,21877,21880,21876,21878,327
2025-04-29 12:07:00,21881,21881,21879,21880,277
2025-04-29 12:08:00,21879,21881,21877,21880,59
2025-04-29 12:09:00,21881,21884,21875,21881,350
2025-04-29 12:10:00,21879,21881,21878,21880,234
2025-04-29 12:11:00,21878,21880,21877,21879,205
2025-04-29 12:12:00,21876,21876,21875,21875,152
2025-04-29 12:13:00,21874,21874,21873,21873,249
2025-04-29 12:14:00,21872,21872,21871,21872,32
2025-04-29 12:15:00,21868,21869,21868,21868,126
2025-04-29 12:16:00,21871,21873,21871,21871,301
2025-04-29 12:17:00,21865,21866,21865,21866,146
2025-04-29 12:18:00,21863,21864,21862,21863,157
2025-04-29 12:19:00,21858,21858,21858,21858,241
2025-04-29 12:20:00,21855,21857,21855,21856,331
2025-04-29 12:21:00,21857,21860,21857,21858,152
2025-04-29 12:22:00,21860,21861,21860,21861,188
2025-04-29 12:23:00,21859,21859,21858,21859,154
2025-04-29 12:24:00,21861,21861,21860,21861,102
2025-04-29 12:25:00,21858,21860,21858,21859,154
2025-04-29 12:26:00,21858,21859,21858,21859,107
2025-04-29 12:27:00,21853,21854,21852,21854,94
2025-04-29 12:28:00,21854,21855,21854,21855,75
2025-04-29 12:29:00,21857,21858,21857,21858,54
2025-04-29 12:30:00,21855,21855,21855,21855,161
2025-04-29 12:31:00,21852,21854,21852,21853,100
2025-04-29 12:32:00,21856,21856,21855,21856,115
2025-04-29 12:33:00,21853,21853,21852,21852,198
2025-04-29 12:34:00,21853,21854,21853,21854,206
2025-04-29 12:35:00,21858,21858,21857,21858,287
2025-04-29 12:36:00,21857,21857,21857,21857,203
2025-04-29 12:37:00,21856,21856,21847,21853,54
2025-04-29 12:38:00,21850,21853,21847,21851,182
2025-04-29 12:39:00,21852,21853,21851,21852,320
2025-04-29 12:40:00,21849,21849,21849,21849,83
2025-04-29 12:41:00,21845,21846,21845,21846,289
2025-04-29 12:42:00,21846,21846,21845,21846,86
2025-04-29 12:43:00,21843,21843,21841,21843,28
2025-04-29 12:44:00,21843,21845,21840,21843,36
2025-04-29 12:45:00,21841,21841,21839,21840,72
2025-04-29 12:46:00,21842,21843,21840,21841,88
2025-04-29 12:47:00,21841,21842,21841,21842,46
2025-04-29 12:48:00,21843,21844,21843,21844,244
2025-04-29 12:49:00,21845,21845,21844,21844,202
2025-04-29 12:50:00,21846,21846,21846,21846,60
2025-04-29 12:51:00,21841,21841,21840,21841,185
2025-04-29 12:52:00,21841,21841,21841,21841,302
2025-04-29 12:53:00,21840,21840,21840,21840,113
2025-04-29 12:54:00,21839,21840,21839,21839,238
2025-04-29 12:55:00,21837,21839,21837,21837,221
2025-04-29 12:56:00,21841,21842,21840,21841,122
2025-04-29 12:57:00,21839,21840,21838,21839,256
2025-04-29 12:58:00,21839,21840,21839,21839,185
2025-04-29 12:59:00,21837,21838,21834,21836,358
2025-04-29 13:00:00,21836,21838,21835,21836,278
2025-04-29 13:01:00,21835,21835,21834,21835,63
2025-04-29 13:02:00,21838,21838,21838,21838,127
2025-04-29 13:03:00,21836,21837,21835,21836,240
2025-04-29 13:04:00,21828,21831,21827,21829,187
2025-04-29 13:05:00,21827,21828,21827,21828,286
2025-04-29 13:06:00,21828,21830,21828,21829,106
2025-04-29 13:07:00,21830,21830,21830,21830,233
2025-04-29 13:08:00,21828,21829,21825,21828,256
2025-04-29 13:09:00,21825,21825,21824,21825,26
2025-04-29 13:10:00,21825,21830,21824,21825,228
2025-04-29 13:11:00,21830,21830,21826,21829,142
2025-04-29 13:12:00,21834,21834,21833,21834,48
2025-04-29 13:13:00,21830,21832,21829,21831,207
2025-04-29 13:14:00,21832,21832,21832,21832,135
2025-04-29 13:15:00,21832,21833,21832,21833,144
2025-04-29 13:16:00,21831,21833,21830,21831,228
2025-04-29 13:17:00,21832,21833,21831,21832,214
2025-04-29 13:18:00,21826,21827,21819,21826,537
2025-04-29 13:19:00,21831,21831,21830,21831,208
2025-04-29 13:20:00,21832,21833,21832,21832,300
2025-04-29 13:21:00,21830,21830,21829,21829,227
2025-04-29 13:22:00,21832,21833,21832,21832,216
2025-04-29 13:23:00,21831,21833,21828,21831,130
2025-04-29 13:24:00,21827,21828,21827,21827,378
2025-04-29 13:25:00,21833,21835,21827,21831,268
2025-04-29 13:26:00,21826,21829,21823,21826,86
2025-04-29 13:27:00,21823,21825,21823,21825,390
2025-04-29 13:28:00,21825,21826,21825,21825,305
2025-04-29 13:29:00,21814,21821,21812,21819,353
2025-04-29 13:30:00,21828,21829,21828,21829,208
2025-04-29 13:31:00,21825,21828,21825,21827,648
2025-04-29 13:32:00,21821,21821,21820,21821,312
2025-04-29 13:33:00,21824,21824,21824,21824,525
2025-04-29 13:34:00,21815,21815,21815,21815,437
2025-04-29 13:35:00,21816,21816,21816,21816,268
2025-04-29 13:36:00,21816,21816,21812,21815,450
2025-04-29 13:37:00,21822,21825,21816,21816,374
2025-04-29 13:38:00,21827,21827,21826,21826,536
2025-04-29 13:39:00,21828,21830,21823,21827,425
2025-04-29 13:40:00,21831,21832,21831,21831,148
2025-04-29 13:41:00,21835,21836,21828,21832,478
2025-04-29 13:42:00,21837,21840,21836,21837,161
2025-04-29 13:43:00,21839,21841,21828,21836,104
2025-04-29 13:44:00,21830,21831,21828,21830,130
2025-04-30 08:45:00,21844,21845,21844,21844,393
2025-04-30 08:46:00,21842,21842,21834,21840,358
2025-04-30 08:47:00,21843,21843,21842,21842,369
2025-04-30 08:48:00,21840,21840,21838,21838,180
2025-04-30 08:49:00,21839,21841,21839,21840,496
2025-04-30 08:50:00,21839,21842,21839,21840,376
2025-04-30 08:51:00,21842,21843,21838,21840,493
2025-04-30 08:52:00,21840,21841,21840,21841,454
2025-04-30 08:53:00,21831,21831,21831,21831,294
2025-04-30 08:54:00,21835,21839,21830,21836,57
2025-04-30 08:55:00,21828,21831,21828,21831,250
2025-04-30 08:56:00,21832,21832,21832,21832,85
2025-04-30 08:57:00,21830,21830,21825,21829,270
2025-04-30 08:58:00,21829,21830,21829,21829,292
2025-04-30 08:59:00,21828,21830,21828,21829,366
2025-04-30 09:00:00,21827,21827,21826,21827,361
2025-04-30 09:01:00,21829,21829,21829,21829,1
2025-04-30 09:02:00,21830,21830,21830,21830,193
2025-04-30 09:03:00,21824,21824,21823,21824,1
2025-04-30 09:04:00,21824,21825,21824,21824,216
2025-04-30 09:05:00,21817,21817,21817,21817,244
2025-04-30 09:06:00,21808,21811,21802,21807,271
2025-04-30 09:07:00,21809,21810,21807,21809,171
2025-04-30 09:08:00,21808,21808,21807,21808,163
2025-04-30 09:09:00,21808,21808,21806,21807,318
2025-04-30 09:10:00,21808,21809,21805,21808,317
2025-04-30 09:11:00,21808,21809,21808,21808,260
2025-04-30 09:12:00,21807,21809,21806,21807,238
2025-04-30 09:13:00,21810,21810,21809,21810,318
2025-04-30 09:14:00,21810,21814,21804,21809,282
2025-04-30 09:15:00,21814,21816,21814,21814,231
2025-04-30 09:16:00,21814,21816,21813,21814,274
2025-04-30 09:17:00,21810,21811,21806,21809,151
2025-04-30 09:18:00,21806,21807,21806,21806,116
2025-04-30 09:19:00,21807,21807,21807,21807,366
2025-04-30 09:20:00,21810,21812,21810,21810,216
2025-04-30 09:21:00,21812,21813,21810,21810,204
2025-04-30 09:22:00,21810,21812,21809,21809,359
2025-04-30 09:23:00,21804,21806,21804,21805,6
2025-04-30 09:24:00,21805,21806,21804,21805,158
2025-04-30 09:25:00,21808,21809,21808,21808,135
2025-04-30 09:26:00,21807,21807,21806,21807,315
2025-04-30 09:27:00,21809,21809,21807,21808,128
2025-04-30 09:28:00,21805,21805,21805,21805,281
2025-04-30 09:29:00,21804,21804,21802,21804,174
2025-04-30 09:30:00,21806,21806,21806,21806,241
2025-04-30 09:31:00,21808,21810,21806,21808,162
2025-04-30 09:32:00,21807,21809,21806,21807,134
2025-04-30 09:33:00,21805,21805,21805,21805,200
2025-04-30 09:34:00,21811,21812,21809,21811,237
2025-04-30 09:35:00,21805,21805,21803,21804,181
2025-04-30 09:36:00,21803,21805,21802,21803,239
2025-04-30 09:37:00,21802,21804,21802,21803,151
2025-04-30 09:38:00,21802,21802,21800,21801,256
2025-04-30 09:39:00,21798,21802,21796,21800,223
2025-04-30 09:40:00,21806,21806,21805,21806,272
2025-04-30 09:41:00,21808,21814,21808,21810,288
2025-04-30 09:42:00,21805,21808,21805,21807,166
2025-04-30 09:43:00,21807,21811,21807,21810,188
2025-04-30 09:44:00,21808,21808,21808,21808,234
2025-04-30 09:45:00,21806,21808,21806,21806,322
2025-04-30 09:46:00,21805,21806,21805,21805,100
2025-04-30 09:47:00,21799,21799,21799,21799,95
2025-04-30 09:48:00,21800,21802,21798,21800,339
2025-04-30 09:49:00,21800,21800,21800,21800,173
2025-04-30 09:50:00,21800,21802,21800,21800,170
2025-04-30 09:51:00,21798,21798,21798,21798,266
2025-04-30 09:52:00,21799,21799,21799,21799,75
2025-04-30 09:53:00,21800,21802,21800,21801,242
2025-04-30 09:54:00,21799,21799,21799,21799,277
2025-04-30 09:55:00,21803,21804,21802,21803,157
2025-04-30 09:56:00,21799,21802,21799,21800,156
2025-04-30 09:57:00,21803,21803,21803,21803,101
2025-04-30 09:58:00,21804,21806,21804,21804,15
2025-04-30 09:59:00,21797,21797,21796,21797,194
2025-04-30 10:00:00,21799,21799,21797,21798,5
2025-04-30 10:01:00,21799,21799,21798,21798,173
2025-04-30 10:02:00,21797,21797,21797,21797,177
2025-04-30 10:03:00,21799,21799,21798,21799,133
2025-04-30 10:04:00,21794,21794,21794,21794,151
2025-04-30 10:05:00,21794,21796,21794,21795,357
2025-04-30 10:06:00,21798,21799,21796,21797,91
2025-04-30 10:07:00,21794,21794,21792,21794,316
2025-04-30 10:08:00,21794,21794,21793,21793,346
2025-04-30 10:09:00,21786,21787,21786,21786,319
2025-04-30 10:10:00,21789,21790,21789,21789,347
2025-04-30 10:11:00,21793,21793,21793,21793,246
2025-04-30 10:12:00,21794,21796,21794,21795,211
2025-04-30 10:13:00,21794,21796,21791,21794,208
2025-04-30 10:14:00,21790,21790,21790,21790,258
2025-04-30 10:15:00,21789,21789,21788,21789,124
2025-04-30 10:16:00,21790,21790,21789,21790,14
2025-04-30 10:17:00,21787,21787,21787,21787,269
2025-04-30 10:18:00,21793,21793,21792,21793,92
2025-04-30 10:19:00,21799,21799,21799,21799,216
2025-04-30 10:20:00,21796,21796,21796,21796,1
2025-04-30 10:21:00,21802,21802,21797,21801,217
2025-04-30 10:22:00,21798,21804,21794,21800,203
2025-04-30 10:23:00,21801,21801,21800,21801,352
2025-04-30 10:24:00,21804,21808,21801,21804,347
2025-04-30 10:25:00,21805,21806,21805,21805,350
2025-04-30 10:26:00,21804,21805,21802,21804,180
2025-04-30 10:27:00,21800,21801,21800,21800,201
2025-04-30 10:28:00,21806,21806,21804,21806,178
2025-04-30 10:29:00,21809,21809,21809,21809,99
2025-04-30 10:30:00,21811,21811,21810,21811,295
2025-04-30 10:31:00,21811,21812,21809,21810,352
2025-04-30 10:32:00,21809,21810,21807,21808,282
2025-04-30 10:33:00,21809,21810,21806,21808,139
2025-04-30 10:34:00,21805,21806,21805,21805,245
2025-04-30 10:35:00,21807,21810,21805,21808,161
2025-04-30 10:36:00,21807,21813,21806,21808,277
2025-04-30 10:37:00,21809,21811,21809,21810,254
2025-04-30 10:38:00,21810,21811,21809,21810,122
2025-04-30 10:39:00,21812,21814,21812,21812,125
2025-04-30 10:40:00,21812,21812,21812,21812,44
2025-04-30 10:41:00,21817,21817,21816,21816,172
2025-04-30 10:42:00,21818,21818,21816,21816,9
2025-04-30 10:43:00,21822,21823,21820,21822,148
2025-04-30 10:44:00,21821,21822,21821,21821,196
2025-04-30 10:45:00,21816,21816,21816,21816,50
2025-04-30 10:46:00,21816,21816,21815,21815,118
2025-04-30 10:47:00,21817,21817,21817,21817,119
2025-04-30 10:48:00,21823,21823,21822,21823,249
2025-04-30 10:49:00,21820,21820,21819,21820,65
2025-04-30 10:50:00,21818,21818,21818,21818,138
2025-04-30 10:51:00,21819,21819,21819,21819,127
2025-04-30 10:52:00,21820,21820,21816,21819,13
2025-04-30 10:53:00,21819,21820,21819,21819,143
2025-04-30 10:54:00,21820,21820,21820,21820,205
2025-04-30 10:55:00,21823,21824,21822,21823,136
2025-04-30 10:56:00,21822,21823,21822,21823,141
2025-04-30 10:57:00,21823,21823,21822,21823,46
2025-04-30 10:58:00,21825,21825,21823,21824,164
2025-04-30 10:59:00,21827,21829,21825,21827,150
2025-04-30 11:00:00,21825,21826,21824,21825,102
2025-04-30 11:01:00,21821,21821,21821,21821,256
2025-04-30 11:02:00,21823,21826,21821,21824,47
2025-04-30 11:03:00,21829,21829,21828,21828,104
2025-04-30 11:04:00,21829,21830,21829,21829,75
2025-04-30 11:05:00,21829,21830,21828,21830,136
2025-04-30 11:06:00,21830,21832,21830,21831,169
2025-04-30 11:07:00,21833,21833,21832,21833,129
2025-04-30 11:08:00,21833,21833,21832,21833,272
2025-04-30 11:09:00,21835,21835,21832,21834,43
2025-04-30 11:10:00,21833,21833,21832,21833,65
2025-04-30 11:11:00,21835,21836,21833,21835,112
2025-04-30 11:12:00,21834,21834,21834,21834,178
2025-04-30 11:13:00,21831,21831,21829,21830,74
2025-04-30 11:14:00,21828,21831,21828,21830,264
2025-04-30 11:15:00,21832,21833,21831,21832,75
2025-04-30 11:16:00,21835,21835,21831,21832,94
2025-04-30 11:17:00,21832,21832,21832,21832,37
2025-04-30 11:18:00,21834,21835,21834,21835,79
2025-04-30 11:19:00,21833,21834,21833,21834,72
2025-04-30 11:20:00,21839,21840,21839,21840,275
2025-04-30 11:21:00,21839,21839,21838,21839,70
2025-04-30 11:22:00,21846,21848,21846,21846,177
2025-04-30 11:23:00,21852,21852,21852,21852,80
2025-04-30 11:24:00,21852,21853,21850,21852,131
2025-04-30 11:25:00,21852,21853,21852,21852,54
2025-04-30 11:26:00,21853,21854,21852,21853,56
2025-04-30 11:27:00,21853,21853,21853,21853,90
2025-04-30 11:28:00,21852,21854,21851,21852,1
2025-04-30 11:29:00,21853,21853,21853,21853,198
2025-04-30 11:30:00,21846,21847,21845,21846,120
2025-04-30 11:31:00,21848,21848,21845,21847,83
2025-04-30 11:32:00,21846,21846,21845,21845,206
2025-04-30 11:33:00,21841,21843,21841,21842,54
2025-04-30 11:34:00,21839,21839,21838,21839,261
2025-04-30 11:35:00,21837,21838,21836,21837,59
2025-04-30 11:36:00,21842,21844,21842,21842,121
2025-04-30 11:37:00,21838,21840,21838,21839,210
2025-04-30 11:38:00,21837,21837,21836,21837,158
2025-04-30 11:39:00,21840,21840,21839,21839,109
2025-04-30 11:40:00,21838,21839,21838,21839,265
2025-04-30 11:41:00,21835,21835,21835,21835,187
2025-04-30 11:42:00,21831,21833,21831,21832,326
2025-04-30 11:43:00,21831,21833,21831,21832,283
2025-04-30 11:44:00,21829,21830,21829,21829,53
2025-04-30 11:45:00,21828,21828,21827,21828,158
2025-04-30 11:46:00,21828,21828,21826,21826,201
2025-04-30 11:47:00,21825,21829,21823,21825,134
2025-04-30 11:48:00,21824,21825,21824,21824,148
2025-04-30 11:49:00,21821,21823,21819,21822,369
2025-04-30 11:50:00,21819,21820,21815,21817,149
2025-04-30 11:51:00,21818,21824,21818,21822,123
2025-04-30 11:52:00,21826,21827,21826,21827,334
2025-04-30 11:53:00,21826,21826,21825,21826,229
2025-04-30 11:54:00,21828,21828,21823,21825,200
2025-04-30 11:55:00,21828,21829,21828,21828,51
2025-04-30 11:56:00,21826,21831,21826,21828,111
2025-04-30 11:57:00,21826,21827,21826,21826,248
2025-04-30 11:58:00,21824,21825,21822,21824,201
2025-04-30 11:59:00,21825,21825,21823,21824,265
2025-04-30 12:00:00,21825,21827,21825,21826,150
2025-04-30 12:01:00,21821,21821,21818,21819,134
2025-04-30 12:02:00,21820,21821,21820,21820,107
2025-04-30 12:03:00,21819,21820,21819,21820,116
2025-04-30 12:04:00,21817,21817,21816,21817,315
2025-04-30 12:05:00,21818,21818,21818,21818,273
2025-04-30 12:06:00,21817,21819,21817,21818,371
2025-04-30 12:07:00,21815,21815,21815,21815,307
2025-04-30 12:08:00,21819,21819,21818,21819,188
2025-04-30 12:09:00,21824,21825,21824,21824,217
2025-04-30 12:10:00,21826,21826,21826,21826,66
2025-04-30 12:11:00,21829,21829,21829,21829,255
2025-04-30 12:12:00,21827,21828,21826,21827,111
2025-04-30 12:13:00,21834,21834,21834,21834,125
2025-04-30 12:14:00,21832,21837,21832,21835,167
2025-04-30 12:15:00,21835,21836,21834,21835,138
2025-04-30 12:16:00,21828,21830,21826,21828,182
2025-04-30 12:17:00,21822,21824,21822,21823,61
2025-04-30 12:18:00,21823,21823,21821,21822,281
2025-04-30 12:19:00,21821,21821,21818,21820,188
2025-04-30 12:20:00,21820,21820,21820,21820,180
2025-04-30 12:21:00,21818,21818,21817,21818,221
2025-04-30 12:22:00,21818,21818,21817,21818,179
2025-04-30 12:23:00,21818,21820,21818,21820,6
2025-04-30 12:24:00,21815,21817,21815,21816,215
2025-04-30 12:25:00,21820,21822,21820,21821,294
2025-04-30 12:26:00,21825,21826,21825,21826,33
2025-04-30 12:27:00,21820,21822,21818,21820,237
2025-04-30 12:28:00,21827,21827,21827,21827,345
2025-04-30 12:29:00,21825,21826,21824,21826,85
2025-04-30 12:30:00,21820,21822,21820,21821,148
2025-04-30 12:31:00,21817,21823,21817,21818,219
2025-04-30 12:32:00,21819,21820,21819,21820,10
2025-04-30 12:33:00,21818,21819,21817,21819,111
2025-04-30 12:34:00,21820,21822,21820,21820,310
2025-04-30 12:35:00,21826,21829,21825,21826,191
2025-04-30 12:36:00,21827,21832,21827,21828,369
2025-04-30 12:37:00,21826,21826,21825,21826,175
2025-04-30 12:38:00,21824,21824,21823,21823,71
2025-04-30 12:39:00,21828,21828,21827,21828,311
2025-04-30 12:40:00,21824,21824,21823,21823,141
2025-04-30 12:41:00,21823,21825,21822,21824,340
2025-04-30 12:42:00,21825,21826,21824,21825,166
2025-04-30 12:43:00,21823,21823,21823,21823,207
2025-04-30 12:44:00,21821,21823,21820,21821,32
2025-04-30 12:45:00,21817,21821,21817,21818,134
2025-04-30 12:46:00,21820,21820,21819,21819,235
2025-04-30 12:47:00,21819,21819,21819,21819,1
2025-04-30 12:48:00,21823,21827,21822,21823,143
2025-04-30 12:49:00,21820,21820,21820,21820,120
2025-04-30 12:50:00,21821,21823,21820,21821,1
2025-04-30 12:51:00,21825,21826,21825,21825,160
2025-04-30 12:52:00,21818,21818,21818,21818,43
2025-04-30 12:53:00,21817,21817,21817,21817,173
2025-04-30 12:54:00,21817,21821,21816,21817,191
2025-04-30 12:55:00,21814,21814,21814,21814,275
2025-04-30 12:56:00,21816,21817,21816,21816,288
2025-04-30 12:57:00,21819,21823,21819,21821,249
2025-04-30 12:58:00,21822,21822,21821,21821,167
2025-04-30 12:59:00,21824,21825,21823,21824,331
2025-04-30 13:00:00,21829,21831,21828,21828,273
2025-04-30 13:01:00,21829,21831,21826,21828,337
2025-04-30 13:02:00,21827,21828,21827,21827,160
2025-04-30 13:03:00,21824,21826,21824,21825,225
2025-04-30 13:04:00,21831,21831,21827,21829,107
2025-04-30 13:05:00,21826,21828,21825,21825,112
2025-04-30 13:06:00,21825,21826,21823,21825,275
2025-04-30 13:07:00,21826,21826,21823,21825,199
2025-04-30 13:08:00,21823,21823,21821,21823,5
2025-04-30 13:09:00,21819,21819,21818,21818,258
2025-04-30 13:10:00,21827,21827,21823,21827,17
2025-04-30 13:11:00,21831,21832,21830,21831,143
2025-04-30 13:12:00,21834,21834,21833,21833,136
2025-04-30 13:13:00,21834,21834,21834,21834,214
2025-04-30 13:14:00,21826,21826,21825,21826,27
2025-04-30 13:15:00,21829,21829,21828,21829,282
2025-04-30 13:16:00,21830,21830,21830,21830,26
2025-04-30 13:17:00,21830,21830,21829,21829,325
2025-04-30 13:18:00,21826,21828,21826,21826,180
2025-04-30 13:19:00,21825,21827,21825,21825,246
2025-04-30 13:20:00,21827,21829,21827,21828,168
2025-04-30 13:21:00,21826,21826,21825,21825,87
2025-04-30 13:22:00,21825,21829,21821,21824,139
2025-04-30 13:23:00,21829,21829,21828,21829,315
2025-04-30 13:24:00,21831,21832,21829,21831,205
2025-04-30 13:25:00,21827,21828,21826,21827,229
2025-04-30 13:26:00,21824,21829,21823,21826,372
2025-04-30 13:27:00,21839,21839,21838,21839,266
2025-04-30 13:28:00,21840,21840,21817,21827,86
2025-04-30 13:29:00,21828,21829,21827,21828,378
2025-04-30 13:30:00,21831,21833,21830,21833,658
2025-04-30 13:31:00,21825,21825,21820,21824,478
2025-04-30 13:32:00,21834,21835,21833,21834,623
2025-04-30 13:33:00,21822,21825,21819,21821,416
2025-04-30 13:34:00,21821,21827,21815,21818,154
2025-04-30 13:35:00,21819,21820,21819,21820,359
2025-04-30 13:36:00,21830,21834,21827,21828,257
2025-04-30 13:37:00,21827,21829,21827,21827,351
2025-04-30 13:38:00,21825,21835,21825,21827,242
2025-04-30 13:39:00,21820,21820,21819,21820,247
2025-04-30 13:40:00,21821,21821,21818,21821,664
2025-04-30 13:41:00,21821,21821,21821,21821,214
2025-04-30 13:42:00,21818,21825,21818,21818,284
2025-04-30 13:43:00,21812,21826,21812,21816,217
2025-04-30 13:44:00,21814,21818,21813,21813,406
2025-05-02 08:45:00,21819,21822,21817,21821,341
2025-05-02 08:46:00,21822,21827,21822,21823,382
2025-05-02 08:47:00,21824,21824,21822,21822,314
2025-05-02 08:48:00,21821,21823,21809,21820,410
2025-05-02 08:49:00,21823,21824,21823,21824,576
2025-05-02 08:50:00,21822,21822,21821,21821,84
2025-05-02 08:51:00,21823,21828,21823,21826,347
2025-05-02 08:52:00,21825,21826,21824,21825,332
2025-05-02 08:53:00,21828,21828,21828,21828,132
2025-05-02 08:54:00,21839,21839,21834,21837,327
2025-05-02 08:55:00,21841,21842,21841,21841,436
2025-05-02 08:56:00,21836,21838,21836,21837,468
2025-05-02 08:57:00,21841,21841,21840,21841,549
2025-05-02 08:58:00,21846,21846,21846,21846,281
2025-05-02 08:59:00,21836,21837,21836,21837,281
2025-05-02 09:00:00,21835,21837,21834,21836,226
2025-05-02 09:01:00,21833,21836,21832,21832,320
2025-05-02 09:02:00,21834,21837,21834,21836,473
2025-05-02 09:03:00,21838,21838,21837,21838,354
2025-05-02 09:04:00,21844,21845,21843,21844,320
2025-05-02 09:05:00,21849,21852,21849,21850,207
2025-05-02 09:06:00,21849,21850,21849,21850,333
2025-05-02 09:07:00,21842,21844,21841,21842,226
2025-05-02 09:08:00,21848,21850,21848,21850,118
2025-05-02 09:09:00,21849,21849,21849,21849,121
2025-05-02 09:10:00,21852,21854,21851,21852,254
2025-05-02 09:11:00,21853,21856,21853,21853,220
2025-05-02 09:12:00,21862,21865,21862,21863,205
2025-05-02 09:13:00,21862,21862,21859,21861,121
2025-05-02 09:14:00,21862,21865,21862,21864,294
2025-05-02 09:15:00,21867,21867,21865,21865,359
2025-05-02 09:16:00,21864,21864,21861,21861,56
2025-05-02 09:17:00,21862,21863,21858,21861,107
2025-05-02 09:18:00,21859,21860,21858,21859,262
2025-05-02 09:19:00,21862,21862,21862,21862,135
2025-05-02 09:20:00,21857,21857,21856,21857,331
2025-05-02 09:21:00,21856,21856,21855,21856,219
2025-05-02 09:22:00,21855,21855,21854,21854,15
2025-05-02 09:23:00,21852,21854,21852,21853,61
2025-05-02 09:24:00,21852,21854,21852,21853,257
2025-05-02 09:25:00,21854,21854,21854,21854,1
2025-05-02 09:26:00,21854,21855,21854,21854,88
2025-05-02 09:27:00,21852,21857,21852,21855,56
2025-05-02 09:28:00,21853,21853,21852,21853,235
2025-05-02 09:29:00,21850,21850,21850,21850,361
2025-05-02 09:30:00,21853,21853,21851,21852,98
2025-05-02 09:31:00,21855,21855,21853,21854,1
2025-05-02 09:32:00,21857,21858,21853,21855,143
2025-05-02 09:33:00,21855,21857,21853,21856,135
2025-05-02 09:34:00,21858,21859,21854,21856,153
2025-05-02 09:35:00,21856,21856,21851,21855,241
2025-05-02 09:36:00,21852,21854,21851,21852,278
2025-05-02 09:37:00,21852,21852,21852,21852,413
2025-05-02 09:38:00,21849,21849,21848,21849,185
2025-05-02 09:39:00,21854,21854,21851,21853,358
2025-05-02 09:40:00,21852,21852,21852,21852,192
2025-05-02 09:41:00,21851,21851,21850,21851,1
2025-05-02 09:42:00,21855,21857,21853,21855,181
2025-05-02 09:43:00,21860,21861,21860,21860,166
2025-05-02 09:44:00,21857,21861,21857,21858,344
2025-05-02 09:45:00,21852,21854,21852,21852,133
2025-05-02 09:46:00,21856,21856,21855,21856,204
2025-05-02 09:47:00,21857,21857,21857,21857,79
2025-05-02 09:48:00,21859,21859,21858,21859,245
2025-05-02 09:49:00,21861,21861,21861,21861,82
2025-05-02 09:50:00,21860,21861,21859,21860,223
2025-05-02 09:51:00,21860,21863,21860,21860,399
2025-05-02 09:52:00,21864,21865,21864,21864,97
2025-05-02 09:53:00,21861,21861,21861,21861,60
2025-05-02 09:54:00,21864,21865,21864,21865,211
2025-05-02 09:55:00,21865,21869,21865,21866,251
2025-05-02 09:56:00,21871,21872,21871,21872,185
2025-05-02 09:57:00,21876,21876,21875,21876,145
2025-05-02 09:58:00,21873,21874,21872,21873,134
2025-05-02 09:59:00,21871,21874,21870,21873,227
2025-05-02 10:00:00,21872,21873,21871,21872,207
2025-05-02 10:01:00,21875,21876,21874,21875,276
2025-05-02 10:02:00,21875,21876,21875,21875,201
2025-05-02 10:03:00,21873,21874,21870,21873,238
2025-05-02 10:04:00,21873,21874,21873,21873,285
2025-05-02 10:05:00,21876,21877,21875,21875,221
2025-05-02 10:06:00,21875,21875,21872,21874,95
2025-05-02 10:07:00,21871,21871,21871,21871,145
2025-05-02 10:08:00,21870,21870,21870,21870,224
2025-05-02 10:09:00,21866,21867,21866,21866,102
2025-05-02 10:10:00,21865,21865,21864,21864,171
2025-05-02 10:11:00,21867,21870,21866,21867,306
2025-05-02 10:12:00,21865,21867,21865,21865,250
2025-05-02 10:13:00,21866,21866,21865,21866,208
2025-05-02 10:14:00,21869,21870,21867,21869,272
2025-05-02 10:15:00,21868,21869,21867,21869,223
2025-05-02 10:16:00,21865,21869,21864,21865,155
2025-05-02 10:17:00,21866,21867,21863,21866,251
2025-05-02 10:18:00,21863,21867,21861,21862,269
2025-05-02 10:19:00,21863,21863,21862,21863,1
2025-05-02 10:20:00,21862,21862,21860,21861,262
2025-05-02 10:21:00,21864,21864,21863,21864,292
2025-05-02 10:22:00,21861,21864,21861,21863,163
2025-05-02 10:23:00,21860,21862,21860,21861,252
2025-05-02 10:24:00,21856,21860,21853,21855,149
2025-05-02 10:25:00,21857,21857,21856,21857,183
2025-05-02 10:26:00,21854,21855,21854,21854,94
2025-05-02 10:27:00,21854,21854,21853,21854,226
2025-05-02 10:28:00,21852,21857,21852,21853,183
2025-05-02 10:29:00,21854,21854,21854,21854,112
2025-05-02 10:30:00,21853,21854,21849,21853,210
2025-05-02 10:31:00,21851,21854,21848,21851,289
2025-05-02 10:32:00,21851,21853,21850,21851,237
2025-05-02 10:33:00,21860,21860,21856,21858,161
2025-05-02 10:34:00,21857,21858,21857,21857,112
2025-05-02 10:35:00,21858,21858,21858,21858,82
2025-05-02 10:36:00,21855,21855,21855,21855,52
2025-05-02 10:37:00,21856,21859,21856,21856,215
2025-05-02 10:38:00,21853,21856,21849,21853,151
2025-05-02 10:39:00,21852,21852,21851,21851,108
2025-05-02 10:40:00,21850,21851,21850,21850,311
2025-05-02 10:41:00,21849,21849,21849,21849,254
2025-05-02 10:42:00,21846,21846,21844,21846,268
2025-05-02 10:43:00,21845,21846,21844,21845,94
2025-05-02 10:44:00,21845,21845,21840,21842,259
2025-05-02 10:45:00,21838,21840,21837,21838,101
2025-05-02 10:46:00,21839,21839,21839,21839,164
2025-05-02 10:47:00,21837,21838,21836,21836,76
2025-05-02 10:48:00,21836,21836,21836,21836,96
2025-05-02 10:49:00,21839,21840,21837,21837,165
2025-05-02 10:50:00,21835,21835,21835,21835,219
2025-05-02 10:51:00,21836,21837,21836,21836,133
2025-05-02 10:52:00,21834,21835,21830,21834,92
2025-05-02 10:53:00,21833,21834,21833,21834,107
2025-05-02 10:54:00,21835,21836,21835,21836,206
2025-05-02 10:55:00,21834,21834,21833,21833,113
2025-05-02 10:56:00,21831,21832,21831,21832,99
2025-05-02 10:57:00,21827,21828,21827,21828,15
2025-05-02 10:58:00,21825,21826,21824,21825,67
2025-05-02 10:59:00,21828,21829,21828,21828,181
2025-05-02 11:00:00,21829,21831,21828,21830,150
2025-05-02 11:01:00,21826,21826,21826,21826,134
2025-05-02 11:02:00,21827,21827,21827,21827,171
2025-05-02 11:03:00,21818,21818,21817,21818,191
2025-05-02 11:04:00,21818,21818,21818,21818,173
2025-05-02 11:05:00,21819,21819,21818,21819,283
2025-05-02 11:06:00,21821,21821,21821,21821,42
2025-05-02 11:07:00,21822,21823,21820,21822,220
2025-05-02 11:08:00,21821,21821,21820,21821,274
2025-05-02 11:09:00,21823,21824,21823,21823,103
2025-05-02 11:10:00,21822,21824,21820,21822,72
2025-05-02 11:11:00,21820,21822,21820,21821,166
2025-05-02 11:12:00,21819,21819,21819,21819,146
2025-05-02 11:13:00,21816,21816,21816,21816,140
2025-05-02 11:14:00,21816,21817,21816,21816,237
2025-05-02 11:15:00,21816,21817,21816,21816,200
2025-05-02 11:16:00,21817,21819,21817,21817,145
2025-05-02 11:17:00,21820,21820,21819,21820,206
2025-05-02 11:18:00,21821,21822,21820,21821,190
2025-05-02 11:19:00,21825,21826,21825,21825,109
2025-05-02 11:20:00,21826,21826,21825,21825,86
2025-05-02 11:21:00,21829,21829,21829,21829,164
2025-05-02 11:22:00,21825,21829,21823,21826,17
2025-05-02 11:23:00,21827,21828,21826,21827,119
2025-05-02 11:24:00,21830,21831,21828,21830,195
2025-05-02 11:25:00,21827,21828,21827,21827,167
2025-05-02 11:26:00,21826,21830,21826,21827,231
2025-05-02 11:27:00,21829,21831,21827,21829,62
2025-05-02 11:28:00,21827,21828,21827,21828,89
2025-05-02 11:29:00,21826,21826,21825,21825,1
2025-05-02 11:30:00,21824,21825,21823,21824,167
2025-05-02 11:31:00,21824,21826,21824,21825,166
2025-05-02 11:32:00,21826,21829,21826,21827,281
2025-05-02 11:33:00,21829,21830,21829,21829,239
2025-05-02 11:34:00,21830,21830,21830,21830,215
2025-05-02 11:35:00,21831,21833,21830,21831,109
2025-05-02 11:36:00,21831,21831,21830,21830,145
2025-05-02 11:37:00,21829,21830,21829,21830,37
2025-05-02 11:38:00,21830,21831,21829,21830,84
2025-05-02 11:39:00,21828,21831,21827,21829,205
2025-05-02 11:40:00,21827,21828,21827,21827,68
2025-05-02 11:41:00,21832,21833,21828,21831,121
2025-05-02 11:42:00,21830,21831,21830,21830,291
2025-05-02 11:43:00,21830,21830,21826,21829,201
2025-05-02 11:44:00,21829,21830,21829,21829,192
2025-05-02 11:45:00,21826,21829,21826,21828,119
2025-05-02 11:46:00,21825,21825,21825,21825,125
2025-05-02 11:47:00,21828,21828,21828,21828,215
2025-05-02 11:48:00,21833,21834,21832,21833,127
2025-05-02 11:49:00,21832,21832,21830,21832,76
2025-05-02 11:50:00,21833,21836,21833,21836,50
2025-05-02 11:51:00,21837,21838,21835,21837,233
2025-05-02 11:52:00,21838,21840,21838,21839,196
2025-05-02 11:53:00,21834,21834,21833,21834,240
2025-05-02 11:54:00,21838,21838,21838,21838,253
2025-05-02 11:55:00,21834,21838,21834,21835,238
2025-05-02 11:56:00,21836,21837,21836,21836,124
2025-05-02 11:57:00,21832,21834,21832,21833,114
2025-05-02 11:58:00,21835,21835,21835,21835,58
2025-05-02 11:59:00,21838,21838,21837,21838,190
2025-05-02 12:00:00,21836,21839,21834,21836,315
2025-05-02 12:01:00,21834,21835,21833,21834,78
2025-05-02 12:02:00,21835,21835,21834,21835,192
2025-05-02 12:03:00,21832,21838,21832,21834,258
2025-05-02 12:04:00,21832,21836,21830,21833,168
2025-05-02 12:05:00,21830,21831,21830,21831,2
2025-05-02 12:06:00,21831,21831,21829,21830,52
2025-05-02 12:07:00,21831,21831,21831,21831,259
2025-05-02 12:08:00,21832,21834,21832,21832,234
2025-05-02 12:09:00,21828,21828,21827,21828,122
2025-05-02 12:10:00,21832,21832,21831,21832,112
2025-05-02 12:11:00,21832,21832,21832,21832,123
2025-05-02 12:12:00,21835,21836,21833,21835,119
2025-05-02 12:13:00,21834,21834,21832,21834,182
2025-05-02 12:14:00,21833,21836,21829,21832,119
2025-05-02 12:15:00,21834,21835,21834,21834,262
2025-05-02 12:16:00,21838,21840,21838,21838,130
2025-05-02 12:17:00,21838,21838,21836,21838,120
2025-05-02 12:18:00,21836,21837,21836,21837,1
2025-05-02 12:19:00,21836,21836,21835,21835,1
2025-05-02 12:20:00,21833,21836,21833,21836,183
2025-05-02 12:21:00,21840,21840,21840,21840,176
2025-05-02 12:22:00,21843,21844,21843,21843,228
2025-05-02 12:23:00,21848,21851,21848,21849,330
2025-05-02 12:24:00,21849,21849,21849,21849,132
2025-05-02 12:25:00,21846,21847,21846,21846,331
2025-05-02 12:26:00,21842,21847,21842,21844,260
2025-05-02 12:27:00,21845,21846,21844,21845,228
2025-05-02 12:28:00,21846,21847,21846,21846,106
2025-05-02 12:29:00,21847,21849,21847,21848,66
2025-05-02 12:30:00,21851,21852,21851,21851,69
2025-05-02 12:31:00,21852,21857,21851,21855,321
2025-05-02 12:32:00,21861,21861,21861,21861,227
2025-05-02 12:33:00,21862,21862,21861,21861,187
2025-05-02 12:34:00,21865,21865,21864,21864,131
2025-05-02 12:35:00,21865,21866,21865,21865,115
2025-05-02 12:36:00,21860,21861,21860,21860,175
2025-05-02 12:37:00,21858,21859,21857,21858,1
2025-05-02 12:38:00,21859,21859,21858,21858,310
2025-05-02 12:39:00,21861,21861,21861,21861,248
2025-05-02 12:40:00,21858,21858,21855,21857,223
2025-05-02 12:41:00,21855,21856,21855,21855,190
2025-05-02 12:42:00,21856,21857,21855,21856,76
2025-05-02 12:43:00,21853,21855,21853,21855,101
2025-05-02 12:44:00,21856,21858,21855,21856,170
2025-05-02 12:45:00,21858,21858,21857,21858,247
2025-05-02 12:46:00,21854,21854,21854,21854,192
2025-05-02 12:47:00,21856,21857,21856,21856,131
2025-05-02 12:48:00,21853,21854,21853,21853,273
2025-05-02 12:49:00,21856,21857,21854,21855,206
2025-05-02 12:50:00,21850,21850,21849,21850,215
2025-05-02 12:51:00,21852,21854,21847,21851,175
2025-05-02 12:52:00,21846,21848,21846,21846,1
2025-05-02 12:53:00,21847,21847,21846,21847,69
2025-05-02 12:54:00,21842,21850,21840,21843,130
2025-05-02 12:55:00,21842,21842,21841,21842,167
2025-05-02 12:56:00,21842,21844,21837,21843,357
2025-05-02 12:57:00,21841,21841,21840,21841,345
2025-05-02 12:58:00,21838,21839,21837,21839,256
2025-05-02 12:59:00,21840,21840,21840,21840,131
2025-05-02 13:00:00,21843,21844,21843,21843,276
2025-05-02 13:01:00,21840,21844,21839,21841,128
2025-05-02 13:02:00,21841,21841,21839,21840,145
2025-05-02 13:03:00,21832,21834,21832,21834,257
2025-05-02 13:04:00,21835,21836,21835,21836,165
2025-05-02 13:05:00,21838,21838,21835,21836,188
2025-05-02 13:06:00,21840,21844,21838,21839,232
2025-05-02 13:07:00,21836,21836,21836,21836,163
2025-05-02 13:08:00,21833,21833,21832,21833,90
2025-05-02 13:09:00,21833,21835,21832,21833,295
2025-05-02 13:10:00,21833,21833,21833,21833,299
2025-05-02 13:11:00,21832,21832,21832,21832,145
2025-05-02 13:12:00,21834,21834,21834,21834,241
2025-05-02 13:13:00,21832,21832,21831,21832,199
2025-05-02 13:14:00,21837,21837,21835,21836,220
2025-05-02 13:15:00,21839,21840,21838,21839,56
2025-05-02 13:16:00,21834,21835,21834,21835,568
2025-05-02 13:17:00,21835,21836,21835,21835,311
2025-05-02 13:18:00,21838,21840,21838,21839,180
2025-05-02 13:19:00,21840,21848,21834,21844,163
2025-05-02 13:20:00,21844,21845,21844,21844,178
2025-05-02 13:21:00,21845,21845,21844,21845,186
2025-05-02 13:22:00,21847,21848,21847,21847,360
2025-05-02 13:23:00,21848,21851,21847,21849,11
2025-05-02 13:24:00,21848,21849,21847,21848,312
2025-05-02 13:25:00,21845,21847,21844,21847,339
2025-05-02 13:26:00,21849,21851,21849,21851,408
2025-05-02 13:27:00,21848,21849,21848,21848,306
2025-05-02 13:28:00,21852,21852,21845,21846,487
2025-05-02 13:29:00,21844,21848,21839,21846,256
2025-05-02 13:30:00,21845,21858,21844,21849,357
2025-05-02 13:31:00,21844,21845,21842,21844,123
2025-05-02 13:32:00,21844,21844,21841,21842,167
2025-05-02 13:33:00,21848,21848,21842,21844,224
2025-05-02 13:34:00,21839,21841,21838,21840,373
2025-05-02 13:35:00,21843,21849,21838,21844,151
2025-05-02 13:36:00,21837,21839,21837,21837,563
2025-05-02 13:37:00,21829,21830,21827,21829,310
2025-05-02 13:38:00,21834,21834,21832,21832,310
2025-05-02 13:39:00,21829,21832,21829,21831,393
2025-05-02 13:40:00,21831,21833,21830,21830,289
2025-05-02 13:41:00,21826,21829,21825,21826,357
2025-05-02 13:42:00,21827,21830,21818,21827,274
2025-05-02 13:43:00,21833,21833,21828,21831,123
2025-05-02 13:44:00,21843,21844,21841,21842,523
