datetime,open,high,low,close,volume
2026-01-19 08:45:00,22494,22495,22494,22495,317
2026-01-19 08:46:00,22493,22493,22493,22493,364
2026-01-19 08:47:00,22495,22496,22493,22494,275
2026-01-19 08:48:00,22493,22496,22492,22493,395
2026-01-19 08:49:00,22491,22492,22490,22491,351
2026-01-19 08:50:00,22486,22488,22473,22482,365
2026-01-19 08:51:00,22474,22477,22474,22474,286
2026-01-19 08:52:00,22480,22480,22478,22479,179
2026-01-19 08:53:00,22477,22477,22474,22475,152
2026-01-19 08:54:00,22469,22472,22467,22468,475
2026-01-19 08:55:00,22464,22470,22462,22467,274
2026-01-19 08:56:00,22470,22470,22468,22469,359
2026-01-19 08:57:00,22465,22467,22463,22465,259
2026-01-19 08:58:00,22468,22471,22465,22470,188
2026-01-19 08:59:00,22473,22473,22471,22472,426
2026-01-19 09:00:00,22477,22477,22476,22477,322
2026-01-19 09:01:00,22477,22478,22468,22476,141
2026-01-19 09:02:00,22471,22472,22471,22471,1
2026-01-19 09:03:00,22474,22475,22474,22474,374
2026-01-19 09:04:00,22469,22471,22469,22470,205
2026-01-19 09:05:00,22464,22465,22464,22464,432
2026-01-19 09:06:00,22466,22470,22465,22465,376
2026-01-19 09:07:00,22459,22459,22454,22458,200
2026-01-19 09:08:00,22459,22459,22455,22455,131
2026-01-19 09:09:00,22458,22458,22456,22457,345
2026-01-19 09:10:00,22457,22458,22455,22457,122
2026-01-19 09:11:00,22462,22462,22461,22462,224
2026-01-19 09:12:00,22472,22472,22471,22472,207
2026-01-19 09:13:00,22474,22475,22469,22474,218
2026-01-19 09:14:00,22472,22473,22469,22471,174
2026-01-19 09:15:00,22466,22466,22465,22466,189
2026-01-19 09:16:00,22464,22465,22463,22464,150
2026-01-19 09:17:00,22472,22474,22471,22472,302
2026-01-19 09:18:00,22471,22474,22470,22472,94
2026-01-19 09:19:00,22473,22473,22471,22472,136
2026-01-19 09:20:00,22477,22479,22472,22478,30
2026-01-19 09:21:00,22476,22477,22475,22476,21
2026-01-19 09:22:00,22475,22476,22470,22475,261
2026-01-19 09:23:00,22482,22483,22481,22482,153
2026-01-19 09:24:00,22483,22484,22483,22484,57
2026-01-19 09:25:00,22490,22490,22484,22486,155
2026-01-19 09:26:00,22490,22490,22489,22490,229
2026-01-19 09:27:00,22492,22492,22487,22491,132
2026-01-19 09:28:00,22500,22504,22498,22500,212
2026-01-19 09:29:00,22495,22503,22494,22495,177
2026-01-19 09:30:00,22493,22497,22491,22492,229
2026-01-19 09:31:00,22495,22495,22495,22495,108
2026-01-19 09:32:00,22492,22493,22492,22493,92
2026-01-19 09:33:00,22493,22494,22492,22494,144
2026-01-19 09:34:00,22490,22490,22489,22490,232
2026-01-19 09:35:00,22487,22489,22487,22487,88
2026-01-19 09:36:00,22494,22496,22494,22494,150
2026-01-19 09:37:00,22496,22497,22495,22496,254
2026-01-19 09:38:00,22499,22510,22499,22502,279
2026-01-19 09:39:00,22501,22508,22501,22503,173
2026-01-19 09:40:00,22501,22501,22501,22501,175
2026-01-19 09:41:00,22507,22508,22507,22507,201
2026-01-19 09:42:00,22507,22511,22506,22508,99
2026-01-19 09:43:00,22505,22505,22504,22505,199
2026-01-19 09:44:00,22505,22505,22503,22504,140
2026-01-19 09:45:00,22502,22503,22499,22501,146
2026-01-19 09:46:00,22506,22507,22500,22507,143
2026-01-19 09:47:00,22501,22502,22501,22502,89
2026-01-19 09:48:00,22508,22508,22508,22508,95
2026-01-19 09:49:00,22509,22511,22508,22510,240
2026-01-19 09:50:00,22507,22508,22506,22507,54
2026-01-19 09:51:00,22509,22510,22508,22509,1
2026-01-19 09:52:00,22510,22510,22510,22510,101
2026-01-19 09:53:00,22507,22510,22507,22508,155
2026-01-19 09:54:00,22508,22508,22508,22508,53
2026-01-19 09:55:00,22511,22512,22510,22511,145
2026-01-19 09:56:00,22511,22511,22511,22511,240
2026-01-19 09:57:00,22519,22519,22518,22519,11
2026-01-19 09:58:00,22518,22528,22514,22520,235
2026-01-19 09:59:00,22517,22518,22517,22517,255
2026-01-19 10:00:00,22515,22515,22514,22514,159
2026-01-19 10:01:00,22510,22510,22509,22509,140
2026-01-19 10:02:00,22513,22513,22512,22512,142
2026-01-19 10:03:00,22512,22513,22510,22511,1
2026-01-19 10:04:00,22513,22517,22512,22515,143
2026-01-19 10:05:00,22513,22518,22512,22515,34
2026-01-19 10:06:00,22519,22519,22518,22518,132
2026-01-19 10:07:00,22519,22520,22518,22518,109
2026-01-19 10:08:00,22519,22519,22518,22519,263
2026-01-19 10:09:00,22520,22521,22518,22520,166
2026-01-19 10:10:00,22522,22523,22522,22523,149
2026-01-19 10:11:00,22524,22524,22522,22524,68
2026-01-19 10:12:00,22519,22522,22518,22519,195
2026-01-19 10:13:00,22519,22522,22518,22519,107
2026-01-19 10:14:00,22513,22515,22513,22514,237
2026-01-19 10:15:00,22506,22506,22505,22505,227
2026-01-19 10:16:00,22504,22505,22504,22505,260
2026-01-19 10:17:00,22510,22510,22505,22508,165
2026-01-19 10:18:00,22505,22506,22503,22505,237
2026-01-19 10:19:00,22497,22506,22495,22500,127
2026-01-19 10:20:00,22497,22497,22496,22496,60
2026-01-19 10:21:00,22498,22498,22494,22495,166
2026-01-19 10:22:00,22494,22494,22492,22494,136
2026-01-19 10:23:00,22495,22495,22494,22494,61
2026-01-19 10:24:00,22501,22501,22499,22500,259
2026-01-19 10:25:00,22501,22504,22501,22503,8
2026-01-19 10:26:00,22503,22504,22503,22504,71
2026-01-19 10:27:00,22501,22502,22501,22502,131
2026-01-19 10:28:00,22499,22499,22499,22499,17
2026-01-19 10:29:00,22498,22498,22497,22498,246
2026-01-19 10:30:00,22497,22497,22497,22497,155
2026-01-19 10:31:00,22498,22498,22496,22498,136
2026-01-19 10:32:00,22495,22497,22495,22496,65
2026-01-19 10:33:00,22497,22497,22496,22497,185
2026-01-19 10:34:00,22494,22495,22492,22494,87
2026-01-19 10:35:00,22492,22492,22492,22492,164
2026-01-19 10:36:00,22491,22491,22486,22490,218
2026-01-19 10:37:00,22487,22492,22487,22490,164
2026-01-19 10:38:00,22492,22492,22492,22492,237
2026-01-19 10:39:00,22493,22493,22492,22492,124
2026-01-19 10:40:00,22487,22492,22487,22488,51
2026-01-19 10:41:00,22480,22483,22479,22482,164
2026-01-19 10:42:00,22480,22481,22480,22480,140
2026-01-19 10:43:00,22482,22484,22481,22482,117
2026-01-19 10:44:00,22483,22483,22481,22482,321
2026-01-19 10:45:00,22486,22489,22482,22487,120
2026-01-19 10:46:00,22485,22486,22480,22485,193
2026-01-19 10:47:00,22483,22485,22482,22483,108
2026-01-19 10:48:00,22487,22489,22485,22486,104
2026-01-19 10:49:00,22494,22495,22493,22494,55
2026-01-19 10:50:00,22502,22504,22500,22503,70
2026-01-19 10:51:00,22501,22502,22501,22502,153
2026-01-19 10:52:00,22501,22502,22493,22499,305
2026-01-19 10:53:00,22506,22506,22505,22506,116
2026-01-19 10:54:00,22506,22506,22503,22505,196
2026-01-19 10:55:00,22502,22502,22502,22502,209
2026-01-19 10:56:00,22501,22502,22499,22501,266
2026-01-19 10:57:00,22497,22498,22495,22497,1
2026-01-19 10:58:00,22496,22496,22495,22496,104
2026-01-19 10:59:00,22496,22497,22494,22496,82
2026-01-19 11:00:00,22497,22499,22496,22497,153
2026-01-19 11:01:00,22496,22496,22496,22496,73
2026-01-19 11:02:00,22491,22491,22488,22491,13
2026-01-19 11:03:00,22487,22488,22485,22487,135
2026-01-19 11:04:00,22483,22484,22482,22483,85
2026-01-19 11:05:00,22486,22491,22485,22488,99
2026-01-19 11:06:00,22490,22491,22490,22490,252
2026-01-19 11:07:00,22489,22502,22489,22492,242
2026-01-19 11:08:00,22493,22496,22493,22495,286
2026-01-19 11:09:00,22497,22497,22496,22497,20
2026-01-19 11:10:00,22494,22494,22494,22494,160
2026-01-19 11:11:00,22502,22503,22502,22502,294
2026-01-19 11:12:00,22503,22504,22501,22502,89
2026-01-19 11:13:00,22507,22507,22506,22506,174
2026-01-19 11:14:00,22509,22509,22508,22509,216
2026-01-19 11:15:00,22511,22511,22509,22509,98
2026-01-19 11:16:00,22504,22505,22498,22504,117
2026-01-19 11:17:00,22509,22511,22509,22510,93
2026-01-19 11:18:00,22503,22508,22502,22505,108
2026-01-19 11:19:00,22502,22504,22502,22503,112
2026-01-19 11:20:00,22508,22508,22507,22508,1
2026-01-19 11:21:00,22506,22507,22506,22507,196
2026-01-19 11:22:00,22501,22501,22501,22501,305
2026-01-19 11:23:00,22500,22502,22498,22500,55
2026-01-19 11:24:00,22505,22505,22501,22504,100
2026-01-19 11:25:00,22501,22505,22499,22500,314
2026-01-19 11:26:00,22502,22505,22501,22501,228
2026-01-19 11:27:00,22495,22495,22494,22495,118
2026-01-19 11:28:00,22500,22503,22496,22498,86
2026-01-19 11:29:00,22493,22494,22493,22493,118
2026-01-19 11:30:00,22494,22494,22494,22494,90
2026-01-19 11:31:00,22499,22499,22492,22497,1
2026-01-19 11:32:00,22495,22495,22494,22494,200
2026-01-19 11:33:00,22491,22493,22491,22491,163
2026-01-19 11:34:00,22489,22490,22486,22489,164
2026-01-19 11:35:00,22492,22492,22489,22491,308
2026-01-19 11:36:00,22491,22491,22491,22491,140
2026-01-19 11:37:00,22492,22492,22490,22490,162
2026-01-19 11:38:00,22491,22492,22491,22491,166
2026-01-19 11:39:00,22487,22489,22487,22487,183
2026-01-19 11:40:00,22480,22481,22480,22480,69
2026-01-19 11:41:00,22481,22482,22481,22481,245
2026-01-19 11:42:00,22483,22484,22482,22483,32
2026-01-19 11:43:00,22493,22494,22492,22493,103
2026-01-19 11:44:00,22486,22490,22486,22487,95
2026-01-19 11:45:00,22488,22489,22487,22487,43
2026-01-19 11:46:00,22490,22490,22490,22490,167
2026-01-19 11:47:00,22487,22491,22487,22488,62
2026-01-19 11:48:00,22486,22486,22486,22486,150
2026-01-19 11:49:00,22479,22482,22478,22479,101
2026-01-19 11:50:00,22478,22478,22477,22478,58
2026-01-19 11:51:00,22479,22485,22477,22482,195
2026-01-19 11:52:00,22478,22478,22477,22478,144
2026-01-19 11:53:00,22480,22481,22480,22480,220
2026-01-19 11:54:00,22477,22477,22477,22477,148
2026-01-19 11:55:00,22475,22475,22473,22474,167
2026-01-19 11:56:00,22470,22470,22470,22470,120
2026-01-19 11:57:00,22468,22469,22467,22467,151
2026-01-19 11:58:00,22465,22466,22465,22466,137
2026-01-19 11:59:00,22465,22467,22463,22465,160
2026-01-19 12:00:00,22467,22467,22467,22467,185
2026-01-19 12:01:00,22469,22471,22469,22470,293
2026-01-19 12:02:00,22473,22473,22472,22473,57
2026-01-19 12:03:00,22471,22471,22471,22471,84
2026-01-19 12:04:00,22476,22480,22475,22476,183
2026-01-19 12:05:00,22475,22475,22473,22474,111
2026-01-19 12:06:00,22477,22478,22476,22477,211
2026-01-19 12:07:00,22475,22476,22475,22475,182
2026-01-19 12:08:00,22476,22480,22476,22477,163
2026-01-19 12:09:00,22473,22473,22473,22473,45
2026-01-19 12:10:00,22470,22475,22470,22471,228
2026-01-19 12:11:00,22473,22473,22472,22472,117
2026-01-19 12:12:00,22478,22478,22470,22476,217
2026-01-19 12:13:00,22472,22472,22468,22472,219
2026-01-19 12:14:00,22470,22471,22469,22470,166
2026-01-19 12:15:00,22473,22475,22468,22471,100
2026-01-19 12:16:00,22471,22471,22471,22471,191
2026-01-19 12:17:00,22474,22474,22473,22474,178
2026-01-19 12:18:00,22468,22469,22468,22469,130
2026-01-19 12:19:00,22466,22468,22461,22464,196
2026-01-19 12:20:00,22468,22468,22463,22466,213
2026-01-19 12:21:00,22463,22468,22463,22465,212
2026-01-19 12:22:00,22460,22461,22459,22460,100
2026-01-19 12:23:00,22463,22463,22462,22463,156
2026-01-19 12:24:00,22466,22468,22460,22465,234
2026-01-19 12:25:00,22458,22459,22458,22458,115
2026-01-19 12:26:00,22459,22462,22459,22460,73
2026-01-19 12:27:00,22461,22462,22461,22461,149
2026-01-19 12:28:00,22456,22458,22456,22457,189
2026-01-19 12:29:00,22455,22460,22450,22454,77
2026-01-19 12:30:00,22456,22459,22456,22457,149
2026-01-19 12:31:00,22463,22464,22460,22462,188
2026-01-19 12:32:00,22460,22460,22460,22460,1
2026-01-19 12:33:00,22463,22464,22463,22463,239
2026-01-19 12:34:00,22465,22466,22465,22465,288
2026-01-19 12:35:00,22462,22465,22461,22462,209
2026-01-19 12:36:00,22457,22459,22457,22457,204
2026-01-19 12:37:00,22458,22460,22458,22458,200
2026-01-19 12:38:00,22460,22460,22460,22460,112
2026-01-19 12:39:00,22461,22462,22458,22461,152
2026-01-19 12:40:00,22464,22464,22462,22463,132
2026-01-19 12:41:00,22461,22461,22460,22461,251
2026-01-19 12:42:00,22459,22462,22458,22461,149
2026-01-19 12:43:00,22461,22462,22461,22462,167
2026-01-19 12:44:00,22456,22456,22456,22456,213
2026-01-19 12:45:00,22459,22462,22458,22461,277
2026-01-19 12:46:00,22464,22464,22463,22464,329
2026-01-19 12:47:00,22465,22468,22462,22466,151
2026-01-19 12:48:00,22463,22467,22462,22464,204
2026-01-19 12:49:00,22465,22469,22464,22466,242
2026-01-19 12:50:00,22465,22466,22457,22465,145
2026-01-19 12:51:00,22464,22467,22461,22464,253
2026-01-19 12:52:00,22467,22468,22465,22466,135
2026-01-19 12:53:00,22467,22468,22466,22467,342
2026-01-19 12:54:00,22468,22468,22463,22466,65
2026-01-19 12:55:00,22458,22460,22458,22458,276
2026-01-19 12:56:00,22461,22462,22459,22461,65
2026-01-19 12:57:00,22453,22456,22451,22453,57
2026-01-19 12:58:00,22456,22456,22456,22456,72
2026-01-19 12:59:00,22459,22459,22459,22459,110
2026-01-19 13:00:00,22466,22467,22466,22467,219
2026-01-19 13:01:00,22464,22467,22463,22465,133
2026-01-19 13:02:00,22463,22468,22462,22466,252
2026-01-19 13:03:00,22464,22464,22463,22463,240
2026-01-19 13:04:00,22470,22470,22465,22468,45
2026-01-19 13:05:00,22467,22467,22464,22467,14
2026-01-19 13:06:00,22466,22466,22465,22466,35
2026-01-19 13:07:00,22466,22471,22466,22467,236
2026-01-19 13:08:00,22476,22479,22474,22476,177
2026-01-19 13:09:00,22479,22479,22475,22477,272
2026-01-19 13:10:00,22473,22473,22473,22473,117
2026-01-19 13:11:00,22477,22477,22477,22477,80
2026-01-19 13:12:00,22471,22476,22467,22473,174
2026-01-19 13:13:00,22472,22474,22471,22473,51
2026-01-19 13:14:00,22479,22479,22473,22475,6
2026-01-19 13:15:00,22476,22476,22476,22476,64
2026-01-19 13:16:00,22478,22478,22477,22477,134
2026-01-19 13:17:00,22471,22471,22470,22470,112
2026-01-19 13:18:00,22474,22474,22474,22474,67
2026-01-19 13:19:00,22477,22477,22477,22477,88
2026-01-19 13:20:00,22476,22476,22476,22476,143
2026-01-19 13:21:00,22476,22477,22475,22477,134
2026-01-19 13:22:00,22476,22478,22475,22477,1
2026-01-19 13:23:00,22473,22479,22473,22476,96
2026-01-19 13:24:00,22478,22479,22478,22479,14
2026-01-19 13:25:00,22478,22482,22478,22478,229
2026-01-19 13:26:00,22477,22478,22476,22477,324
2026-01-19 13:27:00,22485,22485,22484,22485,113
2026-01-19 13:28:00,22488,22488,22483,22486,499
2026-01-19 13:29:00,22502,22502,22502,22502,48
2026-01-19 13:30:00,22501,22504,22498,22500,459
2026-01-19 13:31:00,22499,22502,22499,22499,1
2026-01-19 13:32:00,22501,22504,22500,22502,193
2026-01-19 13:33:00,22499,22503,22499,22500,254
2026-01-19 13:34:00,22498,22499,22497,22498,398
2026-01-19 13:35:00,22504,22511,22497,22506,265
2026-01-19 13:36:00,22505,22505,22503,22504,146
2026-01-19 13:37:00,22504,22510,22501,22503,301
2026-01-19 13:38:00,22492,22497,22491,22493,274
2026-01-19 13:39:00,22502,22505,22501,22501,329
2026-01-19 13:40:00,22510,22512,22508,22511,259
2026-01-19 13:41:00,22514,22515,22511,22514,519
2026-01-19 13:42:00,22510,22511,22510,22511,166
2026-01-19 13:43:00,22512,22513,22507,22512,244
2026-01-19 13:44:00,22512,22512,22509,22509,68
2026-01-20 08:45:00,22507,22507,22506,22507,255
2026-01-20 08:46:00,22494,22498,22490,22493,156
2026-01-20 08:47:00,22500,22504,22487,22498,235
2026-01-20 08:48:00,22492,22492,22487,22491,223
2026-01-20 08:49:00,22493,22499,22492,22494,371
2026-01-20 08:50:00,22511,22516,22506,22509,280
2026-01-20 08:51:00,22519,22527,22504,22523,224
2026-01-20 08:52:00,22535,22536,22534,22534,325
2026-01-20 08:53:00,22530,22530,22529,22530,89
2026-01-20 08:54:00,22531,22533,22526,22530,116
2026-01-20 08:55:00,22537,22539,22537,22538,367
2026-01-20 08:56:00,22537,22538,22531,22538,488
2026-01-20 08:57:00,22547,22547,22547,22547,353
2026-01-20 08:58:00,22540,22544,22538,22541,336
2026-01-20 08:59:00,22545,22546,22544,22545,331
2026-01-20 09:00:00,22543,22549,22543,22545,218
2026-01-20 09:01:00,22544,22544,22541,22543,164
2026-01-20 09:02:00,22537,22538,22536,22537,244
2026-01-20 09:03:00,22531,22531,22531,22531,188
2026-01-20 09:04:00,22533,22536,22530,22532,88
2026-01-20 09:05:00,22527,22528,22527,22527,38
2026-01-20 09:06:00,22522,22522,22517,22521,221
2026-01-20 09:07:00,22535,22535,22534,22534,184
2026-01-20 09:08:00,22527,22528,22521,22528,108
2026-01-20 09:09:00,22532,22532,22532,22532,305
2026-01-20 09:10:00,22530,22531,22527,22529,311
2026-01-20 09:11:00,22522,22522,22522,22522,207
2026-01-20 09:12:00,22519,22525,22518,22519,290
2026-01-20 09:13:00,22519,22519,22515,22518,94
2026-01-20 09:14:00,22519,22522,22518,22518,211
2026-01-20 09:15:00,22513,22517,22513,22514,183
2026-01-20 09:16:00,22515,22520,22514,22515,292
2026-01-20 09:17:00,22515,22517,22514,22515,211
2026-01-20 09:18:00,22521,22521,22516,22518,222
2026-01-20 09:19:00,22520,22526,22520,22524,155
2026-01-20 09:20:00,22528,22529,22528,22529,172
2026-01-20 09:21:00,22524,22529,22524,22525,269
2026-01-20 09:22:00,22526,22537,22523,22527,134
2026-01-20 09:23:00,22528,22529,22525,22527,121
2026-01-20 09:24:00,22526,22527,22525,22527,51
2026-01-20 09:25:00,22526,22530,22525,22529,170
2026-01-20 09:26:00,22526,22535,22524,22525,140
2026-01-20 09:27:00,22529,22529,22529,22529,320
2026-01-20 09:28:00,22523,22524,22522,22523,198
2026-01-20 09:29:00,22519,22519,22519,22519,179
2026-01-20 09:30:00,22522,22523,22521,22522,194
2026-01-20 09:31:00,22523,22526,22519,22521,208
2026-01-20 09:32:00,22516,22520,22516,22517,93
2026-01-20 09:33:00,22523,22524,22516,22520,274
2026-01-20 09:34:00,22521,22529,22521,22523,120
2026-01-20 09:35:00,22524,22524,22524,22524,31
2026-01-20 09:36:00,22519,22519,22515,22518,155
2026-01-20 09:37:00,22514,22516,22513,22515,159
2026-01-20 09:38:00,22519,22519,22519,22519,367
2026-01-20 09:39:00,22526,22526,22525,22526,129
2026-01-20 09:40:00,22527,22528,22527,22527,92
2026-01-20 09:41:00,22525,22526,22524,22525,146
2026-01-20 09:42:00,22522,22526,22516,22522,114
2026-01-20 09:43:00,22519,22519,22519,22519,232
2026-01-20 09:44:00,22514,22516,22512,22513,205
2026-01-20 09:45:00,22515,22516,22515,22515,153
2026-01-20 09:46:00,22525,22525,22521,22523,187
2026-01-20 09:47:00,22518,22526,22515,22519,71
2026-01-20 09:48:00,22520,22521,22520,22521,259
2026-01-20 09:49:00,22518,22524,22511,22518,56
2026-01-20 09:50:00,22519,22519,22519,22519,265
2026-01-20 09:51:00,22522,22522,22522,22522,397
2026-01-20 09:52:00,22519,22519,22519,22519,43
2026-01-20 09:53:00,22524,22524,22521,22523,172
2026-01-20 09:54:00,22522,22522,22520,22522,155
2026-01-20 09:55:00,22521,22521,22520,22521,230
2026-01-20 09:56:00,22518,22518,22518,22518,209
2026-01-20 09:57:00,22518,22518,22514,22516,237
2026-01-20 09:58:00,22523,22526,22523,22524,179
2026-01-20 09:59:00,22522,22525,22522,22523,193
2026-01-20 10:00:00,22525,22525,22524,22525,120
2026-01-20 10:01:00,22527,22528,22527,22527,50
2026-01-20 10:02:00,22526,22527,22523,22526,143
2026-01-20 10:03:00,22528,22528,22519,22522,103
2026-01-20 10:04:00,22521,22525,22521,22521,227
2026-01-20 10:05:00,22521,22524,22521,22522,94
2026-01-20 10:06:00,22520,22523,22520,22520,66
2026-01-20 10:07:00,22518,22521,22514,22519,200
2026-01-20 10:08:00,22517,22518,22516,22517,119
2026-01-20 10:09:00,22521,22521,22521,22521,91
2026-01-20 10:10:00,22515,22517,22514,22515,123
2026-01-20 10:11:00,22520,22521,22519,22521,130
2026-01-20 10:12:00,22526,22526,22525,22526,131
2026-01-20 10:13:00,22528,22529,22528,22528,99
2026-01-20 10:14:00,22525,22525,22524,22525,149
2026-01-20 10:15:00,22527,22527,22527,22527,276
2026-01-20 10:16:00,22528,22530,22528,22529,159
2026-01-20 10:17:00,22524,22524,22523,22524,113
2026-01-20 10:18:00,22528,22528,22525,22527,143
2026-01-20 10:19:00,22528,22530,22527,22528,230
2026-01-20 10:20:00,22529,22530,22529,22530,115
2026-01-20 10:21:00,22527,22527,22526,22527,4
2026-01-20 10:22:00,22528,22528,22528,22528,228
2026-01-20 10:23:00,22525,22533,22525,22528,87
2026-01-20 10:24:00,22525,22526,22524,22525,34
2026-01-20 10:25:00,22524,22525,22523,22523,196
2026-01-20 10:26:00,22527,22529,22525,22526,209
2026-01-20 10:27:00,22529,22529,22524,22528,149
2026-01-20 10:28:00,22526,22526,22526,22526,174
2026-01-20 10:29:00,22528,22528,22527,22528,146
2026-01-20 10:30:00,22526,22527,22524,22526,159
2026-01-20 10:31:00,22527,22527,22524,22526,227
2026-01-20 10:32:00,22528,22528,22526,22526,240
2026-01-20 10:33:00,22527,22528,22527,22528,51
2026-01-20 10:34:00,22529,22529,22529,22529,441
2026-01-20 10:35:00,22527,22527,22525,22526,144
2026-01-20 10:36:00,22526,22529,22525,22527,40
2026-01-20 10:37:00,22528,22528,22527,22528,177
2026-01-20 10:38:00,22526,22528,22523,22527,211
2026-01-20 10:39:00,22537,22537,22531,22533,117
2026-01-20 10:40:00,22543,22544,22541,22543,104
2026-01-20 10:41:00,22539,22541,22536,22541,156
2026-01-20 10:42:00,22541,22543,22540,22541,125
2026-01-20 10:43:00,22538,22538,22538,22538,128
2026-01-20 10:44:00,22544,22544,22544,22544,180
2026-01-20 10:45:00,22543,22543,22543,22543,173
2026-01-20 10:46:00,22540,22545,22538,22542,112
2026-01-20 10:47:00,22540,22540,22539,22539,63
2026-01-20 10:48:00,22545,22545,22544,22544,135
2026-01-20 10:49:00,22544,22544,22543,22544,123
2026-01-20 10:50:00,22542,22544,22540,22542,219
2026-01-20 10:51:00,22540,22541,22536,22540,146
2026-01-20 10:52:00,22538,22538,22538,22538,157
2026-01-20 10:53:00,22545,22545,22541,22543,183
2026-01-20 10:54:00,22543,22543,22541,22542,254
2026-01-20 10:55:00,22542,22543,22542,22542,148
2026-01-20 10:56:00,22541,22541,22538,22540,217
2026-01-20 10:57:00,22538,22539,22537,22537,43
2026-01-20 10:58:00,22531,22531,22529,22531,183
2026-01-20 10:59:00,22526,22527,22525,22526,5
2026-01-20 11:00:00,22525,22526,22524,22525,83
2026-01-20 11:01:00,22532,22533,22531,22532,211
2026-01-20 11:02:00,22528,22532,22528,22528,132
2026-01-20 11:03:00,22531,22533,22529,22531,1
2026-01-20 11:04:00,22531,22531,22531,22531,156
2026-01-20 11:05:00,22531,22534,22530,22532,213
2026-01-20 11:06:00,22536,22537,22535,22536,239
2026-01-20 11:07:00,22536,22541,22536,22538,36
2026-01-20 11:08:00,22537,22538,22536,22537,127
2026-01-20 11:09:00,22540,22542,22540,22540,272
2026-01-20 11:10:00,22541,22541,22539,22540,319
2026-01-20 11:11:00,22535,22535,22534,22534,249
2026-01-20 11:12:00,22534,22534,22532,22533,90
2026-01-20 11:13:00,22538,22539,22538,22538,171
2026-01-20 11:14:00,22534,22534,22534,22534,212
2026-01-20 11:15:00,22534,22534,22533,22533,104
2026-01-20 11:16:00,22530,22531,22529,22530,70
2026-01-20 11:17:00,22534,22536,22534,22535,214
2026-01-20 11:18:00,22535,22535,22534,22535,120
2026-01-20 11:19:00,22536,22540,22536,22538,164
2026-01-20 11:20:00,22540,22540,22540,22540,248
2026-01-20 11:21:00,22536,22542,22536,22538,155
2026-01-20 11:22:00,22543,22543,22538,22541,153
2026-01-20 11:23:00,22541,22543,22538,22541,148
2026-01-20 11:24:00,22536,22538,22536,22537,139
2026-01-20 11:25:00,22536,22536,22536,22536,249
2026-01-20 11:26:00,22540,22540,22538,22540,144
2026-01-20 11:27:00,22541,22541,22541,22541,114
2026-01-20 11:28:00,22544,22544,22543,22544,32
2026-01-20 11:29:00,22544,22544,22543,22543,283
2026-01-20 11:30:00,22541,22542,22541,22542,204
2026-01-20 11:31:00,22544,22544,22544,22544,182
2026-01-20 11:32:00,22542,22542,22540,22541,88
2026-01-20 11:33:00,22543,22544,22543,22544,94
2026-01-20 11:34:00,22544,22544,22544,22544,89
2026-01-20 11:35:00,22539,22539,22538,22538,1
2026-01-20 11:36:00,22542,22545,22540,22543,66
2026-01-20 11:37:00,22544,22544,22542,22542,100
2026-01-20 11:38:00,22549,22549,22545,22548,173
2026-01-20 11:39:00,22551,22551,22548,22550,172
2026-01-20 11:40:00,22551,22551,22550,22551,135
2026-01-20 11:41:00,22549,22549,22548,22549,141
2026-01-20 11:42:00,22548,22549,22547,22549,131
2026-01-20 11:43:00,22549,22557,22549,22551,227
2026-01-20 11:44:00,22543,22543,22543,22543,213
2026-01-20 11:45:00,22547,22547,22543,22544,144
2026-01-20 11:46:00,22544,22549,22544,22546,97
2026-01-20 11:47:00,22550,22562,22544,22549,302
2026-01-20 11:48:00,22550,22552,22547,22550,245
2026-01-20 11:49:00,22551,22552,22551,22552,1
2026-01-20 11:50:00,22548,22549,22545,22548,86
2026-01-20 11:51:00,22546,22548,22545,22546,245
2026-01-20 11:52:00,22554,22554,22554,22554,1
2026-01-20 11:53:00,22557,22558,22555,22556,81
2026-01-20 11:54:00,22561,22563,22559,22560,121
2026-01-20 11:55:00,22563,22563,22562,22562,105
2026-01-20 11:56:00,22567,22568,22565,22567,1
2026-01-20 11:57:00,22567,22568,22567,22568,264
2026-01-20 11:58:00,22569,22577,22569,22571,311
2026-01-20 11:59:00,22572,22573,22572,22572,138
2026-01-20 12:00:00,22565,22567,22562,22565,376
2026-01-20 12:01:00,22566,22573,22565,22568,21
2026-01-20 12:02:00,22566,22566,22566,22566,188
2026-01-20 12:03:00,22569,22569,22569,22569,88
2026-01-20 12:04:00,22567,22568,22565,22566,62
2026-01-20 12:05:00,22565,22567,22564,22565,217
2026-01-20 12:06:00,22567,22567,22566,22567,49
2026-01-20 12:07:00,22568,22568,22567,22568,152
2026-01-20 12:08:00,22570,22570,22570,22570,182
2026-01-20 12:09:00,22572,22573,22567,22572,214
2026-01-20 12:10:00,22572,22573,22571,22572,212
2026-01-20 12:11:00,22569,22570,22568,22569,167
2026-01-20 12:12:00,22570,22573,22569,22571,225
2026-01-20 12:13:00,22565,22566,22565,22565,302
2026-01-20 12:14:00,22563,22563,22561,22563,212
2026-01-20 12:15:00,22568,22568,22568,22568,233
2026-01-20 12:16:00,22573,22574,22572,22573,74
2026-01-20 12:17:00,22566,22568,22566,22566,154
2026-01-20 12:18:00,22571,22574,22570,22570,35
2026-01-20 12:19:00,22570,22570,22569,22569,129
2026-01-20 12:20:00,22568,22572,22568,22570,258
2026-01-20 12:21:00,22566,22566,22559,22565,134
2026-01-20 12:22:00,22561,22563,22561,22562,192
2026-01-20 12:23:00,22563,22566,22563,22564,173
2026-01-20 12:24:00,22558,22562,22557,22559,135
2026-01-20 12:25:00,22557,22559,22556,22558,211
2026-01-20 12:26:00,22557,22557,22557,22557,72
2026-01-20 12:27:00,22564,22564,22563,22564,1
2026-01-20 12:28:00,22564,22565,22564,22565,241
2026-01-20 12:29:00,22564,22564,22564,22564,136
2026-01-20 12:30:00,22565,22567,22564,22565,200
2026-01-20 12:31:00,22569,22569,22562,22568,63
2026-01-20 12:32:00,22570,22570,22569,22569,17
2026-01-20 12:33:00,22572,22572,22571,22572,238
2026-01-20 12:34:00,22575,22577,22574,22576,146
2026-01-20 12:35:00,22577,22577,22577,22577,295
2026-01-20 12:36:00,22574,22575,22573,22574,27
2026-01-20 12:37:00,22575,22575,22571,22574,115
2026-01-20 12:38:00,22572,22572,22568,22570,167
2026-01-20 12:39:00,22570,22571,22570,22570,143
2026-01-20 12:40:00,22569,22574,22561,22570,84
2026-01-20 12:41:00,22567,22568,22566,22568,16
2026-01-20 12:42:00,22567,22567,22567,22567,85
2026-01-20 12:43:00,22567,22567,22563,22564,243
2026-01-20 12:44:00,22560,22560,22555,22559,107
2026-01-20 12:45:00,22563,22567,22560,22563,47
2026-01-20 12:46:00,22561,22561,22556,22560,149
2026-01-20 12:47:00,22557,22558,22557,22557,127
2026-01-20 12:48:00,22557,22559,22556,22557,83
2026-01-20 12:49:00,22550,22550,22550,22550,182
2026-01-20 12:50:00,22552,22552,22550,22552,260
2026-01-20 12:51:00,22551,22552,22550,22551,281
2026-01-20 12:52:00,22548,22550,22547,22550,179
2026-01-20 12:53:00,22540,22547,22540,22542,149
2026-01-20 12:54:00,22540,22542,22539,22540,190
2026-01-20 12:55:00,22536,22538,22535,22536,265
2026-01-20 12:56:00,22537,22538,22536,22537,144
2026-01-20 12:57:00,22533,22539,22531,22536,158
2026-01-20 12:58:00,22541,22541,22539,22540,132
2026-01-20 12:59:00,22542,22543,22542,22543,286
2026-01-20 13:00:00,22544,22546,22543,22544,81
2026-01-20 13:01:00,22547,22548,22546,22547,89
2026-01-20 13:02:00,22549,22549,22544,22545,1
2026-01-20 13:03:00,22545,22545,22539,22541,92
2026-01-20 13:04:00,22539,22539,22539,22539,43
2026-01-20 13:05:00,22541,22541,22540,22541,106
2026-01-20 13:06:00,22540,22540,22540,22540,136
2026-01-20 13:07:00,22538,22540,22537,22538,157
2026-01-20 13:08:00,22536,22538,22533,22537,95
2026-01-20 13:09:00,22535,22535,22535,22535,110
2026-01-20 13:10:00,22536,22537,22536,22536,247
2026-01-20 13:11:00,22537,22538,22537,22538,151
2026-01-20 13:12:00,22542,22542,22541,22541,66
2026-01-20 13:13:00,22540,22541,22539,22540,113
2026-01-20 13:14:00,22540,22541,22540,22540,158
2026-01-20 13:15:00,22540,22541,22539,22540,270
2026-01-20 13:16:00,22545,22549,22544,22545,108
2026-01-20 13:17:00,22544,22545,22540,22543,231
2026-01-20 13:18:00,22543,22546,22543,22544,252
2026-01-20 13:19:00,22546,22546,22545,22546,123
2026-01-20 13:20:00,22548,22548,22547,22548,35
2026-01-20 13:21:00,22549,22549,22549,22549,9
2026-01-20 13:22:00,22551,22551,22551,22551,162
2026-01-20 13:23:00,22551,22552,22548,22551,45
2026-01-20 13:24:00,22540,22543,22540,22542,132
2026-01-20 13:25:00,22546,22546,22545,22546,79
2026-01-20 13:26:00,22550,22552,22550,22550,204
2026-01-20 13:27:00,22555,22559,22555,22558,275
2026-01-20 13:28:00,22560,22560,22559,22560,330
2026-01-20 13:29:00,22548,22552,22548,22549,293
2026-01-20 13:30:00,22539,22540,22539,22539,269
2026-01-20 13:31:00,22546,22548,22545,22547,264
2026-01-20 13:32:00,22540,22541,22537,22539,426
2026-01-20 13:33:00,22531,22534,22531,22531,200
2026-01-20 13:34:00,22532,22534,22527,22531,243
2026-01-20 13:35:00,22522,22522,22522,22522,446
2026-01-20 13:36:00,22522,22522,22520,22521,208
2026-01-20 13:37:00,22509,22511,22509,22511,438
2026-01-20 13:38:00,22512,22516,22511,22515,1
2026-01-20 13:39:00,22523,22523,22520,22520,161
2026-01-20 13:40:00,22512,22513,22512,22512,159
2026-01-20 13:41:00,22515,22521,22514,22517,266
2026-01-20 13:42:00,22532,22532,22530,22531,183
2026-01-20 13:43:00,22527,22528,22527,22527,148
2026-01-20 13:44:00,22522,22527,22508,22524,198
2026-01-21 08:45:00,22502,22506,22498,22502,434
2026-01-21 08:46:00,22501,22501,22500,22500,84
2026-01-21 08:47:00,22500,22503,22500,22501,207
2026-01-21 08:48:00,22513,22515,22512,22513,223
2026-01-21 08:49:00,22510,22510,22510,22510,387
2026-01-21 08:50:00,22502,22504,22498,22501,501
2026-01-21 08:51:00,22509,22510,22509,22509,289
2026-01-21 08:52:00,22519,22521,22519,22520,1
2026-01-21 08:53:00,22530,22531,22530,22530,268
2026-01-21 08:54:00,22538,22542,22538,22539,211
2026-01-21 08:55:00,22530,22531,22530,22530,387
2026-01-21 08:56:00,22530,22532,22529,22529,130
2026-01-21 08:57:00,22531,22531,22525,22529,265
2026-01-21 08:58:00,22534,22535,22534,22534,587
2026-01-21 08:59:00,22539,22543,22534,22539,111
2026-01-21 09:00:00,22545,22546,22545,22545,87
2026-01-21 09:01:00,22545,22545,22545,22545,146
2026-01-21 09:02:00,22548,22550,22546,22549,325
2026-01-21 09:03:00,22539,22539,22529,22537,85
2026-01-21 09:04:00,22537,22537,22529,22533,291
2026-01-21 09:05:00,22530,22532,22528,22531,62
2026-01-21 09:06:00,22537,22537,22537,22537,1
2026-01-21 09:07:00,22536,22543,22536,22536,337
2026-01-21 09:08:00,22539,22541,22539,22539,37
2026-01-21 09:09:00,22533,22538,22531,22537,193
2026-01-21 09:10:00,22535,22535,22534,22535,231
2026-01-21 09:11:00,22530,22530,22529,22529,119
2026-01-21 09:12:00,22525,22526,22520,22526,66
2026-01-21 09:13:00,22522,22523,22513,22520,338
2026-01-21 09:14:00,22525,22525,22525,22525,74
2026-01-21 09:15:00,22529,22529,22527,22528,179
2026-01-21 09:16:00,22523,22524,22523,22524,186
2026-01-21 09:17:00,22518,22525,22515,22519,155
2026-01-21 09:18:00,22519,22521,22517,22519,148
2026-01-21 09:19:00,22511,22513,22511,22512,179
2026-01-21 09:20:00,22514,22514,22513,22514,243
2026-01-21 09:21:00,22509,22516,22501,22508,142
2026-01-21 09:22:00,22509,22512,22507,22509,230
2026-01-21 09:23:00,22513,22515,22511,22513,44
2026-01-21 09:24:00,22514,22516,22514,22515,115
2026-01-21 09:25:00,22519,22519,22518,22518,8
2026-01-21 09:26:00,22520,22523,22519,22521,106
2026-01-21 09:27:00,22522,22523,22521,22523,177
2026-01-21 09:28:00,22521,22522,22521,22521,163
2026-01-21 09:29:00,22522,22522,22521,22522,3
2026-01-21 09:30:00,22518,22519,22515,22518,162
2026-01-21 09:31:00,22514,22515,22514,22514,56
2026-01-21 09:32:00,22514,22517,22513,22515,188
2026-01-21 09:33:00,22511,22512,22510,22511,261
2026-01-21 09:34:00,22509,22510,22506,22509,168
2026-01-21 09:35:00,22513,22514,22512,22513,213
2026-01-21 09:36:00,22512,22512,22505,22511,93
2026-01-21 09:37:00,22515,22517,22515,22516,102
2026-01-21 09:38:00,22515,22516,22514,22516,72
2026-01-21 09:39:00,22517,22517,22513,22515,58
2026-01-21 09:40:00,22516,22517,22515,22515,251
2026-01-21 09:41:00,22518,22518,22517,22518,192
2026-01-21 09:42:00,22520,22521,22518,22520,161
2026-01-21 09:43:00,22522,22522,22521,22522,209
2026-01-21 09:44:00,22526,22527,22524,22526,235
2026-01-21 09:45:00,22534,22535,22530,22534,115
2026-01-21 09:46:00,22531,22532,22528,22531,222
2026-01-21 09:47:00,22536,22540,22536,22537,116
2026-01-21 09:48:00,22535,22535,22534,22535,159
2026-01-21 09:49:00,22538,22539,22537,22538,110
2026-01-21 09:50:00,22539,22540,22539,22539,169
2026-01-21 09:51:00,22536,22536,22533,22535,229
2026-01-21 09:52:00,22528,22529,22528,22528,244
2026-01-21 09:53:00,22529,22530,22529,22530,38
2026-01-21 09:54:00,22527,22527,22526,22527,92
2026-01-21 09:55:00,22527,22528,22526,22527,197
2026-01-21 09:56:00,22532,22533,22532,22532,81
2026-01-21 09:57:00,22528,22528,22527,22528,146
2026-01-21 09:58:00,22536,22536,22534,22534,152
2026-01-21 09:59:00,22531,22531,22530,22531,148
2026-01-21 10:00:00,22532,22536,22532,22534,78
2026-01-21 10:01:00,22530,22530,22528,22529,91
2026-01-21 10:02:00,22530,22532,22530,22531,158
2026-01-21 10:03:00,22531,22531,22530,22531,202
2026-01-21 10:04:00,22532,22532,22531,22532,76
2026-01-21 10:05:00,22529,22530,22528,22529,95
2026-01-21 10:06:00,22526,22527,22526,22526,255
2026-01-21 10:07:00,22527,22527,22527,22527,150
2026-01-21 10:08:00,22525,22538,22525,22527,65
2026-01-21 10:09:00,22530,22531,22529,22530,117
2026-01-21 10:10:00,22536,22537,22535,22536,108
2026-01-21 10:11:00,22536,22536,22535,22535,174
2026-01-21 10:12:00,22534,22539,22534,22536,254
2026-01-21 10:13:00,22531,22533,22528,22531,166
2026-01-21 10:14:00,22526,22526,22523,22525,189
2026-01-21 10:15:00,22526,22527,22522,22526,158
2026-01-21 10:16:00,22529,22530,22524,22529,150
2026-01-21 10:17:00,22531,22533,22527,22530,76
2026-01-21 10:18:00,22530,22531,22529,22531,229
2026-01-21 10:19:00,22528,22530,22528,22529,167
2026-01-21 10:20:00,22532,22532,22530,22531,96
2026-01-21 10:21:00,22526,22529,22526,22526,39
2026-01-21 10:22:00,22523,22528,22518,22527,1
2026-01-21 10:23:00,22528,22528,22527,22528,285
2026-01-21 10:24:00,22530,22530,22527,22530,130
2026-01-21 10:25:00,22528,22528,22523,22528,204
2026-01-21 10:26:00,22527,22529,22527,22528,93
2026-01-21 10:27:00,22528,22528,22525,22527,180
2026-01-21 10:28:00,22533,22536,22532,22532,221
2026-01-21 10:29:00,22536,22536,22536,22536,78
2026-01-21 10:30:00,22539,22543,22534,22537,191
2026-01-21 10:31:00,22540,22541,22535,22541,164
2026-01-21 10:32:00,22539,22539,22535,22538,286
2026-01-21 10:33:00,22541,22541,22538,22540,84
2026-01-21 10:34:00,22544,22544,22543,22544,288
2026-01-21 10:35:00,22537,22538,22537,22537,164
2026-01-21 10:36:00,22533,22535,22533,22534,101
2026-01-21 10:37:00,22536,22536,22535,22536,91
2026-01-21 10:38:00,22540,22543,22538,22540,159
2026-01-21 10:39:00,22543,22543,22543,22543,1
2026-01-21 10:40:00,22545,22547,22544,22545,156
2026-01-21 10:41:00,22546,22547,22545,22546,192
2026-01-21 10:42:00,22547,22547,22547,22547,229
2026-01-21 10:43:00,22548,22548,22548,22548,56
2026-01-21 10:44:00,22542,22542,22541,22542,253
2026-01-21 10:45:00,22546,22547,22545,22547,1
2026-01-21 10:46:00,22549,22549,22544,22548,133
2026-01-21 10:47:00,22545,22548,22544,22546,36
2026-01-21 10:48:00,22545,22546,22544,22545,78
2026-01-21 10:49:00,22546,22546,22546,22546,192
2026-01-21 10:50:00,22544,22544,22543,22544,139
2026-01-21 10:51:00,22544,22544,22544,22544,92
2026-01-21 10:52:00,22548,22548,22545,22546,89
2026-01-21 10:53:00,22549,22549,22548,22548,272
2026-01-21 10:54:00,22544,22546,22544,22545,16
2026-01-21 10:55:00,22548,22549,22548,22549,134
2026-01-21 10:56:00,22554,22554,22553,22553,164
2026-01-21 10:57:00,22555,22556,22555,22555,204
2026-01-21 10:58:00,22557,22559,22557,22558,12
2026-01-21 10:59:00,22560,22563,22559,22560,154
2026-01-21 11:00:00,22557,22558,22557,22558,169
2026-01-21 11:01:00,22557,22557,22557,22557,148
2026-01-21 11:02:00,22555,22557,22546,22556,30
2026-01-21 11:03:00,22557,22557,22557,22557,239
2026-01-21 11:04:00,22555,22555,22555,22555,186
2026-01-21 11:05:00,22554,22555,22553,22553,143
2026-01-21 11:06:00,22555,22555,22555,22555,43
2026-01-21 11:07:00,22556,22556,22556,22556,14
2026-01-21 11:08:00,22551,22551,22546,22550,107
2026-01-21 11:09:00,22544,22545,22543,22544,156
2026-01-21 11:10:00,22537,22538,22537,22538,263
2026-01-21 11:11:00,22545,22545,22543,22544,168
2026-01-21 11:12:00,22547,22548,22545,22546,237
2026-01-21 11:13:00,22544,22544,22543,22543,147
2026-01-21 11:14:00,22544,22544,22543,22543,236
2026-01-21 11:15:00,22539,22539,22539,22539,75
2026-01-21 11:16:00,22541,22542,22540,22541,125
2026-01-21 11:17:00,22540,22540,22540,22540,187
2026-01-21 11:18:00,22538,22539,22537,22538,96
2026-01-21 11:19:00,22535,22535,22534,22535,316
2026-01-21 11:20:00,22538,22539,22538,22538,158
2026-01-21 11:21:00,22538,22541,22534,22537,111
2026-01-21 11:22:00,22531,22531,22531,22531,341
2026-01-21 11:23:00,22528,22530,22526,22528,90
2026-01-21 11:24:00,22527,22528,22527,22527,239
2026-01-21 11:25:00,22529,22532,22529,22530,175
2026-01-21 11:26:00,22535,22535,22530,22532,80
2026-01-21 11:27:00,22535,22541,22532,22534,157
2026-01-21 11:28:00,22530,22530,22530,22530,167
2026-01-21 11:29:00,22522,22522,22522,22522,116
2026-01-21 11:30:00,22512,22513,22510,22512,132
2026-01-21 11:31:00,22514,22514,22514,22514,133
2026-01-21 11:32:00,22519,22522,22518,22519,123
2026-01-21 11:33:00,22522,22522,22520,22520,217
2026-01-21 11:34:00,22520,22524,22520,22522,219
2026-01-21 11:35:00,22528,22529,22527,22528,109
2026-01-21 11:36:00,22534,22534,22532,22533,64
2026-01-21 11:37:00,22538,22542,22537,22539,87
2026-01-21 11:38:00,22536,22536,22533,22535,246
2026-01-21 11:39:00,22536,22537,22536,22536,140
2026-01-21 11:40:00,22532,22533,22531,22532,130
2026-01-21 11:41:00,22536,22536,22536,22536,122
2026-01-21 11:42:00,22537,22537,22535,22537,63
2026-01-21 11:43:00,22535,22536,22534,22535,150
2026-01-21 11:44:00,22536,22537,22536,22536,110
2026-01-21 11:45:00,22533,22534,22533,22533,69
2026-01-21 11:46:00,22543,22552,22541,22543,291
2026-01-21 11:47:00,22544,22545,22544,22545,170
2026-01-21 11:48:00,22543,22549,22540,22546,272
2026-01-21 11:49:00,22546,22547,22545,22546,97
2026-01-21 11:50:00,22546,22546,22543,22545,228
2026-01-21 11:51:00,22549,22550,22549,22550,181
2026-01-21 11:52:00,22552,22553,22551,22552,229
2026-01-21 11:53:00,22552,22553,22552,22552,309
2026-01-21 11:54:00,22554,22554,22551,22553,206
2026-01-21 11:55:00,22556,22556,22554,22555,1
2026-01-21 11:56:00,22557,22557,22556,22557,113
2026-01-21 11:57:00,22558,22559,22558,22558,243
2026-01-21 11:58:00,22557,22559,22556,22558,157
2026-01-21 11:59:00,22558,22558,22555,22557,131
2026-01-21 12:00:00,22554,22562,22552,22556,158
2026-01-21 12:01:00,22558,22565,22556,22558,97
2026-01-21 12:02:00,22556,22559,22556,22558,104
2026-01-21 12:03:00,22563,22563,22560,22563,263
2026-01-21 12:04:00,22568,22570,22566,22569,201
2026-01-21 12:05:00,22569,22574,22569,22571,79
2026-01-21 12:06:00,22570,22577,22565,22573,129
2026-01-21 12:07:00,22578,22579,22578,22579,139
2026-01-21 12:08:00,22583,22584,22583,22584,115
2026-01-21 12:09:00,22579,22580,22579,22580,205
2026-01-21 12:10:00,22577,22577,22575,22577,213
2026-01-21 12:11:00,22577,22579,22572,22577,317
2026-01-21 12:12:00,22580,22581,22577,22580,91
2026-01-21 12:13:00,22581,22581,22581,22581,107
2026-01-21 12:14:00,22585,22585,22585,22585,172
2026-01-21 12:15:00,22583,22583,22570,22581,70
2026-01-21 12:16:00,22581,22581,22580,22581,213
2026-01-21 12:17:00,22581,22582,22581,22582,52
2026-01-21 12:18:00,22585,22585,22581,22584,27
2026-01-21 12:19:00,22585,22588,22582,22585,204
2026-01-21 12:20:00,22588,22588,22587,22588,176
2026-01-21 12:21:00,22592,22592,22592,22592,141
2026-01-21 12:22:00,22591,22591,22589,22590,44
2026-01-21 12:23:00,22596,22596,22591,22594,170
2026-01-21 12:24:00,22589,22589,22583,22586,204
2026-01-21 12:25:00,22591,22592,22591,22591,121
2026-01-21 12:26:00,22590,22591,22590,22590,1
2026-01-21 12:27:00,22592,22592,22592,22592,72
2026-01-21 12:28:00,22590,22590,22589,22590,43
2026-01-21 12:29:00,22589,22591,22586,22588,137
2026-01-21 12:30:00,22587,22590,22587,22588,172
2026-01-21 12:31:00,22586,22587,22586,22587,111
2026-01-21 12:32:00,22583,22583,22582,22583,182
2026-01-21 12:33:00,22582,22583,22582,22582,59
2026-01-21 12:34:00,22584,22584,22584,22584,53
2026-01-21 12:35:00,22584,22584,22582,22583,1
2026-01-21 12:36:00,22574,22576,22568,22576,124
2026-01-21 12:37:00,22580,22581,22579,22580,220
2026-01-21 12:38:00,22584,22584,22582,22584,52
2026-01-21 12:39:00,22580,22580,22580,22580,264
2026-01-21 12:40:00,22585,22593,22583,22585,44
2026-01-21 12:41:00,22584,22584,22582,22583,116
2026-01-21 12:42:00,22587,22587,22587,22587,132
2026-01-21 12:43:00,22582,22582,22581,22582,66
2026-01-21 12:44:00,22575,22576,22574,22575,227
2026-01-21 12:45:00,22573,22575,22570,22572,184
2026-01-21 12:46:00,22570,22570,22570,22570,93
2026-01-21 12:47:00,22564,22565,22563,22564,375
2026-01-21 12:48:00,22565,22570,22564,22566,17
2026-01-21 12:49:00,22562,22562,22562,22562,69
2026-01-21 12:50:00,22564,22564,22564,22564,137
2026-01-21 12:51:00,22566,22567,22565,22566,240
2026-01-21 12:52:00,22566,22566,22564,22566,13
2026-01-21 12:53:00,22563,22569,22563,22565,131
2026-01-21 12:54:00,22564,22564,22564,22564,335
2026-01-21 12:55:00,22564,22565,22563,22564,242
2026-01-21 12:56:00,22565,22566,22564,22565,204
2026-01-21 12:57:00,22564,22564,22563,22563,183
2026-01-21 12:58:00,22565,22565,22565,22565,170
2026-01-21 12:59:00,22568,22568,22568,22568,150
2026-01-21 13:00:00,22569,22570,22568,22569,31
2026-01-21 13:01:00,22570,22570,22570,22570,61
2026-01-21 13:02:00,22567,22569,22566,22567,201
2026-01-21 13:03:00,22562,22564,22560,22562,108
2026-01-21 13:04:00,22563,22566,22561,22563,99
2026-01-21 13:05:00,22559,22559,22557,22558,18
2026-01-21 13:06:00,22551,22555,22550,22552,214
2026-01-21 13:07:00,22551,22551,22548,22550,215
2026-01-21 13:08:00,22556,22556,22554,22555,170
2026-01-21 13:09:00,22552,22555,22550,22552,54
2026-01-21 13:10:00,22556,22559,22551,22555,191
2026-01-21 13:11:00,22550,22551,22550,22550,160
2026-01-21 13:12:00,22554,22560,22551,22555,75
2026-01-21 13:13:00,22557,22557,22549,22553,184
2026-01-21 13:14:00,22555,22556,22553,22554,131
2026-01-21 13:15:00,22552,22556,22551,22553,195
2026-01-21 13:16:00,22553,22554,22551,22553,190
2026-01-21 13:17:00,22557,22559,22557,22558,230
2026-01-21 13:18:00,22556,22557,22556,22556,231
2026-01-21 13:19:00,22557,22557,22555,22556,267
2026-01-21 13:20:00,22557,22559,22557,22558,161
2026-01-21 13:21:00,22564,22564,22562,22563,36
2026-01-21 13:22:00,22563,22563,22560,22562,174
2026-01-21 13:23:00,22561,22561,22559,22560,277
2026-01-21 13:24:00,22561,22561,22560,22561,98
2026-01-21 13:25:00,22557,22559,22555,22558,190
2026-01-21 13:26:00,22566,22566,22563,22565,120
2026-01-21 13:27:00,22560,22560,22558,22560,138
2026-01-21 13:28:00,22557,22559,22557,22558,50
2026-01-21 13:29:00,22558,22564,22548,22559,299
2026-01-21 13:30:00,22554,22559,22546,22552,250
2026-01-21 13:31:00,22534,22539,22534,22536,394
2026-01-21 13:32:00,22538,22539,22537,22538,254
2026-01-21 13:33:00,22532,22534,22531,22531,481
2026-01-21 13:34:00,22527,22527,22526,22526,292
2026-01-21 13:35:00,22526,22529,22524,22528,418
2026-01-21 13:36:00,22532,22533,22531,22532,285
2026-01-21 13:37:00,22531,22532,22530,22531,23
2026-01-21 13:38:00,22535,22535,22534,22535,355
2026-01-21 13:39:00,22530,22531,22530,22530,1
2026-01-21 13:40:00,22531,22531,22531,22531,327
2026-01-21 13:41:00,22540,22544,22540,22541,341
2026-01-21 13:42:00,22545,22549,22545,22546,106
2026-01-21 13:43:00,22553,22553,22553,22553,411
2026-01-21 13:44:00,22550,22559,22550,22550,448
2026-01-22 08:45:00,22535,22537,22534,22535,367
2026-01-22 08:46:00,22543,22547,22540,22543,35
2026-01-22 08:47:00,22540,22540,22538,22539,434
2026-01-22 08:48:00,22536,22537,22534,22534,365
2026-01-22 08:49:00,22538,22538,22534,22535,455
2026-01-22 08:50:00,22528,22536,22526,22528,199
2026-01-22 08:51:00,22528,22532,22528,22530,118
2026-01-22 08:52:00,22540,22540,22534,22538,189
2026-01-22 08:53:00,22543,22545,22541,22542,143
2026-01-22 08:54:00,22544,22544,22543,22544,313
2026-01-22 08:55:00,22549,22549,22548,22548,184
2026-01-22 08:56:00,22552,22556,22547,22552,472
2026-01-22 08:57:00,22559,22561,22559,22560,222
2026-01-22 08:58:00,22549,22550,22545,22548,182
2026-01-22 08:59:00,22540,22553,22540,22547,237
2026-01-22 09:00:00,22542,22542,22541,22542,68
2026-01-22 09:01:00,22553,22553,22553,22553,95
2026-01-22 09:02:00,22549,22552,22546,22549,183
2026-01-22 09:03:00,22537,22539,22536,22537,45
2026-01-22 09:04:00,22538,22538,22538,22538,1
2026-01-22 09:05:00,22535,22537,22534,22535,138
2026-01-22 09:06:00,22540,22541,22535,22537,245
2026-01-22 09:07:00,22536,22537,22533,22535,194
2026-01-22 09:08:00,22543,22544,22543,22543,50
2026-01-22 09:09:00,22535,22537,22535,22536,81
2026-01-22 09:10:00,22539,22539,22538,22539,179
2026-01-22 09:11:00,22538,22538,22538,22538,367
2026-01-22 09:12:00,22536,22536,22535,22535,270
2026-01-22 09:13:00,22537,22537,22535,22536,1
2026-01-22 09:14:00,22536,22537,22534,22535,345
2026-01-22 09:15:00,22537,22539,22535,22536,180
2026-01-22 09:16:00,22532,22533,22531,22532,139
2026-01-22 09:17:00,22538,22540,22534,22537,159
2026-01-22 09:18:00,22539,22539,22539,22539,95
2026-01-22 09:19:00,22540,22542,22539,22541,75
2026-01-22 09:20:00,22535,22535,22534,22534,235
2026-01-22 09:21:00,22539,22539,22538,22539,151
2026-01-22 09:22:00,22542,22543,22541,22542,50
2026-01-22 09:23:00,22544,22545,22541,22543,283
2026-01-22 09:24:00,22539,22543,22539,22540,129
2026-01-22 09:25:00,22538,22539,22537,22538,23
2026-01-22 09:26:00,22544,22544,22543,22543,60
2026-01-22 09:27:00,22549,22550,22545,22549,197
2026-01-22 09:28:00,22549,22549,22546,22548,225
2026-01-22 09:29:00,22548,22550,22548,22550,166
2026-01-22 09:30:00,22557,22558,22554,22555,246
2026-01-22 09:31:00,22548,22549,22546,22548,123
2026-01-22 09:32:00,22551,22555,22551,22553,288
2026-01-22 09:33:00,22549,22550,22546,22548,335
2026-01-22 09:34:00,22549,22549,22548,22549,147
2026-01-22 09:35:00,22550,22551,22548,22550,221
2026-01-22 09:36:00,22544,22545,22543,22544,146
2026-01-22 09:37:00,22545,22545,22545,22545,170
2026-01-22 09:38:00,22539,22539,22538,22539,252
2026-01-22 09:39:00,22544,22544,22544,22544,260
2026-01-22 09:40:00,22548,22548,22546,22548,46
2026-01-22 09:41:00,22551,22551,22551,22551,229
2026-01-22 09:42:00,22550,22551,22546,22549,222
2026-01-22 09:43:00,22549,22549,22548,22548,116
2026-01-22 09:44:00,22550,22556,22547,22550,123
2026-01-22 09:45:00,22554,22555,22554,22555,233
2026-01-22 09:46:00,22553,22554,22553,22553,97
2026-01-22 09:47:00,22556,22556,22556,22556,110
2026-01-22 09:48:00,22558,22558,22558,22558,200
2026-01-22 09:49:00,22556,22558,22556,22557,158
2026-01-22 09:50:00,22561,22562,22559,22561,257
2026-01-22 09:51:00,22568,22568,22553,22564,217
2026-01-22 09:52:00,22562,22562,22562,22562,139
2026-01-22 09:53:00,22559,22568,22559,22561,135
2026-01-22 09:54:00,22557,22562,22557,22559,221
2026-01-22 09:55:00,22557,22560,22556,22557,342
2026-01-22 09:56:00,22554,22556,22553,22555,245
2026-01-22 09:57:00,22555,22556,22552,22553,254
2026-01-22 09:58:00,22554,22558,22554,22554,125
2026-01-22 09:59:00,22551,22554,22548,22552,86
2026-01-22 10:00:00,22558,22559,22557,22558,198
2026-01-22 10:01:00,22561,22561,22561,22561,244
2026-01-22 10:02:00,22564,22564,22564,22564,138
2026-01-22 10:03:00,22563,22566,22559,22562,220
2026-01-22 10:04:00,22561,22562,22561,22561,259
2026-01-22 10:05:00,22559,22559,22558,22559,129
2026-01-22 10:06:00,22551,22554,22551,22552,1
2026-01-22 10:07:00,22555,22555,22553,22554,76
2026-01-22 10:08:00,22555,22556,22555,22555,334
2026-01-22 10:09:00,22555,22556,22555,22555,119
2026-01-22 10:10:00,22553,22553,22553,22553,89
2026-01-22 10:11:00,22551,22552,22551,22552,196
2026-01-22 10:12:00,22546,22547,22545,22546,64
2026-01-22 10:13:00,22552,22552,22552,22552,134
2026-01-22 10:14:00,22554,22554,22554,22554,237
2026-01-22 10:15:00,22561,22571,22556,22561,115
2026-01-22 10:16:00,22554,22557,22553,22554,19
2026-01-22 10:17:00,22557,22557,22555,22556,189
2026-01-22 10:18:00,22557,22559,22557,22557,150
2026-01-22 10:19:00,22553,22559,22552,22556,10
2026-01-22 10:20:00,22553,22553,22552,22553,193
2026-01-22 10:21:00,22554,22554,22554,22554,85
2026-01-22 10:22:00,22550,22552,22550,22551,141
2026-01-22 10:23:00,22553,22553,22552,22553,120
2026-01-22 10:24:00,22554,22557,22553,22554,202
2026-01-22 10:25:00,22546,22547,22546,22546,182
2026-01-22 10:26:00,22546,22549,22543,22546,87
2026-01-22 10:27:00,22544,22547,22542,22544,138
2026-01-22 10:28:00,22541,22541,22541,22541,130
2026-01-22 10:29:00,22541,22543,22540,22542,51
2026-01-22 10:30:00,22538,22538,22537,22538,208
2026-01-22 10:31:00,22543,22545,22543,22543,220
2026-01-22 10:32:00,22545,22552,22543,22546,255
2026-01-22 10:33:00,22553,22553,22551,22553,194
2026-01-22 10:34:00,22554,22555,22553,22554,118
2026-01-22 10:35:00,22555,22556,22555,22555,57
2026-01-22 10:36:00,22556,22557,22556,22557,33
2026-01-22 10:37:00,22559,22561,22549,22558,218
2026-01-22 10:38:00,22563,22569,22562,22564,188
2026-01-22 10:39:00,22558,22558,22558,22558,211
2026-01-22 10:40:00,22561,22561,22561,22561,92
2026-01-22 10:41:00,22562,22562,22562,22562,76
2026-01-22 10:42:00,22559,22560,22559,22559,211
2026-01-22 10:43:00,22560,22563,22557,22560,177
2026-01-22 10:44:00,22565,22565,22560,22563,168
2026-01-22 10:45:00,22566,22566,22565,22566,137
2026-01-22 10:46:00,22563,22563,22563,22563,214
2026-01-22 10:47:00,22557,22558,22556,22558,151
2026-01-22 10:48:00,22552,22553,22552,22553,212
2026-01-22 10:49:00,22560,22560,22559,22559,138
2026-01-22 10:50:00,22550,22555,22546,22550,86
2026-01-22 10:51:00,22549,22550,22545,22549,86
2026-01-22 10:52:00,22545,22545,22544,22545,284
2026-01-22 10:53:00,22547,22548,22547,22547,177
2026-01-22 10:54:00,22548,22548,22547,22548,231
2026-01-22 10:55:00,22551,22551,22550,22551,13
2026-01-22 10:56:00,22551,22552,22550,22551,223
2026-01-22 10:57:00,22552,22555,22552,22554,225
2026-01-22 10:58:00,22553,22553,22551,22552,170
2026-01-22 10:59:00,22554,22554,22552,22554,244
2026-01-22 11:00:00,22552,22552,22552,22552,54
2026-01-22 11:01:00,22544,22546,22544,22545,157
2026-01-22 11:02:00,22543,22544,22543,22543,154
2026-01-22 11:03:00,22545,22545,22544,22545,103
2026-01-22 11:04:00,22547,22548,22546,22547,98
2026-01-22 11:05:00,22544,22545,22544,22544,218
2026-01-22 11:06:00,22547,22548,22547,22547,78
2026-01-22 11:07:00,22546,22554,22542,22547,205
2026-01-22 11:08:00,22541,22543,22540,22541,231
2026-01-22 11:09:00,22540,22543,22540,22541,186
2026-01-22 11:10:00,22545,22547,22542,22545,174
2026-01-22 11:11:00,22549,22549,22548,22549,234
2026-01-22 11:12:00,22551,22553,22550,22551,158
2026-01-22 11:13:00,22551,22554,22548,22553,190
2026-01-22 11:14:00,22554,22555,22552,22554,99
2026-01-22 11:15:00,22559,22559,22559,22559,349
2026-01-22 11:16:00,22557,22561,22557,22559,59
2026-01-22 11:17:00,22555,22556,22554,22555,184
2026-01-22 11:18:00,22557,22559,22555,22558,286
2026-01-22 11:19:00,22560,22561,22559,22560,101
2026-01-22 11:20:00,22557,22558,22557,22557,299
2026-01-22 11:21:00,22553,22554,22552,22553,160
2026-01-22 11:22:00,22555,22555,22553,22555,289
2026-01-22 11:23:00,22559,22559,22558,22558,204
2026-01-22 11:24:00,22563,22566,22562,22563,120
2026-01-22 11:25:00,22569,22569,22568,22569,1
2026-01-22 11:26:00,22562,22563,22562,22562,316
2026-01-22 11:27:00,22562,22563,22561,22562,109
2026-01-22 11:28:00,22563,22563,22562,22562,338
2026-01-22 11:29:00,22559,22560,22559,22560,288
2026-01-22 11:30:00,22560,22560,22554,22558,20
2026-01-22 11:31:00,22556,22556,22554,22555,127
2026-01-22 11:32:00,22558,22561,22556,22558,92
2026-01-22 11:33:00,22555,22555,22555,22555,112
2026-01-22 11:34:00,22556,22564,22555,22559,287
2026-01-22 11:35:00,22559,22559,22559,22559,312
2026-01-22 11:36:00,22563,22565,22562,22563,161
2026-01-22 11:37:00,22566,22571,22566,22568,229
2026-01-22 11:38:00,22566,22570,22560,22566,59
2026-01-22 11:39:00,22563,22565,22560,22564,155
2026-01-22 11:40:00,22569,22569,22567,22568,211
2026-01-22 11:41:00,22565,22567,22565,22566,128
2026-01-22 11:42:00,22569,22572,22565,22569,82
2026-01-22 11:43:00,22564,22564,22563,22563,22
2026-01-22 11:44:00,22566,22566,22561,22565,93
2026-01-22 11:45:00,22562,22572,22562,22566,25
2026-01-22 11:46:00,22568,22568,22568,22568,199
2026-01-22 11:47:00,22569,22569,22567,22568,235
2026-01-22 11:48:00,22562,22563,22560,22561,235
2026-01-22 11:49:00,22562,22564,22560,22563,151
2026-01-22 11:50:00,22566,22568,22566,22566,75
2026-01-22 11:51:00,22564,22565,22564,22565,32
2026-01-22 11:52:00,22562,22562,22561,22561,202
2026-01-22 11:53:00,22559,22560,22555,22559,88
2026-01-22 11:54:00,22561,22561,22560,22560,2
2026-01-22 11:55:00,22569,22571,22567,22569,167
2026-01-22 11:56:00,22567,22567,22566,22566,129
2026-01-22 11:57:00,22564,22566,22564,22564,120
2026-01-22 11:58:00,22563,22563,22561,22562,161
2026-01-22 11:59:00,22566,22567,22561,22567,310
2026-01-22 12:00:00,22563,22563,22560,22562,106
2026-01-22 12:01:00,22568,22568,22568,22568,30
2026-01-22 12:02:00,22570,22570,22570,22570,274
2026-01-22 12:03:00,22558,22560,22558,22560,248
2026-01-22 12:04:00,22556,22556,22555,22556,174
2026-01-22 12:05:00,22557,22558,22556,22557,316
2026-01-22 12:06:00,22552,22555,22552,22553,114
2026-01-22 12:07:00,22560,22560,22555,22558,169
2026-01-22 12:08:00,22557,22561,22554,22557,110
2026-01-22 12:09:00,22564,22564,22561,22563,120
2026-01-22 12:10:00,22572,22572,22571,22572,265
2026-01-22 12:11:00,22574,22574,22570,22571,184
2026-01-22 12:12:00,22570,22572,22570,22570,204
2026-01-22 12:13:00,22575,22576,22573,22574,111
2026-01-22 12:14:00,22576,22576,22573,22575,213
2026-01-22 12:15:00,22570,22570,22567,22569,236
2026-01-22 12:16:00,22570,22576,22570,22571,165
2026-01-22 12:17:00,22565,22567,22564,22566,183
2026-01-22 12:18:00,22569,22569,22569,22569,107
2026-01-22 12:19:00,22564,22564,22564,22564,216
2026-01-22 12:20:00,22562,22562,22562,22562,68
2026-01-22 12:21:00,22562,22562,22562,22562,202
2026-01-22 12:22:00,22566,22567,22566,22566,183
2026-01-22 12:23:00,22564,22564,22564,22564,222
2026-01-22 12:24:00,22569,22571,22568,22571,183
2026-01-22 12:25:00,22569,22571,22568,22569,197
2026-01-22 12:26:00,22568,22569,22568,22569,148
2026-01-22 12:27:00,22571,22571,22570,22570,1
2026-01-22 12:28:00,22566,22570,22564,22567,241
2026-01-22 12:29:00,22566,22566,22565,22566,153
2026-01-22 12:30:00,22575,22575,22575,22575,56
2026-01-22 12:31:00,22570,22570,22570,22570,234
2026-01-22 12:32:00,22570,22570,22570,22570,1
2026-01-22 12:33:00,22562,22563,22562,22563,85
2026-01-22 12:34:00,22563,22563,22563,22563,130
2026-01-22 12:35:00,22561,22565,22561,22563,157
2026-01-22 12:36:00,22558,22560,22556,22559,159
2026-01-22 12:37:00,22555,22555,22555,22555,98
2026-01-22 12:38:00,22551,22551,22551,22551,134
2026-01-22 12:39:00,22551,22551,22550,22551,322
2026-01-22 12:40:00,22549,22550,22545,22548,198
2026-01-22 12:41:00,22545,22550,22539,22546,8
2026-01-22 12:42:00,22548,22550,22546,22548,31
2026-01-22 12:43:00,22548,22550,22548,22550,278
2026-01-22 12:44:00,22549,22549,22549,22549,98
2026-01-22 12:45:00,22554,22554,22552,22552,183
2026-01-22 12:46:00,22551,22551,22550,22551,213
2026-01-22 12:47:00,22558,22558,22557,22558,60
2026-01-22 12:48:00,22553,22558,22553,22555,190
2026-01-22 12:49:00,22557,22557,22556,22556,101
2026-01-22 12:50:00,22558,22558,22558,22558,125
2026-01-22 12:51:00,22558,22560,22557,22557,217
2026-01-22 12:52:00,22555,22557,22555,22556,219
2026-01-22 12:53:00,22558,22559,22553,22556,189
2026-01-22 12:54:00,22556,22557,22555,22556,66
2026-01-22 12:55:00,22554,22560,22554,22557,190
2026-01-22 12:56:00,22560,22560,22558,22558,159
2026-01-22 12:57:00,22559,22560,22559,22559,174
2026-01-22 12:58:00,22562,22564,22555,22560,190
2026-01-22 12:59:00,22557,22561,22557,22559,219
2026-01-22 13:00:00,22556,22556,22555,22556,153
2026-01-22 13:01:00,22548,22548,22547,22548,246
2026-01-22 13:02:00,22549,22551,22544,22549,70
2026-01-22 13:03:00,22550,22552,22550,22550,20
2026-01-22 13:04:00,22555,22558,22555,22558,118
2026-01-22 13:05:00,22558,22560,22558,22558,117
2026-01-22 13:06:00,22560,22560,22559,22559,178
2026-01-22 13:07:00,22557,22558,22556,22556,197
2026-01-22 13:08:00,22558,22560,22556,22556,142
2026-01-22 13:09:00,22560,22562,22560,22560,202
2026-01-22 13:10:00,22560,22563,22557,22561,142
2026-01-22 13:11:00,22561,22561,22557,22559,222
2026-01-22 13:12:00,22559,22561,22559,22560,162
2026-01-22 13:13:00,22556,22559,22556,22557,188
2026-01-22 13:14:00,22553,22553,22553,22553,164
2026-01-22 13:15:00,22554,22555,22553,22554,240
2026-01-22 13:16:00,22555,22555,22554,22555,1
2026-01-22 13:17:00,22551,22552,22547,22549,221
2026-01-22 13:18:00,22551,22552,22551,22551,237
2026-01-22 13:19:00,22553,22553,22551,22552,46
2026-01-22 13:20:00,22551,22555,22551,22553,281
2026-01-22 13:21:00,22549,22552,22548,22549,60
2026-01-22 13:22:00,22547,22548,22545,22548,171
2026-01-22 13:23:00,22541,22543,22539,22541,79
2026-01-22 13:24:00,22543,22547,22541,22542,66
2026-01-22 13:25:00,22538,22539,22534,22538,29
2026-01-22 13:26:00,22534,22535,22534,22535,141
2026-01-22 13:27:00,22543,22543,22541,22542,225
2026-01-22 13:28:00,22546,22548,22546,22546,495
2026-01-22 13:29:00,22551,22552,22548,22551,295
2026-01-22 13:30:00,22552,22553,22552,22552,172
2026-01-22 13:31:00,22552,22553,22551,22552,357
2026-01-22 13:32:00,22556,22557,22556,22556,185
2026-01-22 13:33:00,22559,22559,22558,22559,336
2026-01-22 13:34:00,22550,22553,22548,22550,78
2026-01-22 13:35:00,22540,22540,22540,22540,329
2026-01-22 13:36:00,22534,22535,22533,22534,195
2026-01-22 13:37:00,22543,22543,22541,22543,150
2026-01-22 13:38:00,22541,22541,22540,22541,242
2026-01-22 13:39:00,22552,22552,22551,22552,186
2026-01-22 13:40:00,22559,22559,22559,22559,269
2026-01-22 13:41:00,22565,22568,22563,22565,361
2026-01-22 13:42:00,22559,22561,22559,22560,85
2026-01-22 13:43:00,22556,22559,22556,22558,229
2026-01-22 13:44:00,22549,22551,22549,22550,149
2026-01-23 08:45:00,22557,22557,22554,22557,81
2026-01-23 08:46:00,22559,22560,22559,22559,1
2026-01-23 08:47:00,22560,22562,22559,22561,284
2026-01-23 08:48:00,22553,22555,22553,22553,375
2026-01-23 08:49:00,22543,22546,22543,22545,213
2026-01-23 08:50:00,22548,22549,22547,22548,413
2026-01-23 08:51:00,22545,22545,22545,22545,230
2026-01-23 08:52:00,22546,22549,22546,22547,133
2026-01-23 08:53:00,22547,22551,22547,22547,358
2026-01-23 08:54:00,22557,22566,22552,22559,69
2026-01-23 08:55:00,22555,22559,22554,22556,306
2026-01-23 08:56:00,22557,22558,22557,22557,288
2026-01-23 08:57:00,22550,22567,22550,22553,266
2026-01-23 08:58:00,22554,22567,22549,22561,592
2026-01-23 08:59:00,22574,22580,22564,22566,136
2026-01-23 09:00:00,22567,22568,22567,22567,95
2026-01-23 09:01:00,22570,22570,22567,22569,362
2026-01-23 09:02:00,22571,22571,22569,22570,240
2026-01-23 09:03:00,22574,22574,22572,22574,73
2026-01-23 09:04:00,22571,22571,22570,22570,176
2026-01-23 09:05:00,22571,22575,22568,22572,65
2026-01-23 09:06:00,22567,22569,22566,22566,283
2026-01-23 09:07:00,22568,22568,22566,22567,112
2026-01-23 09:08:00,22568,22569,22568,22568,166
2026-01-23 09:09:00,22575,22576,22572,22573,186
2026-01-23 09:10:00,22571,22576,22569,22572,64
2026-01-23 09:11:00,22581,22582,22581,22581,306
2026-01-23 09:12:00,22587,22588,22583,22585,142
2026-01-23 09:13:00,22583,22585,22580,22582,205
2026-01-23 09:14:00,22580,22582,22579,22581,113
2026-01-23 09:15:00,22588,22588,22587,22587,143
2026-01-23 09:16:00,22588,22590,22585,22588,230
2026-01-23 09:17:00,22583,22583,22581,22582,166
2026-01-23 09:18:00,22579,22581,22577,22579,98
2026-01-23 09:19:00,22583,22584,22581,22583,14
2026-01-23 09:20:00,22584,22585,22583,22584,163
2026-01-23 09:21:00,22589,22590,22589,22589,146
2026-01-23 09:22:00,22587,22594,22586,22587,188
2026-01-23 09:23:00,22587,22587,22587,22587,168
2026-01-23 09:24:00,22587,22588,22587,22587,95
2026-01-23 09:25:00,22591,22591,22591,22591,269
2026-01-23 09:26:00,22594,22595,22587,22592,129
2026-01-23 09:27:00,22594,22596,22592,22594,315
2026-01-23 09:28:00,22595,22595,22593,22594,164
2026-01-23 09:29:00,22591,22593,22589,22592,150
2026-01-23 09:30:00,22593,22593,22591,22593,137
2026-01-23 09:31:00,22593,22596,22592,22594,191
2026-01-23 09:32:00,22592,22594,22592,22592,16
2026-01-23 09:33:00,22592,22594,22591,22592,116
2026-01-23 09:34:00,22595,22597,22594,22595,3
2026-01-23 09:35:00,22600,22600,22600,22600,202
2026-01-23 09:36:00,22596,22600,22594,22597,78
2026-01-23 09:37:00,22600,22600,22600,22600,72
2026-01-23 09:38:00,22598,22599,22597,22598,173
2026-01-23 09:39:00,22596,22596,22595,22595,128
2026-01-23 09:40:00,22596,22598,22595,22596,182
2026-01-23 09:41:00,22596,22596,22596,22596,117
2026-01-23 09:42:00,22599,22600,22598,22598,437
2026-01-23 09:43:00,22598,22598,22598,22598,104
2026-01-23 09:44:00,22605,22605,22604,22604,99
2026-01-23 09:45:00,22602,22602,22599,22601,169
2026-01-23 09:46:00,22605,22607,22605,22607,134
2026-01-23 09:47:00,22603,22603,22603,22603,132
2026-01-23 09:48:00,22602,22602,22598,22601,282
2026-01-23 09:49:00,22605,22607,22605,22607,43
2026-01-23 09:50:00,22609,22612,22607,22609,288
2026-01-23 09:51:00,22610,22611,22609,22610,75
2026-01-23 09:52:00,22607,22611,22605,22607,73
2026-01-23 09:53:00,22609,22610,22609,22609,177
2026-01-23 09:54:00,22609,22610,22606,22609,98
2026-01-23 09:55:00,22610,22614,22608,22609,133
2026-01-23 09:56:00,22610,22610,22605,22608,110
2026-01-23 09:57:00,22609,22610,22608,22609,303
2026-01-23 09:58:00,22607,22607,22605,22607,42
2026-01-23 09:59:00,22607,22609,22604,22607,148
2026-01-23 10:00:00,22608,22608,22607,22608,1
2026-01-23 10:01:00,22606,22608,22604,22607,111
2026-01-23 10:02:00,22612,22615,22612,22614,39
2026-01-23 10:03:00,22609,22610,22608,22609,1
2026-01-23 10:04:00,22612,22613,22609,22611,160
2026-01-23 10:05:00,22619,22619,22618,22618,108
2026-01-23 10:06:00,22613,22614,22613,22613,181
2026-01-23 10:07:00,22614,22616,22612,22613,148
2026-01-23 10:08:00,22617,22617,22617,22617,52
2026-01-23 10:09:00,22621,22622,22621,22621,211
2026-01-23 10:10:00,22620,22620,22620,22620,159
2026-01-23 10:11:00,22628,22631,22627,22628,186
2026-01-23 10:12:00,22628,22629,22628,22628,160
2026-01-23 10:13:00,22623,22624,22623,22623,124
2026-01-23 10:14:00,22620,22623,22620,22621,114
2026-01-23 10:15:00,22614,22614,22613,22614,169
2026-01-23 10:16:00,22608,22608,22608,22608,1
2026-01-23 10:17:00,22612,22613,22612,22613,255
2026-01-23 10:18:00,22609,22609,22608,22608,205
2026-01-23 10:19:00,22611,22611,22610,22610,187
2026-01-23 10:20:00,22610,22610,22609,22610,117
2026-01-23 10:21:00,22612,22613,22612,22613,129
2026-01-23 10:22:00,22613,22614,22613,22614,229
2026-01-23 10:23:00,22621,22621,22612,22616,1
2026-01-23 10:24:00,22610,22612,22609,22611,93
2026-01-23 10:25:00,22614,22616,22614,22615,94
2026-01-23 10:26:00,22618,22620,22618,22619,1
2026-01-23 10:27:00,22613,22614,22613,22613,139
2026-01-23 10:28:00,22608,22608,22607,22608,181
2026-01-23 10:29:00,22606,22612,22601,22609,145
2026-01-23 10:30:00,22606,22607,22606,22606,264
2026-01-23 10:31:00,22606,22606,22606,22606,154
2026-01-23 10:32:00,22612,22612,22610,22610,129
2026-01-23 10:33:00,22605,22606,22605,22605,170
2026-01-23 10:34:00,22605,22606,22604,22604,239
2026-01-23 10:35:00,22607,22611,22607,22607,139
2026-01-23 10:36:00,22604,22604,22604,22604,130
2026-01-23 10:37:00,22607,22608,22607,22608,229
2026-01-23 10:38:00,22607,22608,22605,22607,159
2026-01-23 10:39:00,22601,22601,22600,22600,160
2026-01-23 10:40:00,22592,22593,22592,22593,64
2026-01-23 10:41:00,22594,22595,22592,22593,104
2026-01-23 10:42:00,22594,22594,22594,22594,1
2026-01-23 10:43:00,22596,22599,22590,22594,82
2026-01-23 10:44:00,22590,22591,22590,22591,101
2026-01-23 10:45:00,22589,22590,22588,22590,57
2026-01-23 10:46:00,22588,22591,22588,22589,144
2026-01-23 10:47:00,22585,22588,22583,22587,112
2026-01-23 10:48:00,22582,22582,22582,22582,1
2026-01-23 10:49:00,22577,22577,22577,22577,219
2026-01-23 10:50:00,22575,22579,22573,22575,16
2026-01-23 10:51:00,22578,22578,22578,22578,99
2026-01-23 10:52:00,22579,22584,22579,22580,59
2026-01-23 10:53:00,22575,22576,22575,22576,94
2026-01-23 10:54:00,22577,22578,22576,22577,117
2026-01-23 10:55:00,22574,22576,22572,22573,134
2026-01-23 10:56:00,22572,22576,22568,22571,160
2026-01-23 10:57:00,22574,22574,22572,22572,55
2026-01-23 10:58:00,22576,22579,22574,22575,103
2026-01-23 10:59:00,22577,22578,22575,22577,172
2026-01-23 11:00:00,22578,22578,22578,22578,229
2026-01-23 11:01:00,22580,22580,22575,22580,232
2026-01-23 11:02:00,22579,22579,22577,22578,297
2026-01-23 11:03:00,22579,22580,22578,22578,105
2026-01-23 11:04:00,22579,22582,22579,22581,183
2026-01-23 11:05:00,22582,22583,22579,22580,180
2026-01-23 11:06:00,22577,22579,22574,22576,238
2026-01-23 11:07:00,22586,22588,22583,22586,289
2026-01-23 11:08:00,22587,22589,22587,22588,124
2026-01-23 11:09:00,22584,22591,22576,22587,258
2026-01-23 11:10:00,22581,22581,22581,22581,46
2026-01-23 11:11:00,22581,22582,22578,22580,112
2026-01-23 11:12:00,22587,22588,22583,22585,238
2026-01-23 11:13:00,22589,22589,22589,22589,222
2026-01-23 11:14:00,22590,22591,22590,22591,155
2026-01-23 11:15:00,22588,22588,22588,22588,215
2026-01-23 11:16:00,22591,22591,22591,22591,274
2026-01-23 11:17:00,22590,22591,22586,22589,143
2026-01-23 11:18:00,22584,22587,22584,22585,156
2026-01-23 11:19:00,22586,22587,22586,22587,148
2026-01-23 11:20:00,22585,22589,22582,22585,178
2026-01-23 11:21:00,22585,22587,22582,22585,70
2026-01-23 11:22:00,22589,22590,22589,22589,71
2026-01-23 11:23:00,22592,22592,22590,22592,61
2026-01-23 11:24:00,22591,22592,22591,22592,118
2026-01-23 11:25:00,22590,22594,22582,22587,125
2026-01-23 11:26:00,22583,22585,22583,22584,221
2026-01-23 11:27:00,22583,22584,22583,22583,141
2026-01-23 11:28:00,22582,22583,22581,22582,266
2026-01-23 11:29:00,22581,22591,22579,22582,43
2026-01-23 11:30:00,22572,22572,22572,22572,132
2026-01-23 11:31:00,22571,22571,22568,22570,23
2026-01-23 11:32:00,22567,22569,22566,22567,230
2026-01-23 11:33:00,22571,22571,22571,22571,149
2026-01-23 11:34:00,22570,22571,22570,22570,267
2026-01-23 11:35:00,22577,22580,22576,22577,199
2026-01-23 11:36:00,22574,22582,22573,22577,260
2026-01-23 11:37:00,22576,22576,22576,22576,74
2026-01-23 11:38:00,22567,22569,22567,22568,74
2026-01-23 11:39:00,22564,22565,22562,22563,122
2026-01-23 11:40:00,22563,22565,22563,22564,253
2026-01-23 11:41:00,22563,22565,22563,22565,188
2026-01-23 11:42:00,22568,22569,22568,22568,311
2026-01-23 11:43:00,22571,22572,22571,22571,56
2026-01-23 11:44:00,22570,22571,22569,22570,118
2026-01-23 11:45:00,22563,22567,22559,22564,195
2026-01-23 11:46:00,22568,22569,22568,22568,187
2026-01-23 11:47:00,22570,22571,22570,22570,244
2026-01-23 11:48:00,22570,22571,22566,22569,217
2026-01-23 11:49:00,22568,22570,22568,22569,51
2026-01-23 11:50:00,22571,22572,22570,22571,96
2026-01-23 11:51:00,22571,22574,22570,22570,103
2026-01-23 11:52:00,22578,22578,22576,22577,227
2026-01-23 11:53:00,22581,22581,22578,22580,123
2026-01-23 11:54:00,22581,22581,22581,22581,267
2026-01-23 11:55:00,22585,22585,22582,22583,68
2026-01-23 11:56:00,22580,22580,22575,22578,133
2026-01-23 11:57:00,22578,22578,22578,22578,121
2026-01-23 11:58:00,22578,22579,22577,22578,188
2026-01-23 11:59:00,22576,22576,22574,22576,294
2026-01-23 12:00:00,22582,22583,22580,22581,52
2026-01-23 12:01:00,22581,22583,22580,22581,188
2026-01-23 12:02:00,22581,22581,22578,22580,246
2026-01-23 12:03:00,22579,22582,22577,22579,245
2026-01-23 12:04:00,22580,22580,22579,22579,271
2026-01-23 12:05:00,22583,22583,22581,22581,136
2026-01-23 12:06:00,22579,22579,22576,22579,1
2026-01-23 12:07:00,22585,22586,22581,22583,227
2026-01-23 12:08:00,22582,22582,22581,22581,195
2026-01-23 12:09:00,22580,22582,22577,22581,294
2026-01-23 12:10:00,22573,22575,22573,22574,1
2026-01-23 12:11:00,22574,22575,22570,22573,262
2026-01-23 12:12:00,22570,22571,22570,22570,136
2026-01-23 12:13:00,22561,22565,22559,22561,1
2026-01-23 12:14:00,22556,22559,22554,22556,286
2026-01-23 12:15:00,22560,22560,22555,22559,122
2026-01-23 12:16:00,22560,22561,22558,22560,199
2026-01-23 12:17:00,22562,22562,22562,22562,163
2026-01-23 12:18:00,22565,22566,22565,22565,42
2026-01-23 12:19:00,22566,22566,22565,22566,145
2026-01-23 12:20:00,22567,22567,22566,22566,116
2026-01-23 12:21:00,22567,22567,22565,22566,215
2026-01-23 12:22:00,22571,22571,22571,22571,210
2026-01-23 12:23:00,22576,22578,22576,22576,98
2026-01-23 12:24:00,22580,22583,22579,22579,227
2026-01-23 12:25:00,22580,22581,22580,22580,32
2026-01-23 12:26:00,22581,22581,22581,22581,134
2026-01-23 12:27:00,22578,22579,22577,22578,193
2026-01-23 12:28:00,22575,22575,22575,22575,13
2026-01-23 12:29:00,22575,22575,22575,22575,143
2026-01-23 12:30:00,22571,22572,22571,22571,205
2026-01-23 12:31:00,22575,22575,22575,22575,152
2026-01-23 12:32:00,22580,22583,22580,22581,99
2026-01-23 12:33:00,22580,22581,22580,22581,165
2026-01-23 12:34:00,22583,22583,22576,22582,171
2026-01-23 12:35:00,22582,22583,22582,22582,102
2026-01-23 12:36:00,22587,22587,22585,22586,135
2026-01-23 12:37:00,22589,22590,22589,22589,275
2026-01-23 12:38:00,22591,22592,22591,22591,227
2026-01-23 12:39:00,22599,22599,22599,22599,1
2026-01-23 12:40:00,22598,22599,22595,22596,74
2026-01-23 12:41:00,22596,22596,22595,22596,239
2026-01-23 12:42:00,22599,22602,22598,22600,195
2026-01-23 12:43:00,22605,22605,22605,22605,112
2026-01-23 12:44:00,22595,22596,22594,22595,92
2026-01-23 12:45:00,22592,22598,22587,22594,218
2026-01-23 12:46:00,22592,22593,22591,22591,236
2026-01-23 12:47:00,22589,22590,22589,22590,249
2026-01-23 12:48:00,22591,22592,22591,22591,85
2026-01-23 12:49:00,22584,22585,22584,22585,164
2026-01-23 12:50:00,22581,22581,22581,22581,95
2026-01-23 12:51:00,22574,22575,22574,22574,131
2026-01-23 12:52:00,22577,22577,22576,22577,151
2026-01-23 12:53:00,22577,22582,22576,22578,178
2026-01-23 12:54:00,22573,22573,22573,22573,87
2026-01-23 12:55:00,22576,22577,22576,22577,135
2026-01-23 12:56:00,22573,22574,22571,22573,175
2026-01-23 12:57:00,22571,22571,22569,22571,287
2026-01-23 12:58:00,22570,22570,22570,22570,58
2026-01-23 12:59:00,22564,22566,22564,22564,137
2026-01-23 13:00:00,22569,22571,22568,22569,138
2026-01-23 13:01:00,22566,22566,22565,22565,183
2026-01-23 13:02:00,22563,22564,22563,22564,176
2026-01-23 13:03:00,22566,22567,22565,22566,155
2026-01-23 13:04:00,22573,22573,22572,22573,188
2026-01-23 13:05:00,22569,22569,22569,22569,135
2026-01-23 13:06:00,22568,22568,22568,22568,357
2026-01-23 13:07:00,22568,22569,22568,22569,135
2026-01-23 13:08:00,22567,22567,22565,22566,127
2026-01-23 13:09:00,22568,22570,22567,22568,166
2026-01-23 13:10:00,22567,22568,22567,22567,165
2026-01-23 13:11:00,22566,22567,22566,22566,207
2026-01-23 13:12:00,22564,22567,22563,22564,178
2026-01-23 13:13:00,22565,22565,22564,22565,309
2026-01-23 13:14:00,22563,22563,22560,22561,52
2026-01-23 13:15:00,22560,22560,22557,22558,128
2026-01-23 13:16:00,22559,22561,22555,22560,142
2026-01-23 13:17:00,22561,22561,22554,22558,115
2026-01-23 13:18:00,22561,22562,22561,22561,1
2026-01-23 13:19:00,22557,22557,22557,22557,97
2026-01-23 13:20:00,22560,22561,22555,22559,77
2026-01-23 13:21:00,22565,22565,22564,22565,53
2026-01-23 13:22:00,22563,22564,22563,22564,41
2026-01-23 13:23:00,22561,22561,22561,22561,164
2026-01-23 13:24:00,22561,22565,22560,22561,59
2026-01-23 13:25:00,22567,22570,22566,22567,279
2026-01-23 13:26:00,22553,22554,22553,22553,508
2026-01-23 13:27:00,22566,22566,22563,22566,115
2026-01-23 13:28:00,22572,22573,22572,22573,404
2026-01-23 13:29:00,22573,22574,22572,22574,323
2026-01-23 13:30:00,22577,22577,22577,22577,159
2026-01-23 13:31:00,22580,22582,22580,22580,297
2026-01-23 13:32:00,22579,22579,22579,22579,144
2026-01-23 13:33:00,22565,22571,22561,22567,231
2026-01-23 13:34:00,22560,22573,22546,22561,340
2026-01-23 13:35:00,22565,22565,22563,22564,12
2026-01-23 13:36:00,22561,22561,22559,22559,310
2026-01-23 13:37:00,22556,22558,22556,22556,442
2026-01-23 13:38:00,22560,22560,22560,22560,448
2026-01-23 13:39:00,22563,22564,22563,22563,381
2026-01-23 13:40:00,22563,22565,22557,22564,390
2026-01-23 13:41:00,22566,22566,22566,22566,193
2026-01-23 13:42:00,22568,22569,22568,22568,390
2026-01-23 13:43:00,22572,22572,22572,22572,149
2026-01-23 13:44:00,22571,22575,22568,22569,1
2026-01-26 08:45:00,22590,22596,22588,22592,66
2026-01-26 08:46:00,22595,22613,22595,22600,1
2026-01-26 08:47:00,22596,22597,22590,22594,149
2026-01-26 08:48:00,22602,22605,22601,22603,233
2026-01-26 08:49:00,22610,22615,22608,22608,497
2026-01-26 08:50:00,22593,22593,22591,22592,339
2026-01-26 08:51:00,22595,22595,22594,22595,318
2026-01-26 08:52:00,22597,22598,22596,22596,123
2026-01-26 08:53:00,22598,22598,22598,22598,157
2026-01-26 08:54:00,22611,22611,22602,22607,1
2026-01-26 08:55:00,22602,22603,22600,22600,116
2026-01-26 08:56:00,22594,22594,22591,22593,253
2026-01-26 08:57:00,22598,22598,22595,22597,333
2026-01-26 08:58:00,22594,22594,22594,22594,175
2026-01-26 08:59:00,22603,22608,22599,22603,174
2026-01-26 09:00:00,22600,22603,22600,22601,81
2026-01-26 09:01:00,22600,22601,22600,22600,124
2026-01-26 09:02:00,22606,22608,22605,22606,279
2026-01-26 09:03:00,22605,22605,22605,22605,119
2026-01-26 09:04:00,22604,22604,22603,22604,351
2026-01-26 09:05:00,22608,22608,22606,22608,154
2026-01-26 09:06:00,22611,22611,22610,22611,282
2026-01-26 09:07:00,22604,22605,22603,22604,321
2026-01-26 09:08:00,22604,22604,22603,22604,267
2026-01-26 09:09:00,22600,22604,22600,22601,25
2026-01-26 09:10:00,22600,22600,22599,22599,156
2026-01-26 09:11:00,22604,22604,22604,22604,255
2026-01-26 09:12:00,22608,22608,22607,22608,478
2026-01-26 09:13:00,22601,22603,22601,22602,404
2026-01-26 09:14:00,22609,22609,22608,22608,217
2026-01-26 09:15:00,22601,22601,22601,22601,172
2026-01-26 09:16:00,22599,22602,22598,22599,182
2026-01-26 09:17:00,22596,22597,22596,22597,254
2026-01-26 09:18:00,22597,22597,22593,22595,78
2026-01-26 09:19:00,22602,22602,22602,22602,95
2026-01-26 09:20:00,22596,22596,22596,22596,186
2026-01-26 09:21:00,22598,22599,22598,22599,172
2026-01-26 09:22:00,22601,22604,22596,22600,107
2026-01-26 09:23:00,22602,22602,22602,22602,190
2026-01-26 09:24:00,22601,22601,22593,22601,70
2026-01-26 09:25:00,22602,22602,22601,22601,213
2026-01-26 09:26:00,22609,22609,22602,22604,86
2026-01-26 09:27:00,22606,22607,22597,22604,23
2026-01-26 09:28:00,22603,22603,22602,22603,303
2026-01-26 09:29:00,22599,22599,22599,22599,146
2026-01-26 09:30:00,22596,22602,22596,22600,86
2026-01-26 09:31:00,22601,22602,22600,22601,139
2026-01-26 09:32:00,22599,22602,22597,22599,107
2026-01-26 09:33:00,22594,22594,22593,22594,109
2026-01-26 09:34:00,22591,22591,22591,22591,33
2026-01-26 09:35:00,22589,22595,22585,22590,132
2026-01-26 09:36:00,22586,22586,22585,22585,128
2026-01-26 09:37:00,22582,22582,22582,22582,150
2026-01-26 09:38:00,22589,22593,22588,22590,198
2026-01-26 09:39:00,22596,22596,22595,22595,243
2026-01-26 09:40:00,22594,22596,22594,22595,161
2026-01-26 09:41:00,22593,22593,22592,22593,168
2026-01-26 09:42:00,22597,22597,22596,22597,186
2026-01-26 09:43:00,22596,22596,22593,22596,241
2026-01-26 09:44:00,22599,22599,22599,22599,56
2026-01-26 09:45:00,22595,22595,22595,22595,1
2026-01-26 09:46:00,22594,22597,22593,22594,281
2026-01-26 09:47:00,22598,22599,22598,22598,2
2026-01-26 09:48:00,22594,22597,22594,22595,230
2026-01-26 09:49:00,22597,22597,22597,22597,115
2026-01-26 09:50:00,22600,22602,22599,22599,159
2026-01-26 09:51:00,22596,22597,22595,22596,85
2026-01-26 09:52:00,22597,22597,22597,22597,228
2026-01-26 09:53:00,22597,22603,22597,22599,91
2026-01-26 09:54:00,22601,22603,22600,22601,125
2026-01-26 09:55:00,22604,22604,22603,22604,197
2026-01-26 09:56:00,22606,22608,22605,22605,184
2026-01-26 09:57:00,22603,22605,22603,22604,26
2026-01-26 09:58:00,22611,22611,22611,22611,247
2026-01-26 09:59:00,22612,22612,22612,22612,231
2026-01-26 10:00:00,22611,22612,22610,22612,125
2026-01-26 10:01:00,22610,22610,22608,22609,1
2026-01-26 10:02:00,22612,22612,22611,22611,153
2026-01-26 10:03:00,22614,22614,22613,22614,195
2026-01-26 10:04:00,22618,22619,22615,22617,85
2026-01-26 10:05:00,22618,22623,22611,22616,182
2026-01-26 10:06:00,22612,22612,22610,22611,217
2026-01-26 10:07:00,22618,22618,22610,22616,132
2026-01-26 10:08:00,22614,22615,22614,22615,1
2026-01-26 10:09:00,22612,22612,22610,22612,181
2026-01-26 10:10:00,22606,22607,22603,22605,181
2026-01-26 10:11:00,22607,22607,22607,22607,103
2026-01-26 10:12:00,22609,22609,22608,22609,44
2026-01-26 10:13:00,22608,22608,22605,22607,121
2026-01-26 10:14:00,22601,22604,22597,22601,99
2026-01-26 10:15:00,22600,22601,22598,22600,113
2026-01-26 10:16:00,22605,22605,22600,22605,167
2026-01-26 10:17:00,22603,22603,22598,22603,192
2026-01-26 10:18:00,22605,22606,22605,22605,185
2026-01-26 10:19:00,22600,22603,22600,22602,211
2026-01-26 10:20:00,22597,22598,22597,22598,1
2026-01-26 10:21:00,22598,22598,22598,22598,164
2026-01-26 10:22:00,22600,22600,22596,22598,227
2026-01-26 10:23:00,22600,22601,22599,22600,203
2026-01-26 10:24:00,22595,22598,22595,22596,63
2026-01-26 10:25:00,22594,22594,22590,22593,171
2026-01-26 10:26:00,22595,22595,22595,22595,193
2026-01-26 10:27:00,22594,22595,22593,22595,32
2026-01-26 10:28:00,22591,22591,22590,22591,56
2026-01-26 10:29:00,22598,22598,22598,22598,178
2026-01-26 10:30:00,22597,22601,22594,22596,146
2026-01-26 10:31:00,22592,22593,22592,22592,1
2026-01-26 10:32:00,22596,22598,22590,22593,229
2026-01-26 10:33:00,22593,22594,22593,22593,112
2026-01-26 10:34:00,22591,22591,22591,22591,252
2026-01-26 10:35:00,22596,22602,22584,22594,65
2026-01-26 10:36:00,22597,22598,22596,22597,270
2026-01-26 10:37:00,22599,22603,22597,22599,171
2026-01-26 10:38:00,22596,22596,22596,22596,208
2026-01-26 10:39:00,22597,22599,22597,22597,67
2026-01-26 10:40:00,22602,22607,22598,22602,212
2026-01-26 10:41:00,22602,22603,22602,22603,135
2026-01-26 10:42:00,22601,22601,22601,22601,224
2026-01-26 10:43:00,22600,22603,22594,22600,178
2026-01-26 10:44:00,22600,22601,22590,22598,177
2026-01-26 10:45:00,22595,22595,22595,22595,247
2026-01-26 10:46:00,22597,22597,22597,22597,102
2026-01-26 10:47:00,22596,22596,22594,22595,226
2026-01-26 10:48:00,22594,22596,22594,22595,127
2026-01-26 10:49:00,22597,22598,22596,22597,322
2026-01-26 10:50:00,22596,22599,22595,22596,160
2026-01-26 10:51:00,22588,22591,22587,22588,105
2026-01-26 10:52:00,22588,22591,22586,22588,123
2026-01-26 10:53:00,22589,22589,22588,22589,1
2026-01-26 10:54:00,22587,22588,22587,22587,91
2026-01-26 10:55:00,22590,22591,22590,22590,199
2026-01-26 10:56:00,22589,22589,22586,22587,253
2026-01-26 10:57:00,22585,22585,22585,22585,215
2026-01-26 10:58:00,22585,22585,22585,22585,150
2026-01-26 10:59:00,22583,22584,22583,22584,174
2026-01-26 11:00:00,22583,22583,22582,22582,133
2026-01-26 11:01:00,22586,22586,22582,22585,64
2026-01-26 11:02:00,22580,22581,22578,22580,109
2026-01-26 11:03:00,22579,22582,22579,22580,1
2026-01-26 11:04:00,22575,22575,22575,22575,201
2026-01-26 11:05:00,22574,22574,22574,22574,154
2026-01-26 11:06:00,22573,22573,22569,22570,36
2026-01-26 11:07:00,22564,22564,22562,22564,272
2026-01-26 11:08:00,22561,22561,22561,22561,194
2026-01-26 11:09:00,22558,22560,22554,22558,87
2026-01-26 11:10:00,22557,22561,22555,22558,88
2026-01-26 11:11:00,22553,22554,22552,22553,53
2026-01-26 11:12:00,22554,22556,22554,22555,95
2026-01-26 11:13:00,22562,22562,22561,22561,265
2026-01-26 11:14:00,22556,22556,22555,22556,91
2026-01-26 11:15:00,22557,22558,22557,22557,164
2026-01-26 11:16:00,22556,22556,22556,22556,41
2026-01-26 11:17:00,22556,22563,22555,22560,316
2026-01-26 11:18:00,22558,22558,22557,22558,202
2026-01-26 11:19:00,22560,22562,22560,22561,94
2026-01-26 11:20:00,22560,22561,22558,22560,213
2026-01-26 11:21:00,22559,22559,22559,22559,89
2026-01-26 11:22:00,22552,22553,22552,22552,238
2026-01-26 11:23:00,22551,22551,22550,22551,171
2026-01-26 11:24:00,22556,22556,22555,22556,257
2026-01-26 11:25:00,22555,22557,22554,22555,274
2026-01-26 11:26:00,22560,22562,22560,22561,78
2026-01-26 11:27:00,22565,22565,22565,22565,113
2026-01-26 11:28:00,22557,22557,22557,22557,202
2026-01-26 11:29:00,22554,22557,22551,22554,1
2026-01-26 11:30:00,22554,22554,22549,22551,94
2026-01-26 11:31:00,22551,22558,22547,22549,116
2026-01-26 11:32:00,22548,22549,22547,22548,173
2026-01-26 11:33:00,22552,22552,22551,22552,297
2026-01-26 11:34:00,22552,22553,22552,22552,58
2026-01-26 11:35:00,22558,22558,22553,22556,193
2026-01-26 11:36:00,22553,22556,22553,22555,214
2026-01-26 11:37:00,22558,22558,22558,22558,170
2026-01-26 11:38:00,22556,22556,22554,22556,50
2026-01-26 11:39:00,22556,22556,22556,22556,169
2026-01-26 11:40:00,22557,22557,22556,22557,216
2026-01-26 11:41:00,22554,22554,22553,22554,250
2026-01-26 11:42:00,22548,22548,22548,22548,274
2026-01-26 11:43:00,22553,22554,22552,22554,139
2026-01-26 11:44:00,22552,22557,22551,22552,42
2026-01-26 11:45:00,22552,22554,22549,22552,280
2026-01-26 11:46:00,22554,22554,22552,22553,132
2026-01-26 11:47:00,22551,22552,22549,22550,163
2026-01-26 11:48:00,22544,22547,22544,22546,90
2026-01-26 11:49:00,22548,22549,22547,22548,227
2026-01-26 11:50:00,22551,22551,22550,22551,167
2026-01-26 11:51:00,22555,22561,22554,22557,77
2026-01-26 11:52:00,22553,22556,22552,22553,20
2026-01-26 11:53:00,22555,22555,22554,22555,7
2026-01-26 11:54:00,22558,22559,22558,22558,144
2026-01-26 11:55:00,22556,22556,22554,22554,163
2026-01-26 11:56:00,22555,22556,22555,22556,218
2026-01-26 11:57:00,22553,22554,22551,22553,48
2026-01-26 11:58:00,22557,22557,22555,22556,230
2026-01-26 11:59:00,22553,22554,22552,22553,103
2026-01-26 12:00:00,22560,22561,22558,22560,176
2026-01-26 12:01:00,22564,22564,22557,22563,230
2026-01-26 12:02:00,22567,22567,22565,22566,179
2026-01-26 12:03:00,22570,22572,22568,22569,197
2026-01-26 12:04:00,22568,22570,22566,22569,251
2026-01-26 12:05:00,22566,22567,22565,22566,145
2026-01-26 12:06:00,22563,22565,22563,22564,22
2026-01-26 12:07:00,22565,22567,22565,22566,213
2026-01-26 12:08:00,22558,22558,22557,22557,201
2026-01-26 12:09:00,22558,22558,22557,22558,140
2026-01-26 12:10:00,22553,22553,22553,22553,131
2026-01-26 12:11:00,22555,22555,22553,22553,237
2026-01-26 12:12:00,22552,22556,22552,22553,214
2026-01-26 12:13:00,22555,22558,22555,22556,136
2026-01-26 12:14:00,22555,22556,22552,22555,286
2026-01-26 12:15:00,22552,22552,22552,22552,279
2026-01-26 12:16:00,22556,22556,22554,22555,90
2026-01-26 12:17:00,22552,22553,22551,22552,113
2026-01-26 12:18:00,22546,22547,22545,22546,197
2026-01-26 12:19:00,22546,22547,22544,22545,138
2026-01-26 12:20:00,22542,22545,22538,22541,153
2026-01-26 12:21:00,22541,22545,22539,22541,165
2026-01-26 12:22:00,22537,22537,22536,22536,16
2026-01-26 12:23:00,22539,22540,22538,22539,110
2026-01-26 12:24:00,22545,22548,22543,22545,149
2026-01-26 12:25:00,22543,22546,22543,22544,197
2026-01-26 12:26:00,22544,22544,22542,22543,1
2026-01-26 12:27:00,22545,22545,22544,22545,234
2026-01-26 12:28:00,22542,22544,22542,22542,137
2026-01-26 12:29:00,22540,22544,22540,22541,75
2026-01-26 12:30:00,22539,22539,22538,22538,264
2026-01-26 12:31:00,22534,22539,22530,22537,99
2026-01-26 12:32:00,22539,22540,22539,22540,212
2026-01-26 12:33:00,22541,22545,22537,22538,95
2026-01-26 12:34:00,22540,22540,22538,22539,179
2026-01-26 12:35:00,22543,22543,22543,22543,134
2026-01-26 12:36:00,22542,22552,22542,22546,130
2026-01-26 12:37:00,22545,22546,22544,22545,179
2026-01-26 12:38:00,22546,22551,22544,22545,199
2026-01-26 12:39:00,22550,22550,22549,22550,147
2026-01-26 12:40:00,22547,22548,22545,22547,317
2026-01-26 12:41:00,22541,22541,22538,22540,51
2026-01-26 12:42:00,22541,22541,22541,22541,208
2026-01-26 12:43:00,22546,22546,22545,22545,30
2026-01-26 12:44:00,22546,22547,22543,22545,45
2026-01-26 12:45:00,22546,22546,22546,22546,224
2026-01-26 12:46:00,22545,22548,22545,22546,161
2026-01-26 12:47:00,22546,22547,22546,22547,163
2026-01-26 12:48:00,22546,22546,22545,22545,257
2026-01-26 12:49:00,22545,22546,22545,22545,116
2026-01-26 12:50:00,22542,22542,22541,22542,17
2026-01-26 12:51:00,22536,22536,22535,22536,216
2026-01-26 12:52:00,22528,22528,22528,22528,88
2026-01-26 12:53:00,22527,22528,22526,22527,116
2026-01-26 12:54:00,22525,22527,22525,22526,205
2026-01-26 12:55:00,22527,22529,22525,22527,103
2026-01-26 12:56:00,22527,22527,22526,22527,217
2026-01-26 12:57:00,22531,22534,22531,22532,141
2026-01-26 12:58:00,22533,22535,22532,22533,292
2026-01-26 12:59:00,22535,22536,22534,22535,142
2026-01-26 13:00:00,22543,22544,22543,22544,154
2026-01-26 13:01:00,22543,22543,22542,22543,190
2026-01-26 13:02:00,22544,22547,22540,22544,183
2026-01-26 13:03:00,22550,22550,22547,22549,163
2026-01-26 13:04:00,22547,22547,22546,22547,252
2026-01-26 13:05:00,22546,22546,22546,22546,203
2026-01-26 13:06:00,22549,22549,22545,22546,265
2026-01-26 13:07:00,22542,22543,22541,22542,164
2026-01-26 13:08:00,22538,22538,22538,22538,185
2026-01-26 13:09:00,22542,22542,22542,22542,105
2026-01-26 13:10:00,22540,22540,22538,22539,289
2026-01-26 13:11:00,22536,22536,22536,22536,171
2026-01-26 13:12:00,22534,22534,22533,22534,217
2026-01-26 13:13:00,22537,22537,22535,22535,154
2026-01-26 13:14:00,22535,22539,22535,22536,92
2026-01-26 13:15:00,22535,22539,22529,22535,168
2026-01-26 13:16:00,22534,22534,22532,22534,101
2026-01-26 13:17:00,22526,22527,22524,22525,276
2026-01-26 13:18:00,22519,22519,22519,22519,231
2026-01-26 13:19:00,22515,22519,22512,22517,98
2026-01-26 13:20:00,22515,22516,22515,22516,66
2026-01-26 13:21:00,22513,22514,22513,22513,93
2026-01-26 13:22:00,22515,22516,22514,22514,155
2026-01-26 13:23:00,22515,22516,22515,22515,263
2026-01-26 13:24:00,22512,22512,22512,22512,211
2026-01-26 13:25:00,22510,22510,22509,22510,296
2026-01-26 13:26:00,22514,22517,22511,22515,333
2026-01-26 13:27:00,22506,22507,22506,22506,154
2026-01-26 13:28:00,22506,22507,22504,22506,141
2026-01-26 13:29:00,22510,22510,22499,22507,115
2026-01-26 13:30:00,22504,22504,22502,22503,410
2026-01-26 13:31:00,22506,22507,22505,22506,241
2026-01-26 13:32:00,22499,22499,22499,22499,269
2026-01-26 13:33:00,22493,22494,22492,22493,431
2026-01-26 13:34:00,22482,22482,22478,22480,178
2026-01-26 13:35:00,22479,22485,22475,22478,57
2026-01-26 13:36:00,22471,22471,22471,22471,390
2026-01-26 13:37:00,22472,22472,22460,22466,265
2026-01-26 13:38:00,22463,22463,22463,22463,332
2026-01-26 13:39:00,22469,22469,22469,22469,594
2026-01-26 13:40:00,22468,22468,22467,22468,330
2026-01-26 13:41:00,22471,22477,22466,22467,20
2026-01-26 13:42:00,22476,22476,22476,22476,100
2026-01-26 13:43:00,22477,22479,22477,22477,462
2026-01-26 13:44:00,22480,22482,22478,22479,340
2026-01-27 08:45:00,22499,22501,22488,22493,542
2026-01-27 08:46:00,22492,22495,22492,22494,1
2026-01-27 08:47:00,22491,22491,22473,22486,244
2026-01-27 08:48:00,22484,22486,22484,22484,161
2026-01-27 08:49:00,22487,22488,22485,22486,276
2026-01-27 08:50:00,22486,22486,22485,22486,208
2026-01-27 08:51:00,22479,22479,22476,22478,345
2026-01-27 08:52:00,22484,22488,22484,22486,228
2026-01-27 08:53:00,22487,22488,22487,22488,346
2026-01-27 08:54:00,22485,22485,22485,22485,304
2026-01-27 08:55:00,22489,22489,22487,22488,323
2026-01-27 08:56:00,22493,22494,22492,22493,149
2026-01-27 08:57:00,22500,22502,22500,22500,342
2026-01-27 08:58:00,22494,22495,22494,22495,365
2026-01-27 08:59:00,22485,22487,22482,22485,287
2026-01-27 09:00:00,22483,22483,22483,22483,309
2026-01-27 09:01:00,22487,22487,22487,22487,95
2026-01-27 09:02:00,22488,22493,22486,22491,303
2026-01-27 09:03:00,22493,22494,22488,22492,154
2026-01-27 09:04:00,22496,22496,22496,22496,96
2026-01-27 09:05:00,22496,22499,22494,22494,112
2026-01-27 09:06:00,22499,22505,22497,22500,295
2026-01-27 09:07:00,22496,22500,22493,22497,317
2026-01-27 09:08:00,22497,22502,22487,22498,283
2026-01-27 09:09:00,22509,22509,22509,22509,282
2026-01-27 09:10:00,22509,22509,22508,22509,253
2026-01-27 09:11:00,22509,22510,22508,22509,208
2026-01-27 09:12:00,22510,22511,22510,22511,100
2026-01-27 09:13:00,22507,22512,22507,22511,98
2026-01-27 09:14:00,22504,22506,22503,22504,199
2026-01-27 09:15:00,22501,22503,22501,22502,78
2026-01-27 09:16:00,22502,22504,22502,22503,169
2026-01-27 09:17:00,22508,22508,22508,22508,47
2026-01-27 09:18:00,22505,22506,22503,22504,170
2026-01-27 09:19:00,22508,22510,22507,22508,37
2026-01-27 09:20:00,22513,22515,22510,22512,87
2026-01-27 09:21:00,22506,22506,22506,22506,243
2026-01-27 09:22:00,22501,22501,22500,22501,61
2026-01-27 09:23:00,22502,22503,22502,22502,143
2026-01-27 09:24:00,22508,22511,22505,22507,78
2026-01-27 09:25:00,22505,22508,22505,22508,72
2026-01-27 09:26:00,22508,22508,22507,22507,105
2026-01-27 09:27:00,22506,22508,22506,22506,141
2026-01-27 09:28:00,22507,22508,22506,22508,148
2026-01-27 09:29:00,22511,22513,22510,22511,140
2026-01-27 09:30:00,22511,22513,22510,22511,277
2026-01-27 09:31:00,22513,22513,22513,22513,92
2026-01-27 09:32:00,22510,22512,22510,22510,219
2026-01-27 09:33:00,22504,22504,22504,22504,118
2026-01-27 09:34:00,22505,22506,22503,22506,182
2026-01-27 09:35:00,22505,22508,22505,22505,208
2026-01-27 09:36:00,22503,22509,22503,22505,188
2026-01-27 09:37:00,22506,22506,22506,22506,155
2026-01-27 09:38:00,22511,22514,22511,22512,147
2026-01-27 09:39:00,22506,22507,22505,22506,122
2026-01-27 09:40:00,22504,22504,22504,22504,138
2026-01-27 09:41:00,22509,22509,22508,22508,136
2026-01-27 09:42:00,22509,22511,22509,22510,102
2026-01-27 09:43:00,22507,22512,22504,22507,100
2026-01-27 09:44:00,22513,22513,22509,22510,121
2026-01-27 09:45:00,22507,22509,22503,22508,81
2026-01-27 09:46:00,22507,22511,22506,22507,102
2026-01-27 09:47:00,22513,22513,22510,22512,1
2026-01-27 09:48:00,22515,22518,22511,22516,167
2026-01-27 09:49:00,22524,22526,22524,22524,199
2026-01-27 09:50:00,22536,22536,22534,22535,142
2026-01-27 09:51:00,22532,22534,22528,22531,117
2026-01-27 09:52:00,22534,22539,22529,22534,109
2026-01-27 09:53:00,22538,22542,22535,22538,190
2026-01-27 09:54:00,22536,22536,22535,22535,104
2026-01-27 09:55:00,22539,22542,22536,22538,231
2026-01-27 09:56:00,22539,22540,22536,22538,258
2026-01-27 09:57:00,22538,22539,22537,22538,68
2026-01-27 09:58:00,22534,22537,22534,22536,92
2026-01-27 09:59:00,22533,22536,22531,22532,185
2026-01-27 10:00:00,22532,22534,22529,22531,192
2026-01-27 10:01:00,22528,22530,22526,22529,212
2026-01-27 10:02:00,22520,22520,22520,22520,191
2026-01-27 10:03:00,22519,22522,22518,22519,78
2026-01-27 10:04:00,22514,22514,22509,22513,142
2026-01-27 10:05:00,22517,22522,22517,22519,240
2026-01-27 10:06:00,22519,22519,22519,22519,158
2026-01-27 10:07:00,22516,22516,22516,22516,181
2026-01-27 10:08:00,22517,22518,22517,22517,190
2026-01-27 10:09:00,22520,22525,22520,22520,243
2026-01-27 10:10:00,22523,22527,22520,22523,145
2026-01-27 10:11:00,22524,22528,22524,22526,37
2026-01-27 10:12:00,22523,22524,22523,22523,106
2026-01-27 10:13:00,22525,22525,22524,22525,87
2026-01-27 10:14:00,22526,22526,22526,22526,64
2026-01-27 10:15:00,22530,22530,22529,22529,142
2026-01-27 10:16:00,22535,22536,22535,22535,185
2026-01-27 10:17:00,22539,22541,22537,22538,211
2026-01-27 10:18:00,22536,22536,22534,22535,343
2026-01-27 10:19:00,22536,22536,22535,22536,174
2026-01-27 10:20:00,22530,22530,22527,22530,277
2026-01-27 10:21:00,22526,22529,22524,22526,184
2026-01-27 10:22:00,22531,22531,22531,22531,56
2026-01-27 10:23:00,22529,22530,22529,22529,94
2026-01-27 10:24:00,22528,22528,22528,22528,153
2026-01-27 10:25:00,22533,22534,22533,22534,193
2026-01-27 10:26:00,22535,22535,22534,22535,203
2026-01-27 10:27:00,22536,22537,22533,22536,163
2026-01-27 10:28:00,22533,22533,22532,22533,182
2026-01-27 10:29:00,22537,22537,22536,22537,175
2026-01-27 10:30:00,22538,22539,22534,22536,83
2026-01-27 10:31:00,22532,22533,22530,22533,192
2026-01-27 10:32:00,22541,22541,22534,22537,150
2026-01-27 10:33:00,22540,22540,22535,22540,237
2026-01-27 10:34:00,22538,22544,22537,22538,227
2026-01-27 10:35:00,22540,22543,22538,22540,100
2026-01-27 10:36:00,22539,22540,22539,22539,108
2026-01-27 10:37:00,22542,22544,22542,22543,176
2026-01-27 10:38:00,22544,22545,22544,22545,260
2026-01-27 10:39:00,22550,22553,22550,22552,127
2026-01-27 10:40:00,22561,22561,22559,22560,112
2026-01-27 10:41:00,22563,22563,22563,22563,32
2026-01-27 10:42:00,22569,22572,22561,22566,284
2026-01-27 10:43:00,22567,22567,22564,22565,128
2026-01-27 10:44:00,22569,22571,22567,22568,167
2026-01-27 10:45:00,22571,22571,22568,22570,108
2026-01-27 10:46:00,22574,22574,22574,22574,84
2026-01-27 10:47:00,22571,22571,22569,22570,123
2026-01-27 10:48:00,22571,22571,22569,22571,182
2026-01-27 10:49:00,22572,22572,22572,22572,176
2026-01-27 10:50:00,22574,22574,22573,22573,28
2026-01-27 10:51:00,22571,22571,22571,22571,154
2026-01-27 10:52:00,22570,22571,22569,22570,221
2026-01-27 10:53:00,22567,22568,22566,22567,90
2026-01-27 10:54:00,22572,22572,22572,22572,210
2026-01-27 10:55:00,22575,22576,22572,22574,231
2026-01-27 10:56:00,22572,22572,22570,22572,192
2026-01-27 10:57:00,22565,22566,22563,22566,1
2026-01-27 10:58:00,22562,22563,22562,22563,304
2026-01-27 10:59:00,22563,22576,22563,22567,91
2026-01-27 11:00:00,22565,22570,22565,22568,253
2026-01-27 11:01:00,22569,22571,22569,22570,134
2026-01-27 11:02:00,22570,22570,22570,22570,163
2026-01-27 11:03:00,22574,22574,22574,22574,35
2026-01-27 11:04:00,22576,22576,22575,22575,180
2026-01-27 11:05:00,22574,22574,22574,22574,26
2026-01-27 11:06:00,22570,22570,22569,22570,126
2026-01-27 11:07:00,22572,22572,22572,22572,201
2026-01-27 11:08:00,22571,22571,22571,22571,189
2026-01-27 11:09:00,22567,22570,22567,22568,73
2026-01-27 11:10:00,22569,22570,22569,22569,230
2026-01-27 11:11:00,22576,22576,22576,22576,41
2026-01-27 11:12:00,22577,22577,22577,22577,173
2026-01-27 11:13:00,22573,22573,22573,22573,176
2026-01-27 11:14:00,22570,22571,22568,22570,7
2026-01-27 11:15:00,22574,22582,22570,22573,80
2026-01-27 11:16:00,22575,22576,22575,22575,188
2026-01-27 11:17:00,22578,22578,22577,22577,152
2026-01-27 11:18:00,22576,22579,22575,22576,109
2026-01-27 11:19:00,22577,22582,22574,22577,168
2026-01-27 11:20:00,22575,22575,22575,22575,111
2026-01-27 11:21:00,22581,22581,22579,22580,67
2026-01-27 11:22:00,22586,22588,22585,22586,72
2026-01-27 11:23:00,22589,22589,22587,22589,349
2026-01-27 11:24:00,22595,22596,22592,22595,108
2026-01-27 11:25:00,22596,22597,22594,22595,184
2026-01-27 11:26:00,22593,22594,22592,22594,18
2026-01-27 11:27:00,22595,22595,22594,22594,203
2026-01-27 11:28:00,22594,22594,22592,22593,195
2026-01-27 11:29:00,22596,22597,22593,22595,102
2026-01-27 11:30:00,22590,22595,22590,22591,46
2026-01-27 11:31:00,22595,22598,22585,22594,131
2026-01-27 11:32:00,22594,22595,22594,22594,163
2026-01-27 11:33:00,22592,22594,22591,22592,48
2026-01-27 11:34:00,22589,22589,22587,22588,111
2026-01-27 11:35:00,22587,22588,22587,22587,197
2026-01-27 11:36:00,22585,22586,22584,22586,113
2026-01-27 11:37:00,22583,22583,22582,22583,190
2026-01-27 11:38:00,22582,22583,22582,22582,103
2026-01-27 11:39:00,22589,22590,22589,22589,213
2026-01-27 11:40:00,22586,22591,22584,22586,180
2026-01-27 11:41:00,22586,22586,22581,22584,241
2026-01-27 11:42:00,22591,22591,22588,22590,243
2026-01-27 11:43:00,22589,22589,22588,22588,36
2026-01-27 11:44:00,22584,22584,22584,22584,190
2026-01-27 11:45:00,22586,22586,22578,22581,316
2026-01-27 11:46:00,22580,22580,22580,22580,149
2026-01-27 11:47:00,22583,22588,22581,22585,226
2026-01-27 11:48:00,22584,22589,22584,22586,206
2026-01-27 11:49:00,22585,22586,22585,22585,165
2026-01-27 11:50:00,22584,22584,22583,22584,137
2026-01-27 11:51:00,22575,22577,22575,22575,189
2026-01-27 11:52:00,22575,22576,22575,22576,114
2026-01-27 11:53:00,22573,22576,22572,22573,324
2026-01-27 11:54:00,22572,22573,22571,22572,180
2026-01-27 11:55:00,22570,22572,22568,22571,187
2026-01-27 11:56:00,22565,22565,22565,22565,88
2026-01-27 11:57:00,22561,22566,22561,22563,49
2026-01-27 11:58:00,22565,22566,22565,22566,148
2026-01-27 11:59:00,22570,22573,22569,22570,266
2026-01-27 12:00:00,22574,22574,22574,22574,260
2026-01-27 12:01:00,22577,22578,22577,22577,1
2026-01-27 12:02:00,22575,22578,22573,22576,250
2026-01-27 12:03:00,22577,22578,22573,22575,218
2026-01-27 12:04:00,22575,22576,22570,22573,212
2026-01-27 12:05:00,22566,22571,22566,22569,170
2026-01-27 12:06:00,22565,22565,22558,22564,296
2026-01-27 12:07:00,22568,22570,22568,22569,180
2026-01-27 12:08:00,22566,22566,22565,22566,1
2026-01-27 12:09:00,22569,22569,22568,22569,82
2026-01-27 12:10:00,22566,22569,22566,22568,194
2026-01-27 12:11:00,22564,22568,22564,22565,167
2026-01-27 12:12:00,22564,22565,22564,22564,180
2026-01-27 12:13:00,22567,22567,22567,22567,256
2026-01-27 12:14:00,22564,22564,22562,22563,254
2026-01-27 12:15:00,22560,22562,22557,22560,132
2026-01-27 12:16:00,22557,22560,22557,22558,139
2026-01-27 12:17:00,22564,22564,22563,22564,291
2026-01-27 12:18:00,22562,22563,22562,22562,236
2026-01-27 12:19:00,22561,22563,22561,22562,1
2026-01-27 12:20:00,22563,22563,22562,22562,152
2026-01-27 12:21:00,22563,22563,22563,22563,62
2026-01-27 12:22:00,22564,22566,22564,22565,33
2026-01-27 12:23:00,22555,22560,22555,22560,170
2026-01-27 12:24:00,22557,22562,22555,22557,24
2026-01-27 12:25:00,22564,22568,22562,22564,109
2026-01-27 12:26:00,22563,22564,22560,22564,93
2026-01-27 12:27:00,22568,22572,22568,22569,1
2026-01-27 12:28:00,22567,22567,22563,22566,64
2026-01-27 12:29:00,22566,22566,22565,22566,219
2026-01-27 12:30:00,22567,22568,22567,22567,129
2026-01-27 12:31:00,22561,22564,22561,22563,95
2026-01-27 12:32:00,22555,22555,22553,22555,117
2026-01-27 12:33:00,22552,22555,22550,22552,32
2026-01-27 12:34:00,22551,22551,22551,22551,124
2026-01-27 12:35:00,22552,22553,22548,22552,143
2026-01-27 12:36:00,22550,22552,22549,22549,94
2026-01-27 12:37:00,22546,22546,22545,22546,225
2026-01-27 12:38:00,22546,22547,22543,22545,211
2026-01-27 12:39:00,22547,22549,22546,22547,103
2026-01-27 12:40:00,22550,22550,22546,22548,133
2026-01-27 12:41:00,22549,22556,22544,22548,250
2026-01-27 12:42:00,22556,22556,22556,22556,235
2026-01-27 12:43:00,22556,22560,22552,22553,173
2026-01-27 12:44:00,22555,22560,22553,22556,1
2026-01-27 12:45:00,22553,22555,22552,22552,158
2026-01-27 12:46:00,22551,22552,22546,22552,174
2026-01-27 12:47:00,22549,22549,22549,22549,226
2026-01-27 12:48:00,22543,22558,22535,22546,240
2026-01-27 12:49:00,22545,22546,22543,22544,109
2026-01-27 12:50:00,22547,22548,22547,22547,37
2026-01-27 12:51:00,22552,22556,22549,22553,169
2026-01-27 12:52:00,22554,22554,22550,22552,62
2026-01-27 12:53:00,22551,22552,22549,22550,99
2026-01-27 12:54:00,22551,22551,22550,22551,187
2026-01-27 12:55:00,22555,22555,22548,22551,167
2026-01-27 12:56:00,22545,22546,22543,22545,112
2026-01-27 12:57:00,22548,22551,22547,22549,125
2026-01-27 12:58:00,22549,22549,22549,22549,224
2026-01-27 12:59:00,22543,22543,22543,22543,94
2026-01-27 13:00:00,22534,22541,22531,22535,198
2026-01-27 13:01:00,22537,22538,22535,22537,183
2026-01-27 13:02:00,22542,22542,22542,22542,262
2026-01-27 13:03:00,22535,22535,22528,22533,192
2026-01-27 13:04:00,22533,22534,22533,22533,5
2026-01-27 13:05:00,22530,22531,22529,22530,132
2026-01-27 13:06:00,22538,22538,22535,22536,187
2026-01-27 13:07:00,22533,22534,22529,22532,37
2026-01-27 13:08:00,22534,22534,22533,22534,99
2026-01-27 13:09:00,22535,22539,22534,22534,223
2026-01-27 13:10:00,22532,22533,22532,22532,258
2026-01-27 13:11:00,22536,22543,22533,22537,333
2026-01-27 13:12:00,22546,22546,22545,22545,204
2026-01-27 13:13:00,22550,22551,22550,22550,217
2026-01-27 13:14:00,22553,22557,22553,22554,167
2026-01-27 13:15:00,22562,22562,22551,22557,215
2026-01-27 13:16:00,22556,22557,22555,22556,142
2026-01-27 13:17:00,22556,22557,22556,22557,170
2026-01-27 13:18:00,22556,22556,22556,22556,176
2026-01-27 13:19:00,22555,22556,22554,22555,239
2026-01-27 13:20:00,22563,22563,22562,22563,74
2026-01-27 13:21:00,22566,22568,22565,22566,78
2026-01-27 13:22:00,22561,22564,22557,22562,109
2026-01-27 13:23:00,22559,22561,22559,22560,94
2026-01-27 13:24:00,22558,22558,22557,22558,76
2026-01-27 13:25:00,22559,22559,22555,22557,315
2026-01-27 13:26:00,22557,22557,22557,22557,50
2026-01-27 13:27:00,22561,22561,22556,22560,62
2026-01-27 13:28:00,22570,22573,22570,22572,165
2026-01-27 13:29:00,22575,22577,22575,22576,289
2026-01-27 13:30:00,22578,22584,22578,22580,417
2026-01-27 13:31:00,22575,22575,22575,22575,313
2026-01-27 13:32:00,22576,22578,22576,22577,236
2026-01-27 13:33:00,22576,22577,22575,22576,179
2026-01-27 13:34:00,22578,22578,22570,22575,235
2026-01-27 13:35:00,22587,22587,22583,22586,317
2026-01-27 13:36:00,22598,22598,22581,22592,134
2026-01-27 13:37:00,22603,22610,22600,22605,284
2026-01-27 13:38:00,22605,22605,22589,22603,149
2026-01-27 13:39:00,22616,22616,22615,22615,64
2026-01-27 13:40:00,22626,22631,22616,22626,253
2026-01-27 13:41:00,22631,22634,22624,22628,74
2026-01-27 13:42:00,22627,22629,22620,22627,155
2026-01-27 13:43:00,22616,22616,22610,22614,272
2026-01-27 13:44:00,22611,22612,22610,22610,169
2026-01-28 08:45:00,22569,22569,22563,22567,205
2026-01-28 08:46:00,22556,22561,22554,22555,302
2026-01-28 08:47:00,22553,22559,22544,22553,62
2026-01-28 08:48:00,22559,22559,22556,22558,367
2026-01-28 08:49:00,22559,22559,22558,22559,515
2026-01-28 08:50:00,22557,22566,22557,22560,290
2026-01-28 08:51:00,22565,22565,22564,22565,286
2026-01-28 08:52:00,22563,22567,22563,22565,245
2026-01-28 08:53:00,22573,22573,22573,22573,482
2026-01-28 08:54:00,22572,22573,22571,22572,492
2026-01-28 08:55:00,22583,22583,22576,22579,189
2026-01-28 08:56:00,22572,22572,22569,22572,240
2026-01-28 08:57:00,22570,22571,22569,22569,27
2026-01-28 08:58:00,22571,22572,22571,22571,32
2026-01-28 08:59:00,22572,22572,22572,22572,124
2026-01-28 09:00:00,22577,22578,22573,22575,64
2026-01-28 09:01:00,22577,22577,22577,22577,152
2026-01-28 09:02:00,22587,22593,22586,22586,228
2026-01-28 09:03:00,22590,22591,22590,22590,487
2026-01-28 09:04:00,22588,22588,22586,22588,167
2026-01-28 09:05:00,22588,22588,22588,22588,297
2026-01-28 09:06:00,22595,22595,22595,22595,279
2026-01-28 09:07:00,22597,22598,22597,22597,121
2026-01-28 09:08:00,22594,22598,22593,22596,166
2026-01-28 09:09:00,22600,22600,22600,22600,231
2026-01-28 09:10:00,22599,22600,22598,22599,30
2026-01-28 09:11:00,22607,22607,22606,22607,145
2026-01-28 09:12:00,22605,22606,22603,22604,98
2026-01-28 09:13:00,22601,22608,22601,22603,553
2026-01-28 09:14:00,22604,22609,22604,22606,220
2026-01-28 09:15:00,22612,22614,22611,22612,98
2026-01-28 09:16:00,22616,22616,22615,22615,203
2026-01-28 09:17:00,22620,22620,22620,22620,36
2026-01-28 09:18:00,22622,22623,22621,22622,178
2026-01-28 09:19:00,22622,22622,22622,22622,121
2026-01-28 09:20:00,22623,22623,22620,22623,134
2026-01-28 09:21:00,22624,22624,22624,22624,231
2026-01-28 09:22:00,22623,22626,22622,22623,156
2026-01-28 09:23:00,22622,22624,22621,22622,167
2026-01-28 09:24:00,22625,22625,22622,22624,92
2026-01-28 09:25:00,22626,22626,22625,22626,218
2026-01-28 09:26:00,22630,22630,22618,22626,125
2026-01-28 09:27:00,22622,22622,22621,22622,200
2026-01-28 09:28:00,22616,22616,22610,22616,297
2026-01-28 09:29:00,22612,22612,22612,22612,225
2026-01-28 09:30:00,22611,22611,22611,22611,22
2026-01-28 09:31:00,22610,22611,22606,22610,193
2026-01-28 09:32:00,22611,22611,22610,22611,282
2026-01-28 09:33:00,22609,22609,22609,22609,139
2026-01-28 09:34:00,22602,22604,22601,22603,126
2026-01-28 09:35:00,22601,22604,22597,22602,288
2026-01-28 09:36:00,22596,22598,22596,22596,164
2026-01-28 09:37:00,22594,22596,22591,22593,125
2026-01-28 09:38:00,22590,22592,22588,22590,190
2026-01-28 09:39:00,22591,22591,22588,22589,294
2026-01-28 09:40:00,22593,22596,22593,22594,267
2026-01-28 09:41:00,22589,22590,22588,22589,284
2026-01-28 09:42:00,22592,22592,22592,22592,131
2026-01-28 09:43:00,22592,22592,22591,22592,229
2026-01-28 09:44:00,22594,22594,22592,22594,220
2026-01-28 09:45:00,22593,22597,22593,22594,87
2026-01-28 09:46:00,22600,22600,22594,22598,266
2026-01-28 09:47:00,22599,22599,22596,22597,199
2026-01-28 09:48:00,22598,22598,22597,22598,282
2026-01-28 09:49:00,22594,22594,22594,22594,166
2026-01-28 09:50:00,22589,22589,22589,22589,176
2026-01-28 09:51:00,22589,22594,22589,22590,112
2026-01-28 09:52:00,22593,22593,22591,22592,82
2026-01-28 09:53:00,22592,22593,22591,22591,254
2026-01-28 09:54:00,22590,22590,22589,22590,168
2026-01-28 09:55:00,22586,22587,22585,22586,171
2026-01-28 09:56:00,22585,22589,22585,22587,93
2026-01-28 09:57:00,22590,22594,22587,22590,170
2026-01-28 09:58:00,22586,22588,22586,22587,145
2026-01-28 09:59:00,22587,22588,22586,22587,24
2026-01-28 10:00:00,22584,22584,22583,22584,163
2026-01-28 10:01:00,22585,22586,22585,22585,151
2026-01-28 10:02:00,22587,22587,22586,22586,150
2026-01-28 10:03:00,22581,22589,22581,22585,1
2026-01-28 10:04:00,22585,22586,22582,22585,170
2026-01-28 10:05:00,22587,22588,22586,22586,131
2026-01-28 10:06:00,22592,22593,22589,22590,23
2026-01-28 10:07:00,22591,22591,22590,22591,69
2026-01-28 10:08:00,22591,22591,22591,22591,97
2026-01-28 10:09:00,22588,22589,22588,22588,160
2026-01-28 10:10:00,22596,22596,22595,22595,61
2026-01-28 10:11:00,22595,22595,22593,22595,138
2026-01-28 10:12:00,22590,22594,22590,22593,88
2026-01-28 10:13:00,22588,22588,22586,22588,84
2026-01-28 10:14:00,22590,22591,22589,22590,273
2026-01-28 10:15:00,22588,22591,22587,22590,208
2026-01-28 10:16:00,22581,22583,22580,22583,1
2026-01-28 10:17:00,22581,22582,22581,22581,193
2026-01-28 10:18:00,22585,22587,22585,22586,1
2026-01-28 10:19:00,22580,22583,22580,22581,244
2026-01-28 10:20:00,22582,22591,22576,22581,5
2026-01-28 10:21:00,22575,22581,22571,22576,123
2026-01-28 10:22:00,22573,22575,22573,22573,28
2026-01-28 10:23:00,22573,22576,22571,22574,284
2026-01-28 10:24:00,22568,22568,22567,22568,222
2026-01-28 10:25:00,22572,22575,22571,22572,118
2026-01-28 10:26:00,22578,22578,22578,22578,174
2026-01-28 10:27:00,22580,22581,22580,22581,140
2026-01-28 10:28:00,22581,22581,22581,22581,277
2026-01-28 10:29:00,22583,22584,22583,22583,213
2026-01-28 10:30:00,22581,22583,22581,22582,196
2026-01-28 10:31:00,22578,22578,22577,22578,163
2026-01-28 10:32:00,22583,22583,22582,22583,141
2026-01-28 10:33:00,22581,22585,22575,22581,151
2026-01-28 10:34:00,22585,22585,22585,22585,140
2026-01-28 10:35:00,22584,22587,22582,22584,90
2026-01-28 10:36:00,22585,22585,22585,22585,105
2026-01-28 10:37:00,22585,22585,22584,22584,1
2026-01-28 10:38:00,22580,22582,22580,22581,267
2026-01-28 10:39:00,22579,22581,22579,22580,159
2026-01-28 10:40:00,22580,22580,22578,22579,179
2026-01-28 10:41:00,22581,22581,22581,22581,6
2026-01-28 10:42:00,22585,22587,22585,22586,252
2026-01-28 10:43:00,22587,22589,22586,22587,130
2026-01-28 10:44:00,22590,22594,22590,22591,178
2026-01-28 10:45:00,22590,22591,22590,22590,121
2026-01-28 10:46:00,22588,22588,22588,22588,174
2026-01-28 10:47:00,22591,22592,22590,22591,59
2026-01-28 10:48:00,22591,22593,22591,22592,239
2026-01-28 10:49:00,22591,22592,22590,22590,225
2026-01-28 10:50:00,22588,22588,22588,22588,138
2026-01-28 10:51:00,22594,22595,22592,22594,144
2026-01-28 10:52:00,22595,22596,22594,22595,100
2026-01-28 10:53:00,22591,22591,22591,22591,75
2026-01-28 10:54:00,22592,22593,22591,22592,127
2026-01-28 10:55:00,22581,22582,22581,22581,1
2026-01-28 10:56:00,22579,22580,22579,22580,217
2026-01-28 10:57:00,22580,22580,22579,22580,219
2026-01-28 10:58:00,22584,22586,22581,22584,1
2026-01-28 10:59:00,22580,22582,22577,22580,283
2026-01-28 11:00:00,22579,22580,22579,22579,121
2026-01-28 11:01:00,22578,22579,22576,22577,1
2026-01-28 11:02:00,22577,22577,22574,22576,119
2026-01-28 11:03:00,22572,22572,22567,22571,99
2026-01-28 11:04:00,22567,22569,22567,22568,154
2026-01-28 11:05:00,22563,22563,22563,22563,215
2026-01-28 11:06:00,22560,22560,22560,22560,120
2026-01-28 11:07:00,22558,22561,22557,22558,233
2026-01-28 11:08:00,22555,22556,22554,22555,83
2026-01-28 11:09:00,22554,22555,22553,22553,49
2026-01-28 11:10:00,22557,22559,22553,22556,285
2026-01-28 11:11:00,22557,22558,22556,22557,242
2026-01-28 11:12:00,22556,22558,22556,22556,112
2026-01-28 11:13:00,22563,22563,22563,22563,323
2026-01-28 11:14:00,22566,22567,22566,22566,252
2026-01-28 11:15:00,22566,22568,22566,22566,98
2026-01-28 11:16:00,22565,22565,22565,22565,124
2026-01-28 11:17:00,22567,22568,22566,22567,1
2026-01-28 11:18:00,22566,22567,22565,22566,154
2026-01-28 11:19:00,22563,22565,22563,22564,79
2026-01-28 11:20:00,22562,22564,22562,22563,126
2026-01-28 11:21:00,22561,22566,22561,22565,17
2026-01-28 11:22:00,22569,22571,22569,22569,153
2026-01-28 11:23:00,22571,22571,22571,22571,200
2026-01-28 11:24:00,22572,22573,22572,22573,103
2026-01-28 11:25:00,22572,22574,22572,22573,196
2026-01-28 11:26:00,22569,22571,22568,22570,313
2026-01-28 11:27:00,22563,22563,22563,22563,150
2026-01-28 11:28:00,22564,22568,22563,22566,76
2026-01-28 11:29:00,22561,22562,22559,22561,183
2026-01-28 11:30:00,22562,22562,22560,22561,178
2026-01-28 11:31:00,22560,22566,22559,22561,197
2026-01-28 11:32:00,22558,22559,22555,22558,182
2026-01-28 11:33:00,22559,22561,22558,22558,286
2026-01-28 11:34:00,22557,22557,22552,22555,140
2026-01-28 11:35:00,22556,22556,22555,22556,125
2026-01-28 11:36:00,22563,22564,22562,22563,99
2026-01-28 11:37:00,22565,22565,22564,22565,184
2026-01-28 11:38:00,22570,22570,22567,22570,132
2026-01-28 11:39:00,22562,22563,22561,22562,100
2026-01-28 11:40:00,22561,22562,22561,22561,187
2026-01-28 11:41:00,22556,22556,22555,22556,125
2026-01-28 11:42:00,22563,22563,22562,22563,162
2026-01-28 11:43:00,22565,22565,22564,22564,267
2026-01-28 11:44:00,22567,22567,22565,22567,184
2026-01-28 11:45:00,22567,22567,22566,22567,151
2026-01-28 11:46:00,22560,22561,22560,22561,129
2026-01-28 11:47:00,22551,22552,22551,22552,71
2026-01-28 11:48:00,22550,22555,22550,22552,148
2026-01-28 11:49:00,22552,22553,22552,22552,253
2026-01-28 11:50:00,22550,22550,22549,22550,163
2026-01-28 11:51:00,22545,22546,22543,22545,21
2026-01-28 11:52:00,22543,22543,22543,22543,235
2026-01-28 11:53:00,22539,22540,22539,22539,168
2026-01-28 11:54:00,22547,22550,22545,22547,175
2026-01-28 11:55:00,22544,22544,22544,22544,106
2026-01-28 11:56:00,22540,22540,22540,22540,159
2026-01-28 11:57:00,22545,22549,22531,22543,250
2026-01-28 11:58:00,22543,22543,22542,22543,162
2026-01-28 11:59:00,22545,22545,22543,22544,180
2026-01-28 12:00:00,22548,22549,22546,22546,181
2026-01-28 12:01:00,22547,22552,22543,22546,118
2026-01-28 12:02:00,22545,22545,22542,22544,288
2026-01-28 12:03:00,22546,22547,22546,22547,337
2026-01-28 12:04:00,22549,22552,22546,22548,232
2026-01-28 12:05:00,22549,22550,22548,22548,101
2026-01-28 12:06:00,22547,22547,22547,22547,107
2026-01-28 12:07:00,22551,22551,22549,22550,129
2026-01-28 12:08:00,22553,22554,22552,22553,84
2026-01-28 12:09:00,22549,22553,22547,22551,85
2026-01-28 12:10:00,22551,22553,22547,22553,175
2026-01-28 12:11:00,22556,22557,22555,22555,183
2026-01-28 12:12:00,22557,22557,22555,22556,103
2026-01-28 12:13:00,22560,22560,22560,22560,130
2026-01-28 12:14:00,22560,22560,22559,22560,228
2026-01-28 12:15:00,22561,22561,22560,22561,207
2026-01-28 12:16:00,22564,22568,22562,22563,189
2026-01-28 12:17:00,22565,22568,22565,22566,237
2026-01-28 12:18:00,22564,22566,22564,22565,218
2026-01-28 12:19:00,22566,22566,22566,22566,126
2026-01-28 12:20:00,22574,22576,22570,22574,149
2026-01-28 12:21:00,22575,22576,22575,22575,12
2026-01-28 12:22:00,22572,22576,22571,22572,169
2026-01-28 12:23:00,22563,22567,22559,22563,195
2026-01-28 12:24:00,22553,22559,22551,22554,85
2026-01-28 12:25:00,22556,22558,22555,22556,264
2026-01-28 12:26:00,22556,22556,22554,22555,181
2026-01-28 12:27:00,22551,22553,22550,22553,146
2026-01-28 12:28:00,22552,22552,22550,22552,143
2026-01-28 12:29:00,22551,22551,22550,22550,200
2026-01-28 12:30:00,22552,22552,22551,22552,211
2026-01-28 12:31:00,22551,22551,22547,22550,230
2026-01-28 12:32:00,22554,22556,22553,22554,237
2026-01-28 12:33:00,22556,22556,22556,22556,180
2026-01-28 12:34:00,22555,22558,22555,22556,225
2026-01-28 12:35:00,22555,22556,22553,22555,182
2026-01-28 12:36:00,22559,22559,22559,22559,1
2026-01-28 12:37:00,22556,22556,22555,22555,110
2026-01-28 12:38:00,22546,22553,22546,22548,217
2026-01-28 12:39:00,22546,22546,22543,22545,151
2026-01-28 12:40:00,22546,22547,22545,22547,40
2026-01-28 12:41:00,22542,22542,22542,22542,78
2026-01-28 12:42:00,22534,22535,22532,22534,51
2026-01-28 12:43:00,22528,22529,22528,22529,211
2026-01-28 12:44:00,22531,22533,22526,22530,93
2026-01-28 12:45:00,22530,22532,22529,22530,260
2026-01-28 12:46:00,22533,22533,22532,22533,247
2026-01-28 12:47:00,22539,22542,22539,22541,235
2026-01-28 12:48:00,22541,22543,22540,22542,197
2026-01-28 12:49:00,22548,22548,22547,22548,134
2026-01-28 12:50:00,22550,22550,22550,22550,188
2026-01-28 12:51:00,22555,22555,22554,22555,265
2026-01-28 12:52:00,22560,22560,22559,22559,246
2026-01-28 12:53:00,22560,22560,22556,22559,119
2026-01-28 12:54:00,22559,22560,22559,22560,123
2026-01-28 12:55:00,22570,22572,22565,22569,151
2026-01-28 12:56:00,22571,22578,22567,22570,207
2026-01-28 12:57:00,22575,22575,22572,22574,232
2026-01-28 12:58:00,22574,22574,22573,22574,183
2026-01-28 12:59:00,22580,22580,22578,22579,123
2026-01-28 13:00:00,22581,22581,22581,22581,101
2026-01-28 13:01:00,22587,22587,22587,22587,236
2026-01-28 13:02:00,22591,22591,22589,22590,256
2026-01-28 13:03:00,22592,22601,22587,22591,265
2026-01-28 13:04:00,22594,22595,22594,22595,108
2026-01-28 13:05:00,22599,22599,22598,22598,135
2026-01-28 13:06:00,22596,22599,22592,22596,124
2026-01-28 13:07:00,22600,22600,22598,22599,220
2026-01-28 13:08:00,22605,22605,22604,22604,180
2026-01-28 13:09:00,22603,22604,22602,22603,129
2026-01-28 13:10:00,22599,22603,22598,22600,181
2026-01-28 13:11:00,22599,22600,22597,22598,181
2026-01-28 13:12:00,22598,22599,22598,22598,1
2026-01-28 13:13:00,22603,22603,22602,22603,185
2026-01-28 13:14:00,22599,22600,22597,22599,94
2026-01-28 13:15:00,22600,22602,22596,22598,36
2026-01-28 13:16:00,22593,22594,22593,22593,128
2026-01-28 13:17:00,22597,22602,22597,22598,206
2026-01-28 13:18:00,22598,22599,22597,22598,129
2026-01-28 13:19:00,22594,22594,22594,22594,256
2026-01-28 13:20:00,22588,22589,22588,22588,66
2026-01-28 13:21:00,22591,22593,22591,22591,102
2026-01-28 13:22:00,22599,22601,22598,22598,153
2026-01-28 13:23:00,22597,22598,22595,22597,141
2026-01-28 13:24:00,22598,22600,22595,22598,217
2026-01-28 13:25:00,22592,22592,22590,22592,117
2026-01-28 13:26:00,22583,22591,22583,22584,322
2026-01-28 13:27:00,22585,22585,22581,22584,416
2026-01-28 13:28:00,22585,22586,22585,22585,52
2026-01-28 13:29:00,22587,22590,22587,22588,83
2026-01-28 13:30:00,22589,22589,22588,22589,452
2026-01-28 13:31:00,22589,22595,22585,22591,86
2026-01-28 13:32:00,22587,22588,22587,22587,501
2026-01-28 13:33:00,22592,22603,22592,22593,312
2026-01-28 13:34:00,22590,22590,22588,22590,94
2026-01-28 13:35:00,22591,22591,22589,22591,491
2026-01-28 13:36:00,22580,22581,22580,22580,366
2026-01-28 13:37:00,22583,22593,22569,22584,433
2026-01-28 13:38:00,22580,22581,22580,22581,550
2026-01-28 13:39:00,22572,22573,22571,22572,350
2026-01-28 13:40:00,22582,22586,22582,22582,299
2026-01-28 13:41:00,22585,22586,22585,22585,631
2026-01-28 13:42:00,22598,22603,22594,22597,174
2026-01-28 13:43:00,22597,22597,22597,22597,100
2026-01-28 13:44:00,22597,22597,22597,22597,499
2026-01-29 08:45:00,22603,22611,22602,22608,145
2026-01-29 08:46:00,22604,22609,22603,22605,354
2026-01-29 08:47:00,22601,22601,22601,22601,66
2026-01-29 08:48:00,22603,22605,22596,22597,311
2026-01-29 08:49:00,22602,22603,22602,22603,197
2026-01-29 08:50:00,22605,22605,22604,22605,398
2026-01-29 08:51:00,22598,22602,22593,22601,541
2026-01-29 08:52:00,22610,22610,22609,22609,262
2026-01-29 08:53:00,22594,22595,22594,22594,280
2026-01-29 08:54:00,22584,22586,22578,22584,320
2026-01-29 08:55:00,22582,22582,22582,22582,158
2026-01-29 08:56:00,22568,22569,22568,22568,456
2026-01-29 08:57:00,22567,22568,22567,22567,356
2026-01-29 08:58:00,22569,22569,22568,22569,80
2026-01-29 08:59:00,22569,22573,22569,22571,280
2026-01-29 09:00:00,22562,22565,22562,22564,249
2026-01-29 09:01:00,22568,22568,22567,22567,156
2026-01-29 09:02:00,22568,22568,22568,22568,175
2026-01-29 09:03:00,22565,22567,22565,22566,308
2026-01-29 09:04:00,22564,22564,22560,22562,261
2026-01-29 09:05:00,22557,22557,22556,22557,253
2026-01-29 09:06:00,22552,22554,22550,22552,230
2026-01-29 09:07:00,22550,22552,22549,22550,33
2026-01-29 09:08:00,22545,22546,22545,22546,278
2026-01-29 09:09:00,22539,22544,22539,22541,256
2026-01-29 09:10:00,22543,22546,22542,22542,276
2026-01-29 09:11:00,22539,22539,22535,22538,262
2026-01-29 09:12:00,22540,22542,22535,22540,224
2026-01-29 09:13:00,22538,22539,22537,22538,93
2026-01-29 09:14:00,22539,22539,22539,22539,58
2026-01-29 09:15:00,22529,22529,22529,22529,140
2026-01-29 09:16:00,22529,22529,22528,22529,187
2026-01-29 09:17:00,22524,22525,22524,22524,170
2026-01-29 09:18:00,22518,22523,22518,22520,104
2026-01-29 09:19:00,22509,22511,22509,22510,133
2026-01-29 09:20:00,22513,22514,22511,22513,86
2026-01-29 09:21:00,22514,22514,22508,22512,122
2026-01-29 09:22:00,22517,22517,22515,22517,256
2026-01-29 09:23:00,22518,22518,22517,22517,108
2026-01-29 09:24:00,22521,22521,22518,22520,154
2026-01-29 09:25:00,22522,22522,22522,22522,50
2026-01-29 09:26:00,22527,22527,22526,22527,131
2026-01-29 09:27:00,22526,22527,22526,22526,46
2026-01-29 09:28:00,22519,22522,22518,22522,195
2026-01-29 09:29:00,22521,22521,22520,22521,31
2026-01-29 09:30:00,22525,22527,22525,22525,106
2026-01-29 09:31:00,22523,22524,22522,22523,237
2026-01-29 09:32:00,22521,22524,22521,22521,144
2026-01-29 09:33:00,22523,22525,22522,22523,199
2026-01-29 09:34:00,22528,22530,22527,22527,153
2026-01-29 09:35:00,22531,22531,22531,22531,165
2026-01-29 09:36:00,22534,22534,22534,22534,91
2026-01-29 09:37:00,22542,22544,22542,22544,165
2026-01-29 09:38:00,22542,22543,22542,22543,122
2026-01-29 09:39:00,22540,22543,22538,22540,90
2026-01-29 09:40:00,22543,22543,22542,22543,1
2026-01-29 09:41:00,22543,22543,22542,22542,99
2026-01-29 09:42:00,22542,22543,22540,22542,164
2026-01-29 09:43:00,22541,22541,22541,22541,185
2026-01-29 09:44:00,22539,22540,22539,22539,179
2026-01-29 09:45:00,22537,22539,22536,22537,173
2026-01-29 09:46:00,22538,22540,22535,22538,173
2026-01-29 09:47:00,22533,22534,22533,22534,167
2026-01-29 09:48:00,22538,22538,22536,22536,228
2026-01-29 09:49:00,22530,22534,22528,22532,153
2026-01-29 09:50:00,22529,22530,22527,22529,1
2026-01-29 09:51:00,22527,22527,22526,22526,169
2026-01-29 09:52:00,22527,22529,22525,22526,1
2026-01-29 09:53:00,22522,22522,22522,22522,144
2026-01-29 09:54:00,22524,22525,22524,22525,261
2026-01-29 09:55:00,22525,22525,22525,22525,214
2026-01-29 09:56:00,22526,22526,22524,22526,127
2026-01-29 09:57:00,22530,22530,22529,22530,34
2026-01-29 09:58:00,22526,22527,22526,22527,75
2026-01-29 09:59:00,22525,22525,22523,22524,305
2026-01-29 10:00:00,22530,22531,22528,22529,39
2026-01-29 10:01:00,22531,22534,22531,22532,69
2026-01-29 10:02:00,22533,22534,22527,22532,181
2026-01-29 10:03:00,22533,22533,22533,22533,246
2026-01-29 10:04:00,22533,22534,22533,22533,162
2026-01-29 10:05:00,22533,22534,22532,22533,190
2026-01-29 10:06:00,22534,22536,22533,22534,99
2026-01-29 10:07:00,22533,22535,22532,22534,1
2026-01-29 10:08:00,22529,22539,22529,22531,188
2026-01-29 10:09:00,22529,22531,22529,22530,163
2026-01-29 10:10:00,22527,22528,22527,22527,69
2026-01-29 10:11:00,22527,22528,22526,22527,211
2026-01-29 10:12:00,22529,22529,22529,22529,255
2026-01-29 10:13:00,22528,22529,22525,22528,130
2026-01-29 10:14:00,22525,22525,22525,22525,1
2026-01-29 10:15:00,22519,22523,22519,22521,66
2026-01-29 10:16:00,22514,22518,22514,22516,160
2026-01-29 10:17:00,22510,22510,22506,22509,49
2026-01-29 10:18:00,22506,22507,22506,22506,173
2026-01-29 10:19:00,22496,22501,22494,22499,179
2026-01-29 10:20:00,22500,22501,22497,22498,163
2026-01-29 10:21:00,22495,22499,22488,22494,251
2026-01-29 10:22:00,22495,22497,22493,22495,239
2026-01-29 10:23:00,22491,22492,22490,22492,164
2026-01-29 10:24:00,22496,22498,22495,22497,227
2026-01-29 10:25:00,22494,22496,22491,22494,148
2026-01-29 10:26:00,22493,22495,22493,22494,234
2026-01-29 10:27:00,22491,22492,22491,22492,37
2026-01-29 10:28:00,22495,22495,22495,22495,50
2026-01-29 10:29:00,22493,22495,22493,22494,15
2026-01-29 10:30:00,22489,22495,22487,22491,174
2026-01-29 10:31:00,22490,22493,22485,22488,163
2026-01-29 10:32:00,22483,22487,22483,22485,126
2026-01-29 10:33:00,22494,22496,22490,22492,268
2026-01-29 10:34:00,22492,22493,22490,22492,189
2026-01-29 10:35:00,22493,22493,22492,22492,188
2026-01-29 10:36:00,22497,22500,22493,22497,130
2026-01-29 10:37:00,22498,22498,22498,22498,147
2026-01-29 10:38:00,22496,22497,22496,22496,74
2026-01-29 10:39:00,22494,22495,22494,22495,147
2026-01-29 10:40:00,22496,22496,22495,22495,130
2026-01-29 10:41:00,22491,22493,22490,22492,89
2026-01-29 10:42:00,22489,22490,22489,22490,233
2026-01-29 10:43:00,22480,22489,22472,22483,276
2026-01-29 10:44:00,22484,22487,22483,22485,202
2026-01-29 10:45:00,22485,22485,22483,22485,34
2026-01-29 10:46:00,22491,22494,22490,22491,230
2026-01-29 10:47:00,22488,22495,22487,22489,192
2026-01-29 10:48:00,22491,22491,22489,22490,219
2026-01-29 10:49:00,22490,22490,22487,22490,181
2026-01-29 10:50:00,22495,22495,22492,22493,142
2026-01-29 10:51:00,22491,22491,22491,22491,292
2026-01-29 10:52:00,22493,22494,22491,22493,87
2026-01-29 10:53:00,22486,22488,22483,22487,144
2026-01-29 10:54:00,22485,22485,22475,22483,44
2026-01-29 10:55:00,22477,22479,22477,22477,183
2026-01-29 10:56:00,22481,22481,22479,22481,20
2026-01-29 10:57:00,22482,22482,22480,22482,220
2026-01-29 10:58:00,22480,22482,22477,22479,141
2026-01-29 10:59:00,22479,22480,22479,22479,173
2026-01-29 11:00:00,22474,22475,22474,22475,31
2026-01-29 11:01:00,22478,22482,22476,22476,158
2026-01-29 11:02:00,22474,22475,22474,22474,282
2026-01-29 11:03:00,22478,22479,22478,22478,270
2026-01-29 11:04:00,22478,22478,22477,22478,262
2026-01-29 11:05:00,22476,22476,22474,22476,178
2026-01-29 11:06:00,22476,22476,22474,22475,131
2026-01-29 11:07:00,22476,22477,22474,22474,98
2026-01-29 11:08:00,22473,22473,22472,22473,219
2026-01-29 11:09:00,22471,22474,22471,22473,1
2026-01-29 11:10:00,22471,22473,22469,22471,263
2026-01-29 11:11:00,22476,22479,22474,22476,110
2026-01-29 11:12:00,22474,22475,22470,22474,255
2026-01-29 11:13:00,22473,22473,22469,22471,85
2026-01-29 11:14:00,22473,22475,22473,22473,102
2026-01-29 11:15:00,22472,22474,22470,22471,242
2026-01-29 11:16:00,22472,22472,22469,22471,231
2026-01-29 11:17:00,22468,22469,22468,22468,67
2026-01-29 11:18:00,22467,22467,22467,22467,264
2026-01-29 11:19:00,22467,22469,22465,22467,237
2026-01-29 11:20:00,22464,22466,22460,22463,106
2026-01-29 11:21:00,22469,22469,22463,22467,209
2026-01-29 11:22:00,22472,22472,22471,22472,72
2026-01-29 11:23:00,22472,22476,22471,22473,154
2026-01-29 11:24:00,22480,22483,22480,22481,177
2026-01-29 11:25:00,22478,22480,22477,22479,214
2026-01-29 11:26:00,22481,22481,22481,22481,159
2026-01-29 11:27:00,22475,22476,22475,22476,198
2026-01-29 11:28:00,22475,22475,22475,22475,55
2026-01-29 11:29:00,22472,22476,22470,22472,131
2026-01-29 11:30:00,22468,22469,22461,22469,247
2026-01-29 11:31:00,22467,22467,22465,22467,175
2026-01-29 11:32:00,22465,22466,22464,22465,45
2026-01-29 11:33:00,22465,22465,22464,22465,242
2026-01-29 11:34:00,22466,22467,22466,22466,179
2026-01-29 11:35:00,22464,22464,22463,22464,132
2026-01-29 11:36:00,22465,22466,22465,22465,1
2026-01-29 11:37:00,22467,22467,22464,22466,344
2026-01-29 11:38:00,22469,22470,22469,22469,301
2026-01-29 11:39:00,22474,22474,22474,22474,4
2026-01-29 11:40:00,22469,22470,22468,22469,145
2026-01-29 11:41:00,22468,22468,22465,22467,1
2026-01-29 11:42:00,22466,22466,22465,22466,202
2026-01-29 11:43:00,22460,22460,22459,22460,8
2026-01-29 11:44:00,22460,22460,22459,22459,77
2026-01-29 11:45:00,22459,22462,22459,22460,93
2026-01-29 11:46:00,22466,22466,22461,22464,112
2026-01-29 11:47:00,22460,22468,22454,22462,182
2026-01-29 11:48:00,22458,22459,22458,22459,288
2026-01-29 11:49:00,22460,22461,22460,22460,190
2026-01-29 11:50:00,22458,22464,22457,22460,170
2026-01-29 11:51:00,22459,22459,22458,22459,81
2026-01-29 11:52:00,22456,22456,22455,22456,72
2026-01-29 11:53:00,22455,22464,22449,22455,293
2026-01-29 11:54:00,22446,22447,22446,22446,259
2026-01-29 11:55:00,22445,22445,22445,22445,146
2026-01-29 11:56:00,22443,22443,22442,22443,166
2026-01-29 11:57:00,22440,22443,22440,22441,199
2026-01-29 11:58:00,22442,22445,22440,22442,215
2026-01-29 11:59:00,22444,22444,22444,22444,218
2026-01-29 12:00:00,22448,22448,22448,22448,116
2026-01-29 12:01:00,22447,22450,22445,22448,92
2026-01-29 12:02:00,22453,22455,22452,22453,274
2026-01-29 12:03:00,22447,22449,22445,22447,107
2026-01-29 12:04:00,22443,22445,22443,22444,101
2026-01-29 12:05:00,22443,22443,22443,22443,129
2026-01-29 12:06:00,22441,22442,22440,22441,346
2026-01-29 12:07:00,22440,22440,22438,22439,49
2026-01-29 12:08:00,22437,22437,22437,22437,185
2026-01-29 12:09:00,22434,22434,22432,22432,154
2026-01-29 12:10:00,22435,22437,22434,22434,192
2026-01-29 12:11:00,22433,22433,22431,22433,69
2026-01-29 12:12:00,22428,22429,22428,22428,247
2026-01-29 12:13:00,22427,22427,22427,22427,51
2026-01-29 12:14:00,22422,22424,22422,22423,102
2026-01-29 12:15:00,22424,22424,22424,22424,223
2026-01-29 12:16:00,22423,22423,22420,22422,206
2026-01-29 12:17:00,22419,22421,22418,22420,236
2026-01-29 12:18:00,22425,22425,22425,22425,190
2026-01-29 12:19:00,22418,22418,22417,22418,47
2026-01-29 12:20:00,22416,22420,22412,22417,82
2026-01-29 12:21:00,22415,22417,22415,22415,99
2026-01-29 12:22:00,22415,22416,22413,22415,151
2026-01-29 12:23:00,22403,22403,22403,22403,251
2026-01-29 12:24:00,22400,22403,22400,22401,288
2026-01-29 12:25:00,22403,22404,22403,22403,161
2026-01-29 12:26:00,22401,22404,22401,22403,86
2026-01-29 12:27:00,22401,22401,22399,22401,145
2026-01-29 12:28:00,22399,22399,22398,22399,95
2026-01-29 12:29:00,22399,22399,22399,22399,193
2026-01-29 12:30:00,22400,22400,22399,22400,122
2026-01-29 12:31:00,22397,22397,22392,22396,149
2026-01-29 12:32:00,22395,22396,22394,22395,242
2026-01-29 12:33:00,22396,22400,22395,22399,161
2026-01-29 12:34:00,22390,22392,22390,22390,73
2026-01-29 12:35:00,22388,22390,22388,22389,254
2026-01-29 12:36:00,22384,22384,22384,22384,202
2026-01-29 12:37:00,22386,22387,22386,22386,144
2026-01-29 12:38:00,22387,22394,22385,22386,255
2026-01-29 12:39:00,22394,22394,22387,22391,122
2026-01-29 12:40:00,22382,22387,22382,22385,176
2026-01-29 12:41:00,22389,22390,22389,22390,185
2026-01-29 12:42:00,22391,22391,22390,22390,104
2026-01-29 12:43:00,22392,22393,22392,22392,337
2026-01-29 12:44:00,22394,22397,22386,22394,225
2026-01-29 12:45:00,22393,22393,22392,22392,250
2026-01-29 12:46:00,22394,22396,22391,22394,161
2026-01-29 12:47:00,22394,22394,22393,22393,209
2026-01-29 12:48:00,22391,22392,22391,22392,114
2026-01-29 12:49:00,22390,22390,22390,22390,19
2026-01-29 12:50:00,22384,22386,22382,22385,35
2026-01-29 12:51:00,22390,22390,22390,22390,227
2026-01-29 12:52:00,22391,22391,22390,22390,269
2026-01-29 12:53:00,22394,22394,22394,22394,167
2026-01-29 12:54:00,22388,22388,22387,22388,176
2026-01-29 12:55:00,22383,22385,22383,22384,200
2026-01-29 12:56:00,22386,22388,22386,22387,107
2026-01-29 12:57:00,22388,22389,22383,22388,98
2026-01-29 12:58:00,22390,22390,22388,22389,154
2026-01-29 12:59:00,22392,22392,22387,22390,139
2026-01-29 13:00:00,22393,22393,22393,22393,103
2026-01-29 13:01:00,22393,22393,22390,22392,94
2026-01-29 13:02:00,22393,22393,22392,22393,72
2026-01-29 13:03:00,22386,22388,22386,22387,93
2026-01-29 13:04:00,22388,22389,22388,22388,66
2026-01-29 13:05:00,22386,22388,22385,22386,230
2026-01-29 13:06:00,22386,22386,22384,22385,154
2026-01-29 13:07:00,22379,22380,22378,22379,149
2026-01-29 13:08:00,22379,22381,22376,22380,265
2026-01-29 13:09:00,22382,22382,22382,22382,210
2026-01-29 13:10:00,22382,22382,22382,22382,77
2026-01-29 13:11:00,22379,22380,22379,22380,222
2026-01-29 13:12:00,22375,22387,22374,22378,183
2026-01-29 13:13:00,22383,22385,22381,22383,128
2026-01-29 13:14:00,22386,22386,22386,22386,237
2026-01-29 13:15:00,22387,22387,22387,22387,203
2026-01-29 13:16:00,22391,22393,22389,22392,374
2026-01-29 13:17:00,22386,22386,22386,22386,193
2026-01-29 13:18:00,22390,22390,22386,22390,2
2026-01-29 13:19:00,22389,22389,22389,22389,214
2026-01-29 13:20:00,22393,22394,22392,22393,320
2026-01-29 13:21:00,22392,22392,22389,22390,150
2026-01-29 13:22:00,22384,22389,22384,22385,173
2026-01-29 13:23:00,22384,22389,22384,22387,4
2026-01-29 13:24:00,22378,22381,22378,22380,330
2026-01-29 13:25:00,22380,22380,22377,22379,1
2026-01-29 13:26:00,22382,22385,22380,22383,110
2026-01-29 13:27:00,22386,22386,22385,22385,267
2026-01-29 13:28:00,22390,22390,22381,22387,347
2026-01-29 13:29:00,22384,22385,22377,22382,342
2026-01-29 13:30:00,22382,22388,22378,22384,147
2026-01-29 13:31:00,22379,22381,22379,22380,471
2026-01-29 13:32:00,22377,22381,22376,22377,130
2026-01-29 13:33:00,22385,22386,22385,22385,243
2026-01-29 13:34:00,22388,22390,22385,22386,443
2026-01-29 13:35:00,22381,22381,22379,22380,442
2026-01-29 13:36:00,22376,22381,22376,22377,79
2026-01-29 13:37:00,22370,22370,22366,22367,188
2026-01-29 13:38:00,22370,22371,22370,22370,249
2026-01-29 13:39:00,22373,22373,22370,22372,404
2026-01-29 13:40:00,22372,22372,22371,22372,390
2026-01-29 13:41:00,22380,22381,22376,22377,103
2026-01-29 13:42:00,22377,22383,22373,22375,1
2026-01-29 13:43:00,22378,22378,22378,22378,232
2026-01-29 13:44:00,22376,22377,22376,22376,279
2026-01-30 08:45:00,22326,22329,22316,22322,267
2026-01-30 08:46:00,22321,22321,22318,22321,188
2026-01-30 08:47:00,22323,22323,22323,22323,342
2026-01-30 08:48:00,22323,22324,22322,22323,390
2026-01-30 08:49:00,22326,22326,22325,22325,288
2026-01-30 08:50:00,22326,22326,22325,22325,363
2026-01-30 08:51:00,22311,22311,22310,22311,349
2026-01-30 08:52:00,22302,22302,22300,22301,207
2026-01-30 08:53:00,22307,22307,22305,22306,324
2026-01-30 08:54:00,22284,22286,22283,22285,45
2026-01-30 08:55:00,22269,22283,22269,22275,207
2026-01-30 08:56:00,22264,22286,22264,22275,391
2026-01-30 08:57:00,22270,22271,22270,22271,364
2026-01-30 08:58:00,22267,22272,22263,22267,56
2026-01-30 08:59:00,22276,22278,22276,22276,136
2026-01-30 09:00:00,22275,22276,22274,22275,161
2026-01-30 09:01:00,22278,22278,22273,22278,282
2026-01-30 09:02:00,22271,22273,22270,22272,295
2026-01-30 09:03:00,22276,22278,22276,22276,123
2026-01-30 09:04:00,22280,22282,22279,22280,292
2026-01-30 09:05:00,22272,22275,22268,22274,156
2026-01-30 09:06:00,22272,22272,22272,22272,211
2026-01-30 09:07:00,22269,22273,22267,22271,380
2026-01-30 09:08:00,22264,22264,22262,22263,373
2026-01-30 09:09:00,22263,22265,22263,22264,331
2026-01-30 09:10:00,22267,22271,22267,22270,273
2026-01-30 09:11:00,22274,22274,22273,22274,229
2026-01-30 09:12:00,22272,22273,22270,22272,272
2026-01-30 09:13:00,22279,22281,22279,22280,84
2026-01-30 09:14:00,22274,22275,22272,22273,234
2026-01-30 09:15:00,22272,22275,22271,22273,145
2026-01-30 09:16:00,22269,22269,22269,22269,1
2026-01-30 09:17:00,22273,22273,22273,22273,1
2026-01-30 09:18:00,22279,22280,22274,22278,118
2026-01-30 09:19:00,22278,22278,22278,22278,147
2026-01-30 09:20:00,22278,22278,22277,22278,1
2026-01-30 09:21:00,22281,22282,22280,22282,157
2026-01-30 09:22:00,22280,22282,22277,22279,180
2026-01-30 09:23:00,22284,22284,22284,22284,143
2026-01-30 09:24:00,22288,22288,22285,22287,97
2026-01-30 09:25:00,22286,22294,22285,22287,179
2026-01-30 09:26:00,22285,22285,22283,22284,305
2026-01-30 09:27:00,22288,22293,22286,22291,194
2026-01-30 09:28:00,22285,22289,22285,22286,48
2026-01-30 09:29:00,22290,22290,22288,22289,216
2026-01-30 09:30:00,22287,22287,22286,22286,74
2026-01-30 09:31:00,22284,22285,22284,22284,36
2026-01-30 09:32:00,22291,22292,22290,22291,173
2026-01-30 09:33:00,22289,22292,22288,22288,94
2026-01-30 09:34:00,22288,22290,22285,22288,303
2026-01-30 09:35:00,22288,22288,22288,22288,22
2026-01-30 09:36:00,22282,22283,22282,22282,319
2026-01-30 09:37:00,22286,22286,22283,22284,50
2026-01-30 09:38:00,22283,22285,22283,22284,133
2026-01-30 09:39:00,22288,22289,22287,22288,145
2026-01-30 09:40:00,22286,22288,22282,22286,257
2026-01-30 09:41:00,22289,22291,22288,22288,57
2026-01-30 09:42:00,22289,22293,22289,22290,145
2026-01-30 09:43:00,22294,22300,22292,22294,246
2026-01-30 09:44:00,22297,22297,22295,22297,209
2026-01-30 09:45:00,22298,22298,22298,22298,71
2026-01-30 09:46:00,22298,22301,22297,22298,63
2026-01-30 09:47:00,22301,22301,22299,22300,114
2026-01-30 09:48:00,22299,22300,22295,22297,114
2026-01-30 09:49:00,22301,22302,22301,22302,64
2026-01-30 09:50:00,22303,22303,22302,22303,316
2026-01-30 09:51:00,22308,22308,22308,22308,265
2026-01-30 09:52:00,22303,22303,22303,22303,63
2026-01-30 09:53:00,22302,22303,22302,22303,252
2026-01-30 09:54:00,22304,22304,22295,22301,99
2026-01-30 09:55:00,22299,22300,22299,22300,159
2026-01-30 09:56:00,22298,22302,22298,22300,299
2026-01-30 09:57:00,22295,22295,22294,22294,280
2026-01-30 09:58:00,22301,22301,22301,22301,257
2026-01-30 09:59:00,22309,22311,22308,22309,157
2026-01-30 10:00:00,22307,22311,22307,22308,166
2026-01-30 10:01:00,22313,22313,22313,22313,168
2026-01-30 10:02:00,22320,22320,22314,22319,56
2026-01-30 10:03:00,22323,22325,22322,22323,60
2026-01-30 10:04:00,22322,22322,22322,22322,192
2026-01-30 10:05:00,22321,22323,22321,22322,117
2026-01-30 10:06:00,22315,22319,22315,22317,115
2026-01-30 10:07:00,22315,22317,22315,22316,42
2026-01-30 10:08:00,22316,22316,22316,22316,266
2026-01-30 10:09:00,22311,22312,22309,22310,286
2026-01-30 10:10:00,22316,22316,22312,22315,58
2026-01-30 10:11:00,22310,22310,22308,22309,135
2026-01-30 10:12:00,22317,22317,22317,22317,173
2026-01-30 10:13:00,22314,22314,22313,22314,171
2026-01-30 10:14:00,22311,22314,22311,22313,66
2026-01-30 10:15:00,22317,22318,22315,22317,257
2026-01-30 10:16:00,22312,22312,22309,22310,298
2026-01-30 10:17:00,22310,22312,22306,22308,30
2026-01-30 10:18:00,22308,22308,22305,22307,83
2026-01-30 10:19:00,22306,22307,22304,22306,109
2026-01-30 10:20:00,22308,22308,22307,22307,39
2026-01-30 10:21:00,22313,22313,22313,22313,72
2026-01-30 10:22:00,22307,22307,22305,22306,267
2026-01-30 10:23:00,22303,22304,22303,22304,262
2026-01-30 10:24:00,22304,22304,22304,22304,100
2026-01-30 10:25:00,22307,22307,22304,22306,213
2026-01-30 10:26:00,22298,22304,22297,22300,215
2026-01-30 10:27:00,22303,22304,22302,22303,138
2026-01-30 10:28:00,22295,22298,22291,22294,124
2026-01-30 10:29:00,22295,22295,22295,22295,59
2026-01-30 10:30:00,22295,22296,22295,22296,127
2026-01-30 10:31:00,22297,22297,22297,22297,168
2026-01-30 10:32:00,22294,22298,22294,22297,146
2026-01-30 10:33:00,22294,22294,22293,22294,230
2026-01-30 10:34:00,22289,22290,22289,22289,172
2026-01-30 10:35:00,22288,22290,22284,22289,1
2026-01-30 10:36:00,22291,22292,22288,22290,12
2026-01-30 10:37:00,22297,22297,22296,22297,174
2026-01-30 10:38:00,22295,22295,22293,22294,232
2026-01-30 10:39:00,22289,22293,22283,22291,187
2026-01-30 10:40:00,22293,22294,22293,22293,134
2026-01-30 10:41:00,22293,22295,22292,22293,244
2026-01-30 10:42:00,22304,22305,22304,22305,147
2026-01-30 10:43:00,22308,22308,22307,22308,42
2026-01-30 10:44:00,22309,22310,22309,22310,225
2026-01-30 10:45:00,22307,22308,22307,22307,98
2026-01-30 10:46:00,22305,22305,22304,22305,54
2026-01-30 10:47:00,22301,22302,22301,22302,155
2026-01-30 10:48:00,22302,22306,22297,22301,169
2026-01-30 10:49:00,22306,22307,22306,22306,148
2026-01-30 10:50:00,22306,22307,22304,22305,191
2026-01-30 10:51:00,22305,22305,22305,22305,296
2026-01-30 10:52:00,22310,22311,22310,22310,150
2026-01-30 10:53:00,22311,22314,22310,22313,84
2026-01-30 10:54:00,22315,22315,22314,22314,134
2026-01-30 10:55:00,22317,22317,22316,22316,5
2026-01-30 10:56:00,22313,22314,22310,22313,136
2026-01-30 10:57:00,22310,22320,22310,22312,2
2026-01-30 10:58:00,22307,22308,22307,22307,109
2026-01-30 10:59:00,22310,22310,22310,22310,154
2026-01-30 11:00:00,22315,22316,22314,22315,159
2026-01-30 11:01:00,22314,22314,22314,22314,91
2026-01-30 11:02:00,22309,22309,22309,22309,120
2026-01-30 11:03:00,22314,22319,22314,22316,38
2026-01-30 11:04:00,22319,22320,22319,22320,223
2026-01-30 11:05:00,22323,22323,22321,22322,126
2026-01-30 11:06:00,22318,22318,22316,22317,73
2026-01-30 11:07:00,22322,22322,22320,22321,183
2026-01-30 11:08:00,22321,22322,22318,22321,1
2026-01-30 11:09:00,22320,22320,22316,22319,132
2026-01-30 11:10:00,22319,22319,22319,22319,111
2026-01-30 11:11:00,22318,22320,22316,22318,174
2026-01-30 11:12:00,22317,22317,22316,22316,211
2026-01-30 11:13:00,22317,22317,22315,22317,106
2026-01-30 11:14:00,22317,22318,22317,22317,129
2026-01-30 11:15:00,22325,22326,22324,22325,156
2026-01-30 11:16:00,22325,22328,22323,22325,195
2026-01-30 11:17:00,22327,22327,22326,22326,288
2026-01-30 11:18:00,22323,22332,22323,22325,186
2026-01-30 11:19:00,22330,22330,22330,22330,25
2026-01-30 11:20:00,22334,22335,22333,22334,171
2026-01-30 11:21:00,22336,22337,22335,22336,1
2026-01-30 11:22:00,22338,22339,22338,22338,171
2026-01-30 11:23:00,22343,22343,22343,22343,189
2026-01-30 11:24:00,22343,22348,22343,22346,233
2026-01-30 11:25:00,22350,22351,22350,22351,290
2026-01-30 11:26:00,22351,22355,22350,22352,54
2026-01-30 11:27:00,22346,22347,22346,22347,223
2026-01-30 11:28:00,22350,22351,22349,22351,66
2026-01-30 11:29:00,22351,22351,22350,22350,227
2026-01-30 11:30:00,22348,22351,22348,22349,116
2026-01-30 11:31:00,22345,22346,22345,22346,65
2026-01-30 11:32:00,22347,22348,22346,22347,161
2026-01-30 11:33:00,22344,22344,22344,22344,183
2026-01-30 11:34:00,22341,22343,22339,22341,266
2026-01-30 11:35:00,22343,22343,22341,22343,204
2026-01-30 11:36:00,22344,22348,22344,22347,243
2026-01-30 11:37:00,22345,22345,22343,22344,230
2026-01-30 11:38:00,22345,22345,22345,22345,102
2026-01-30 11:39:00,22345,22345,22344,22345,116
2026-01-30 11:40:00,22347,22347,22347,22347,108
2026-01-30 11:41:00,22350,22350,22349,22349,264
2026-01-30 11:42:00,22351,22351,22350,22351,72
2026-01-30 11:43:00,22347,22350,22344,22346,172
2026-01-30 11:44:00,22348,22349,22348,22348,68
2026-01-30 11:45:00,22349,22350,22346,22348,113
2026-01-30 11:46:00,22348,22351,22345,22348,303
2026-01-30 11:47:00,22349,22351,22346,22348,238
2026-01-30 11:48:00,22348,22350,22348,22349,149
2026-01-30 11:49:00,22346,22346,22344,22346,101
2026-01-30 11:50:00,22346,22351,22341,22346,135
2026-01-30 11:51:00,22342,22342,22342,22342,282
2026-01-30 11:52:00,22344,22345,22341,22342,134
2026-01-30 11:53:00,22341,22341,22339,22340,156
2026-01-30 11:54:00,22339,22339,22337,22338,273
2026-01-30 11:55:00,22339,22340,22339,22340,173
2026-01-30 11:56:00,22341,22343,22339,22341,195
2026-01-30 11:57:00,22336,22344,22332,22338,130
2026-01-30 11:58:00,22347,22347,22346,22347,130
2026-01-30 11:59:00,22346,22347,22346,22347,78
2026-01-30 12:00:00,22348,22348,22346,22347,304
2026-01-30 12:01:00,22355,22356,22355,22355,170
2026-01-30 12:02:00,22353,22353,22353,22353,16
2026-01-30 12:03:00,22353,22354,22352,22353,135
2026-01-30 12:04:00,22349,22351,22347,22349,1
2026-01-30 12:05:00,22346,22347,22346,22347,61
2026-01-30 12:06:00,22346,22348,22344,22347,3
2026-01-30 12:07:00,22346,22347,22345,22346,87
2026-01-30 12:08:00,22350,22353,22350,22350,171
2026-01-30 12:09:00,22349,22350,22349,22350,111
2026-01-30 12:10:00,22343,22347,22341,22343,182
2026-01-30 12:11:00,22341,22342,22338,22340,111
2026-01-30 12:12:00,22334,22336,22330,22334,237
2026-01-30 12:13:00,22336,22336,22336,22336,144
2026-01-30 12:14:00,22332,22332,22320,22330,116
2026-01-30 12:15:00,22328,22329,22327,22328,88
2026-01-30 12:16:00,22326,22327,22326,22326,127
2026-01-30 12:17:00,22328,22329,22326,22327,161
2026-01-30 12:18:00,22326,22328,22326,22326,128
2026-01-30 12:19:00,22329,22329,22328,22329,123
2026-01-30 12:20:00,22331,22332,22330,22330,98
2026-01-30 12:21:00,22335,22336,22332,22336,52
2026-01-30 12:22:00,22339,22340,22339,22340,31
2026-01-30 12:23:00,22344,22344,22343,22344,98
2026-01-30 12:24:00,22340,22341,22340,22340,196
2026-01-30 12:25:00,22339,22339,22338,22339,189
2026-01-30 12:26:00,22340,22340,22329,22337,220
2026-01-30 12:27:00,22334,22334,22333,22333,157
2026-01-30 12:28:00,22334,22335,22334,22335,256
2026-01-30 12:29:00,22337,22337,22336,22336,125
2026-01-30 12:30:00,22341,22342,22338,22342,125
2026-01-30 12:31:00,22350,22350,22349,22350,98
2026-01-30 12:32:00,22352,22355,22349,22353,119
2026-01-30 12:33:00,22351,22353,22349,22352,1
2026-01-30 12:34:00,22348,22349,22346,22348,198
2026-01-30 12:35:00,22344,22348,22342,22344,240
2026-01-30 12:36:00,22344,22344,22344,22344,1
2026-01-30 12:37:00,22345,22347,22345,22347,192
2026-01-30 12:38:00,22351,22351,22351,22351,146
2026-01-30 12:39:00,22352,22353,22351,22352,148
2026-01-30 12:40:00,22355,22356,22353,22355,180
2026-01-30 12:41:00,22352,22352,22349,22349,122
2026-01-30 12:42:00,22347,22349,22347,22348,17
2026-01-30 12:43:00,22343,22343,22340,22343,60
2026-01-30 12:44:00,22341,22341,22339,22340,139
2026-01-30 12:45:00,22339,22342,22339,22339,144
2026-01-30 12:46:00,22341,22341,22339,22339,140
2026-01-30 12:47:00,22335,22335,22333,22334,111
2026-01-30 12:48:00,22337,22339,22337,22338,1
2026-01-30 12:49:00,22341,22341,22338,22339,64
2026-01-30 12:50:00,22333,22334,22333,22333,137
2026-01-30 12:51:00,22330,22333,22330,22331,156
2026-01-30 12:52:00,22336,22337,22331,22337,161
2026-01-30 12:53:00,22336,22336,22335,22335,199
2026-01-30 12:54:00,22334,22335,22333,22334,171
2026-01-30 12:55:00,22330,22336,22330,22333,90
2026-01-30 12:56:00,22338,22339,22337,22338,119
2026-01-30 12:57:00,22333,22333,22329,22331,169
2026-01-30 12:58:00,22335,22337,22335,22336,240
2026-01-30 12:59:00,22334,22334,22334,22334,196
2026-01-30 13:00:00,22332,22333,22332,22332,120
2026-01-30 13:01:00,22332,22333,22330,22332,91
2026-01-30 13:02:00,22324,22327,22323,22325,84
2026-01-30 13:03:00,22320,22321,22320,22321,155
2026-01-30 13:04:00,22324,22325,22324,22325,52
2026-01-30 13:05:00,22333,22334,22331,22334,130
2026-01-30 13:06:00,22331,22331,22329,22330,105
2026-01-30 13:07:00,22336,22336,22334,22335,224
2026-01-30 13:08:00,22334,22335,22333,22334,38
2026-01-30 13:09:00,22335,22335,22334,22335,214
2026-01-30 13:10:00,22334,22340,22330,22335,115
2026-01-30 13:11:00,22338,22339,22338,22339,198
2026-01-30 13:12:00,22336,22337,22335,22336,210
2026-01-30 13:13:00,22330,22331,22329,22330,77
2026-01-30 13:14:00,22328,22332,22326,22327,166
2026-01-30 13:15:00,22323,22324,22323,22323,1
2026-01-30 13:16:00,22320,22320,22319,22319,222
2026-01-30 13:17:00,22318,22318,22317,22318,268
2026-01-30 13:18:00,22314,22314,22312,22313,190
2026-01-30 13:19:00,22312,22312,22309,22311,62
2026-01-30 13:20:00,22315,22317,22315,22316,218
2026-01-30 13:21:00,22319,22319,22318,22319,204
2026-01-30 13:22:00,22325,22325,22323,22325,181
2026-01-30 13:23:00,22328,22332,22327,22329,78
2026-01-30 13:24:00,22328,22331,22327,22329,167
2026-01-30 13:25:00,22334,22335,22331,22335,45
2026-01-30 13:26:00,22331,22332,22331,22331,364
2026-01-30 13:27:00,22316,22319,22316,22317,218
2026-01-30 13:28:00,22305,22305,22304,22304,281
2026-01-30 13:29:00,22312,22314,22308,22311,378
2026-01-30 13:30:00,22317,22317,22316,22316,460
2026-01-30 13:31:00,22318,22322,22317,22318,212
2026-01-30 13:32:00,22317,22318,22317,22318,581
2026-01-30 13:33:00,22325,22330,22320,22323,452
2026-01-30 13:34:00,22319,22323,22319,22321,338
2026-01-30 13:35:00,22324,22328,22324,22326,169
2026-01-30 13:36:00,22338,22342,22332,22335,1
2026-01-30 13:37:00,22322,22323,22318,22323,376
2026-01-30 13:38:00,22319,22322,22319,22320,233
2026-01-30 13:39:00,22325,22326,22321,22324,449
2026-01-30 13:40:00,22333,22334,22327,22332,404
2026-01-30 13:41:00,22331,22332,22331,22332,188
2026-01-30 13:42:00,22328,22337,22321,22328,237
2026-01-30 13:43:00,22338,22342,22319,22333,157
2026-01-30 13:44:00,22331,22334,22330,22331,211
2026-02-02 08:45:00,22308,22308,22306,22306,181
2026-02-02 08:46:00,22315,22318,22315,22318,351
2026-02-02 08:47:00,22317,22319,22316,22316,370
2026-02-02 08:48:00,22326,22327,22326,22326,577
2026-02-02 08:49:00,22341,22342,22340,22341,1
2026-02-02 08:50:00,22353,22356,22352,22352,266
2026-02-02 08:51:00,22357,22363,22357,22359,1
2026-02-02 08:52:00,22367,22367,22358,22363,84
2026-02-02 08:53:00,22357,22363,22354,22357,236
2026-02-02 08:54:00,22360,22360,22358,22358,302
2026-02-02 08:55:00,22347,22347,22347,22347,281
2026-02-02 08:56:00,22344,22346,22338,22345,363
2026-02-02 08:57:00,22335,22335,22334,22335,403
2026-02-02 08:58:00,22345,22348,22341,22344,214
2026-02-02 08:59:00,22330,22331,22330,22330,528
2026-02-02 09:00:00,22337,22339,22336,22336,338
2026-02-02 09:01:00,22341,22346,22340,22341,112
2026-02-02 09:02:00,22349,22349,22341,22346,129
2026-02-02 09:03:00,22343,22343,22342,22343,239
2026-02-02 09:04:00,22337,22338,22337,22337,191
2026-02-02 09:05:00,22343,22344,22342,22343,25
2026-02-02 09:06:00,22345,22345,22344,22345,317
2026-02-02 09:07:00,22346,22347,22346,22347,16
2026-02-02 09:08:00,22344,22344,22344,22344,377
2026-02-02 09:09:00,22346,22350,22346,22348,323
2026-02-02 09:10:00,22345,22348,22344,22345,108
2026-02-02 09:11:00,22350,22351,22350,22350,296
2026-02-02 09:12:00,22362,22362,22359,22359,204
2026-02-02 09:13:00,22360,22360,22360,22360,126
2026-02-02 09:14:00,22354,22354,22353,22354,338
2026-02-02 09:15:00,22354,22354,22348,22351,126
2026-02-02 09:16:00,22354,22354,22354,22354,44
2026-02-02 09:17:00,22354,22355,22354,22354,220
2026-02-02 09:18:00,22351,22352,22349,22350,186
2026-02-02 09:19:00,22348,22350,22347,22349,59
2026-02-02 09:20:00,22351,22355,22351,22352,155
2026-02-02 09:21:00,22353,22355,22353,22354,120
2026-02-02 09:22:00,22356,22359,22355,22356,165
2026-02-02 09:23:00,22354,22355,22353,22354,143
2026-02-02 09:24:00,22354,22360,22354,22355,190
2026-02-02 09:25:00,22358,22358,22358,22358,25
2026-02-02 09:26:00,22358,22360,22358,22359,47
2026-02-02 09:27:00,22352,22352,22351,22352,35
2026-02-02 09:28:00,22351,22351,22351,22351,73
2026-02-02 09:29:00,22346,22347,22343,22346,136
2026-02-02 09:30:00,22344,22344,22344,22344,216
2026-02-02 09:31:00,22338,22340,22338,22339,126
2026-02-02 09:32:00,22334,22336,22330,22335,146
2026-02-02 09:33:00,22335,22335,22335,22335,214
2026-02-02 09:34:00,22336,22336,22336,22336,163
2026-02-02 09:35:00,22334,22338,22329,22334,1
2026-02-02 09:36:00,22334,22336,22330,22335,117
2026-02-02 09:37:00,22342,22342,22342,22342,196
2026-02-02 09:38:00,22344,22346,22344,22344,169
2026-02-02 09:39:00,22345,22346,22345,22345,74
2026-02-02 09:40:00,22342,22343,22342,22342,239
2026-02-02 09:41:00,22342,22344,22336,22340,8
2026-02-02 09:42:00,22342,22344,22341,22342,136
2026-02-02 09:43:00,22342,22343,22339,22341,302
2026-02-02 09:44:00,22343,22344,22343,22343,158
2026-02-02 09:45:00,22343,22345,22342,22343,20
2026-02-02 09:46:00,22349,22349,22347,22348,153
2026-02-02 09:47:00,22352,22353,22352,22352,193
2026-02-02 09:48:00,22355,22356,22355,22355,230
2026-02-02 09:49:00,22355,22357,22355,22357,294
2026-02-02 09:50:00,22353,22355,22352,22354,1
2026-02-02 09:51:00,22356,22357,22353,22354,39
2026-02-02 09:52:00,22355,22357,22352,22357,263
2026-02-02 09:53:00,22354,22354,22354,22354,1
2026-02-02 09:54:00,22354,22358,22349,22351,163
2026-02-02 09:55:00,22349,22349,22348,22349,1
2026-02-02 09:56:00,22348,22349,22348,22348,233
2026-02-02 09:57:00,22350,22351,22350,22350,237
2026-02-02 09:58:00,22350,22351,22346,22349,77
2026-02-02 09:59:00,22352,22353,22350,22352,114
2026-02-02 10:00:00,22350,22350,22350,22350,75
2026-02-02 10:01:00,22352,22352,22351,22352,219
2026-02-02 10:02:00,22348,22348,22348,22348,39
2026-02-02 10:03:00,22339,22339,22338,22339,227
2026-02-02 10:04:00,22337,22338,22337,22338,208
2026-02-02 10:05:00,22339,22340,22338,22339,187
2026-02-02 10:06:00,22342,22344,22342,22342,86
2026-02-02 10:07:00,22343,22347,22341,22343,15
2026-02-02 10:08:00,22344,22346,22343,22344,47
2026-02-02 10:09:00,22345,22346,22343,22346,107
2026-02-02 10:10:00,22351,22351,22351,22351,123
2026-02-02 10:11:00,22348,22352,22348,22352,217
2026-02-02 10:12:00,22354,22355,22354,22354,65
2026-02-02 10:13:00,22357,22357,22356,22357,88
2026-02-02 10:14:00,22357,22359,22355,22356,206
2026-02-02 10:15:00,22349,22350,22349,22350,172
2026-02-02 10:16:00,22353,22353,22351,22351,291
2026-02-02 10:17:00,22354,22355,22354,22354,150
2026-02-02 10:18:00,22355,22355,22353,22354,238
2026-02-02 10:19:00,22356,22356,22355,22355,1
2026-02-02 10:20:00,22356,22356,22356,22356,153
2026-02-02 10:21:00,22358,22359,22357,22358,177
2026-02-02 10:22:00,22363,22364,22362,22363,223
2026-02-02 10:23:00,22360,22360,22359,22360,122
2026-02-02 10:24:00,22364,22364,22364,22364,286
2026-02-02 10:25:00,22355,22356,22352,22355,147
2026-02-02 10:26:00,22355,22356,22352,22354,188
2026-02-02 10:27:00,22355,22355,22355,22355,171
2026-02-02 10:28:00,22363,22367,22361,22363,238
2026-02-02 10:29:00,22363,22369,22358,22364,182
2026-02-02 10:30:00,22361,22361,22360,22361,280
2026-02-02 10:31:00,22366,22367,22364,22366,105
2026-02-02 10:32:00,22366,22367,22366,22367,174
2026-02-02 10:33:00,22372,22373,22370,22372,71
2026-02-02 10:34:00,22374,22374,22370,22372,92
2026-02-02 10:35:00,22371,22373,22370,22370,300
2026-02-02 10:36:00,22370,22371,22370,22370,225
2026-02-02 10:37:00,22376,22376,22376,22376,44
2026-02-02 10:38:00,22369,22369,22369,22369,251
2026-02-02 10:39:00,22368,22368,22365,22367,52
2026-02-02 10:40:00,22366,22366,22366,22366,103
2026-02-02 10:41:00,22364,22366,22364,22365,133
2026-02-02 10:42:00,22364,22369,22360,22362,175
2026-02-02 10:43:00,22363,22363,22363,22363,137
2026-02-02 10:44:00,22365,22365,22362,22364,101
2026-02-02 10:45:00,22362,22363,22360,22362,145
2026-02-02 10:46:00,22360,22361,22360,22360,185
2026-02-02 10:47:00,22356,22356,22356,22356,103
2026-02-02 10:48:00,22360,22360,22359,22359,272
2026-02-02 10:49:00,22362,22363,22362,22362,233
2026-02-02 10:50:00,22362,22363,22361,22362,175
2026-02-02 10:51:00,22361,22362,22361,22361,189
2026-02-02 10:52:00,22358,22358,22358,22358,125
2026-02-02 10:53:00,22360,22366,22360,22361,182
2026-02-02 10:54:00,22358,22359,22355,22357,84
2026-02-02 10:55:00,22357,22359,22357,22357,115
2026-02-02 10:56:00,22359,22360,22358,22359,170
2026-02-02 10:57:00,22361,22364,22360,22362,1
2026-02-02 10:58:00,22366,22368,22364,22366,135
2026-02-02 10:59:00,22365,22365,22362,22365,92
2026-02-02 11:00:00,22366,22366,22362,22364,70
2026-02-02 11:01:00,22365,22365,22362,22363,118
2026-02-02 11:02:00,22371,22372,22371,22372,88
2026-02-02 11:03:00,22366,22368,22363,22367,225
2026-02-02 11:04:00,22361,22362,22359,22360,274
2026-02-02 11:05:00,22358,22358,22358,22358,37
2026-02-02 11:06:00,22353,22360,22352,22355,178
2026-02-02 11:07:00,22352,22354,22350,22353,161
2026-02-02 11:08:00,22355,22355,22352,22353,280
2026-02-02 11:09:00,22351,22352,22350,22350,218
2026-02-02 11:10:00,22348,22349,22344,22347,114
2026-02-02 11:11:00,22345,22345,22344,22345,202
2026-02-02 11:12:00,22346,22347,22345,22347,240
2026-02-02 11:13:00,22344,22344,22344,22344,252
2026-02-02 11:14:00,22338,22342,22337,22339,81
2026-02-02 11:15:00,22337,22342,22335,22338,175
2026-02-02 11:16:00,22346,22347,22342,22344,150
2026-02-02 11:17:00,22336,22339,22336,22338,190
2026-02-02 11:18:00,22344,22344,22341,22343,140
2026-02-02 11:19:00,22340,22343,22339,22343,109
2026-02-02 11:20:00,22347,22348,22347,22347,241
2026-02-02 11:21:00,22348,22352,22347,22349,218
2026-02-02 11:22:00,22349,22351,22349,22350,216
2026-02-02 11:23:00,22351,22353,22350,22351,4
2026-02-02 11:24:00,22356,22358,22352,22356,100
2026-02-02 11:25:00,22355,22355,22355,22355,1
2026-02-02 11:26:00,22353,22353,22349,22352,234
2026-02-02 11:27:00,22351,22351,22351,22351,156
2026-02-02 11:28:00,22355,22356,22355,22355,130
2026-02-02 11:29:00,22359,22359,22358,22359,155
2026-02-02 11:30:00,22362,22365,22359,22363,157
2026-02-02 11:31:00,22362,22362,22358,22359,105
2026-02-02 11:32:00,22361,22363,22360,22361,388
2026-02-02 11:33:00,22368,22372,22367,22369,5
2026-02-02 11:34:00,22370,22370,22367,22368,171
2026-02-02 11:35:00,22369,22369,22365,22368,194
2026-02-02 11:36:00,22367,22369,22366,22368,240
2026-02-02 11:37:00,22371,22372,22369,22371,30
2026-02-02 11:38:00,22367,22369,22367,22367,87
2026-02-02 11:39:00,22367,22368,22367,22367,147
2026-02-02 11:40:00,22367,22368,22367,22367,83
2026-02-02 11:41:00,22365,22365,22364,22365,109
2026-02-02 11:42:00,22358,22359,22358,22358,62
2026-02-02 11:43:00,22358,22358,22358,22358,374
2026-02-02 11:44:00,22355,22357,22355,22356,171
2026-02-02 11:45:00,22351,22351,22350,22350,120
2026-02-02 11:46:00,22351,22351,22346,22350,205
2026-02-02 11:47:00,22349,22350,22349,22349,167
2026-02-02 11:48:00,22348,22349,22348,22348,199
2026-02-02 11:49:00,22347,22351,22346,22347,179
2026-02-02 11:50:00,22349,22349,22349,22349,122
2026-02-02 11:51:00,22345,22351,22343,22347,94
2026-02-02 11:52:00,22350,22350,22349,22350,105
2026-02-02 11:53:00,22345,22346,22345,22345,53
2026-02-02 11:54:00,22350,22351,22348,22349,122
2026-02-02 11:55:00,22348,22349,22348,22348,46
2026-02-02 11:56:00,22349,22350,22349,22349,219
2026-02-02 11:57:00,22346,22346,22346,22346,136
2026-02-02 11:58:00,22348,22348,22347,22348,168
2026-02-02 11:59:00,22352,22355,22350,22351,87
2026-02-02 12:00:00,22354,22354,22354,22354,50
2026-02-02 12:01:00,22357,22362,22357,22357,34
2026-02-02 12:02:00,22354,22355,22354,22354,102
2026-02-02 12:03:00,22353,22354,22350,22353,134
2026-02-02 12:04:00,22353,22353,22351,22352,167
2026-02-02 12:05:00,22353,22353,22348,22352,235
2026-02-02 12:06:00,22353,22353,22352,22353,242
2026-02-02 12:07:00,22354,22356,22353,22354,297
2026-02-02 12:08:00,22354,22359,22354,22355,227
2026-02-02 12:09:00,22342,22343,22342,22343,141
2026-02-02 12:10:00,22343,22343,22343,22343,211
2026-02-02 12:11:00,22337,22339,22337,22338,221
2026-02-02 12:12:00,22343,22343,22341,22342,151
2026-02-02 12:13:00,22339,22341,22339,22340,99
2026-02-02 12:14:00,22346,22346,22345,22346,163
2026-02-02 12:15:00,22349,22349,22346,22348,118
2026-02-02 12:16:00,22348,22350,22348,22348,192
2026-02-02 12:17:00,22350,22350,22345,22348,166
2026-02-02 12:18:00,22350,22350,22345,22349,1
2026-02-02 12:19:00,22346,22350,22344,22347,153
2026-02-02 12:20:00,22344,22345,22342,22344,2
2026-02-02 12:21:00,22348,22348,22345,22347,324
2026-02-02 12:22:00,22347,22347,22347,22347,149
2026-02-02 12:23:00,22343,22350,22342,22343,215
2026-02-02 12:24:00,22344,22344,22344,22344,42
2026-02-02 12:25:00,22347,22348,22347,22347,182
2026-02-02 12:26:00,22352,22352,22352,22352,162
2026-02-02 12:27:00,22356,22356,22356,22356,181
2026-02-02 12:28:00,22359,22359,22358,22358,147
2026-02-02 12:29:00,22357,22358,22357,22358,192
2026-02-02 12:30:00,22357,22358,22354,22357,155
2026-02-02 12:31:00,22359,22359,22358,22358,131
2026-02-02 12:32:00,22355,22355,22355,22355,25
2026-02-02 12:33:00,22353,22353,22351,22352,347
2026-02-02 12:34:00,22353,22354,22353,22353,168
2026-02-02 12:35:00,22349,22352,22349,22352,14
2026-02-02 12:36:00,22350,22351,22350,22350,24
2026-02-02 12:37:00,22348,22354,22345,22349,217
2026-02-02 12:38:00,22346,22346,22346,22346,279
2026-02-02 12:39:00,22342,22343,22342,22343,176
2026-02-02 12:40:00,22344,22349,22343,22344,201
2026-02-02 12:41:00,22342,22343,22341,22342,15
2026-02-02 12:42:00,22342,22342,22341,22342,140
2026-02-02 12:43:00,22349,22349,22348,22349,133
2026-02-02 12:44:00,22348,22353,22348,22349,41
2026-02-02 12:45:00,22346,22347,22346,22346,190
2026-02-02 12:46:00,22345,22350,22345,22347,115
2026-02-02 12:47:00,22344,22347,22344,22347,37
2026-02-02 12:48:00,22343,22343,22343,22343,57
2026-02-02 12:49:00,22343,22343,22342,22342,175
2026-02-02 12:50:00,22351,22351,22349,22350,195
2026-02-02 12:51:00,22362,22362,22361,22362,176
2026-02-02 12:52:00,22353,22354,22351,22353,254
2026-02-02 12:53:00,22351,22354,22351,22351,64
2026-02-02 12:54:00,22345,22345,22345,22345,229
2026-02-02 12:55:00,22346,22346,22345,22346,131
2026-02-02 12:56:00,22347,22347,22346,22346,240
2026-02-02 12:57:00,22351,22351,22350,22350,114
2026-02-02 12:58:00,22348,22349,22346,22348,150
2026-02-02 12:59:00,22345,22349,22343,22346,101
2026-02-02 13:00:00,22351,22351,22351,22351,1
2026-02-02 13:01:00,22355,22356,22355,22355,98
2026-02-02 13:02:00,22351,22353,22351,22353,186
2026-02-02 13:03:00,22359,22359,22358,22358,67
2026-02-02 13:04:00,22360,22360,22358,22360,149
2026-02-02 13:05:00,22363,22363,22347,22358,1
2026-02-02 13:06:00,22358,22358,22357,22358,112
2026-02-02 13:07:00,22358,22367,22354,22359,1
2026-02-02 13:08:00,22363,22365,22363,22363,85
2026-02-02 13:09:00,22360,22363,22359,22361,135
2026-02-02 13:10:00,22361,22361,22360,22361,82
2026-02-02 13:11:00,22361,22362,22361,22362,125
2026-02-02 13:12:00,22365,22367,22363,22365,176
2026-02-02 13:13:00,22366,22366,22366,22366,103
2026-02-02 13:14:00,22368,22368,22367,22368,139
2026-02-02 13:15:00,22372,22373,22369,22371,97
2026-02-02 13:16:00,22371,22372,22371,22371,121
2026-02-02 13:17:00,22369,22370,22369,22369,245
2026-02-02 13:18:00,22364,22365,22364,22364,1
2026-02-02 13:19:00,22362,22365,22355,22362,252
2026-02-02 13:20:00,22351,22352,22351,22352,114
2026-02-02 13:21:00,22349,22349,22349,22349,93
2026-02-02 13:22:00,22351,22351,22351,22351,113
2026-02-02 13:23:00,22351,22352,22350,22351,158
2026-02-02 13:24:00,22352,22352,22352,22352,23
2026-02-02 13:25:00,22348,22348,22347,22347,194
2026-02-02 13:26:00,22361,22361,22358,22361,267
2026-02-02 13:27:00,22354,22354,22344,22352,430
2026-02-02 13:28:00,22350,22367,22350,22358,189
2026-02-02 13:29:00,22350,22350,22350,22350,103
2026-02-02 13:30:00,22342,22346,22338,22340,342
2026-02-02 13:31:00,22341,22341,22340,22340,261
2026-02-02 13:32:00,22335,22341,22335,22339,258
2026-02-02 13:33:00,22337,22341,22337,22339,1
2026-02-02 13:34:00,22342,22342,22342,22342,1
2026-02-02 13:35:00,22326,22338,22326,22330,1
2026-02-02 13:36:00,22321,22321,22321,22321,215
2026-02-02 13:37:00,22322,22326,22319,22324,527
2026-02-02 13:38:00,22323,22327,22323,22325,97
2026-02-02 13:39:00,22335,22335,22335,22335,200
2026-02-02 13:40:00,22346,22353,22343,22346,334
2026-02-02 13:41:00,22335,22349,22325,22340,5
2026-02-02 13:42:00,22337,22337,22336,22337,214
2026-02-02 13:43:00,22336,22336,22331,22331,387
2026-02-02 13:44:00,22328,22328,22328,22328,245
2026-02-03 08:45:00,22282,22282,22280,22280,225
2026-02-03 08:46:00,22270,22279,22266,22269,1
2026-02-03 08:47:00,22271,22278,22267,22276,72
2026-02-03 08:48:00,22271,22272,22270,22271,290
2026-02-03 08:49:00,22280,22284,22277,22280,154
2026-02-03 08:50:00,22279,22281,22279,22280,290
2026-02-03 08:51:00,22283,22286,22281,22283,164
2026-02-03 08:52:00,22274,22279,22272,22276,250
2026-02-03 08:53:00,22268,22274,22267,22271,270
2026-02-03 08:54:00,22278,22278,22278,22278,436
2026-02-03 08:55:00,22276,22278,22272,22276,234
2026-02-03 08:56:00,22274,22274,22273,22274,197
2026-02-03 08:57:00,22264,22266,22264,22265,333
2026-02-03 08:58:00,22269,22271,22263,22270,294
2026-02-03 08:59:00,22267,22268,22266,22267,1
2026-02-03 09:00:00,22267,22270,22267,22268,282
2026-02-03 09:01:00,22271,22271,22271,22271,338
2026-02-03 09:02:00,22269,22276,22269,22271,214
2026-02-03 09:03:00,22273,22273,22270,22272,201
2026-02-03 09:04:00,22264,22266,22263,22265,297
2026-02-03 09:05:00,22265,22266,22265,22265,91
2026-02-03 09:06:00,22252,22253,22252,22253,186
2026-02-03 09:07:00,22257,22257,22257,22257,112
2026-02-03 09:08:00,22259,22264,22256,22259,286
2026-02-03 09:09:00,22260,22263,22253,22257,303
2026-02-03 09:10:00,22257,22259,22252,22258,128
2026-02-03 09:11:00,22257,22258,22256,22257,179
2026-02-03 09:12:00,22256,22257,22254,22256,115
2026-02-03 09:13:00,22256,22257,22256,22256,78
2026-02-03 09:14:00,22250,22251,22249,22249,107
2026-02-03 09:15:00,22249,22249,22249,22249,228
2026-02-03 09:16:00,22248,22251,22247,22249,201
2026-02-03 09:17:00,22248,22248,22247,22248,64
2026-02-03 09:18:00,22249,22249,22248,22249,74
2026-02-03 09:19:00,22249,22250,22248,22249,179
2026-02-03 09:20:00,22247,22252,22245,22250,156
2026-02-03 09:21:00,22252,22252,22251,22251,288
2026-02-03 09:22:00,22249,22250,22248,22249,143
2026-02-03 09:23:00,22250,22251,22250,22250,302
2026-02-03 09:24:00,22251,22251,22250,22251,124
2026-02-03 09:25:00,22249,22249,22249,22249,92
2026-02-03 09:26:00,22249,22251,22249,22250,200
2026-02-03 09:27:00,22252,22252,22249,22250,109
2026-02-03 09:28:00,22251,22255,22243,22252,201
2026-02-03 09:29:00,22253,22257,22247,22254,189
2026-02-03 09:30:00,22256,22260,22256,22259,227
2026-02-03 09:31:00,22259,22259,22259,22259,15
2026-02-03 09:32:00,22258,22260,22258,22259,1
2026-02-03 09:33:00,22258,22258,22253,22256,239
2026-02-03 09:34:00,22261,22261,22261,22261,125
2026-02-03 09:35:00,22258,22261,22257,22258,117
2026-02-03 09:36:00,22261,22262,22260,22261,192
2026-02-03 09:37:00,22263,22265,22259,22264,117
2026-02-03 09:38:00,22262,22268,22262,22264,146
2026-02-03 09:39:00,22264,22264,22263,22264,1
2026-02-03 09:40:00,22265,22265,22265,22265,272
2026-02-03 09:41:00,22269,22269,22264,22267,71
2026-02-03 09:42:00,22274,22274,22274,22274,254
2026-02-03 09:43:00,22277,22277,22276,22277,200
2026-02-03 09:44:00,22279,22279,22279,22279,1
2026-02-03 09:45:00,22280,22281,22280,22280,112
2026-02-03 09:46:00,22278,22279,22275,22278,230
2026-02-03 09:47:00,22274,22274,22274,22274,200
2026-02-03 09:48:00,22274,22276,22272,22274,179
2026-02-03 09:49:00,22274,22274,22274,22274,50
2026-02-03 09:50:00,22273,22274,22272,22273,115
2026-02-03 09:51:00,22273,22274,22273,22274,258
2026-02-03 09:52:00,22270,22271,22270,22270,243
2026-02-03 09:53:00,22273,22273,22269,22271,297
2026-02-03 09:54:00,22266,22270,22266,22268,80
2026-02-03 09:55:00,22262,22264,22261,22262,169
2026-02-03 09:56:00,22265,22265,22261,22263,95
2026-02-03 09:57:00,22263,22263,22261,22262,119
2026-02-03 09:58:00,22267,22270,22263,22269,189
2026-02-03 09:59:00,22269,22269,22269,22269,51
2026-02-03 10:00:00,22268,22268,22265,22268,122
2026-02-03 10:01:00,22265,22267,22263,22265,276
2026-02-03 10:02:00,22269,22269,22267,22268,68
2026-02-03 10:03:00,22259,22262,22259,22261,195
2026-02-03 10:04:00,22258,22258,22256,22257,205
2026-02-03 10:05:00,22258,22258,22255,22256,91
2026-02-03 10:06:00,22251,22253,22251,22252,125
2026-02-03 10:07:00,22247,22247,22246,22247,206
2026-02-03 10:08:00,22248,22251,22248,22249,236
2026-02-03 10:09:00,22253,22253,22251,22252,134
2026-02-03 10:10:00,22255,22257,22255,22255,52
2026-02-03 10:11:00,22255,22259,22255,22257,204
2026-02-03 10:12:00,22260,22264,22260,22261,174
2026-02-03 10:13:00,22259,22259,22259,22259,1
2026-02-03 10:14:00,22259,22259,22259,22259,192
2026-02-03 10:15:00,22257,22258,22255,22256,1
2026-02-03 10:16:00,22250,22253,22250,22251,133
2026-02-03 10:17:00,22255,22255,22250,22251,102
2026-02-03 10:18:00,22250,22252,22249,22251,71
2026-02-03 10:19:00,22247,22250,22245,22247,164
2026-02-03 10:20:00,22246,22246,22244,22245,1
2026-02-03 10:21:00,22244,22245,22243,22244,137
2026-02-03 10:22:00,22244,22244,22244,22244,225
2026-02-03 10:23:00,22245,22247,22244,22245,157
2026-02-03 10:24:00,22244,22244,22243,22243,109
2026-02-03 10:25:00,22243,22247,22243,22245,256
2026-02-03 10:26:00,22246,22255,22242,22245,92
2026-02-03 10:27:00,22245,22246,22245,22246,124
2026-02-03 10:28:00,22246,22249,22246,22247,17
2026-02-03 10:29:00,22246,22247,22246,22246,156
2026-02-03 10:30:00,22250,22251,22250,22251,167
2026-02-03 10:31:00,22251,22252,22250,22251,322
2026-02-03 10:32:00,22251,22254,22251,22252,136
2026-02-03 10:33:00,22245,22249,22244,22245,208
2026-02-03 10:34:00,22243,22246,22243,22244,163
2026-02-03 10:35:00,22244,22244,22242,22242,148
2026-02-03 10:36:00,22238,22238,22237,22238,300
2026-02-03 10:37:00,22238,22238,22235,22237,193
2026-02-03 10:38:00,22237,22238,22234,22238,149
2026-02-03 10:39:00,22239,22239,22237,22238,52
2026-02-03 10:40:00,22236,22236,22235,22236,141
2026-02-03 10:41:00,22235,22237,22235,22235,265
2026-02-03 10:42:00,22235,22235,22235,22235,292
2026-02-03 10:43:00,22227,22227,22227,22227,219
2026-02-03 10:44:00,22227,22227,22226,22227,247
2026-02-03 10:45:00,22225,22228,22222,22226,51
2026-02-03 10:46:00,22225,22228,22225,22225,237
2026-02-03 10:47:00,22222,22224,22222,22223,21
2026-02-03 10:48:00,22224,22226,22224,22225,78
2026-02-03 10:49:00,22227,22227,22219,22225,198
2026-02-03 10:50:00,22226,22227,22226,22226,136
2026-02-03 10:51:00,22230,22230,22230,22230,140
2026-02-03 10:52:00,22227,22227,22226,22227,82
2026-02-03 10:53:00,22228,22229,22224,22226,185
2026-02-03 10:54:00,22226,22227,22225,22226,146
2026-02-03 10:55:00,22221,22223,22221,22222,220
2026-02-03 10:56:00,22224,22224,22224,22224,225
2026-02-03 10:57:00,22226,22232,22224,22229,59
2026-02-03 10:58:00,22224,22224,22224,22224,30
2026-02-03 10:59:00,22224,22225,22224,22224,184
2026-02-03 11:00:00,22225,22228,22221,22226,147
2026-02-03 11:01:00,22222,22224,22216,22222,165
2026-02-03 11:02:00,22220,22222,22218,22220,123
2026-02-03 11:03:00,22217,22218,22214,22218,127
2026-02-03 11:04:00,22218,22218,22217,22218,161
2026-02-03 11:05:00,22219,22223,22217,22218,154
2026-02-03 11:06:00,22218,22220,22217,22220,70
2026-02-03 11:07:00,22216,22216,22215,22216,252
2026-02-03 11:08:00,22222,22222,22221,22222,220
2026-02-03 11:09:00,22225,22226,22225,22226,231
2026-02-03 11:10:00,22225,22225,22225,22225,40
2026-02-03 11:11:00,22227,22227,22226,22227,378
2026-02-03 11:12:00,22226,22226,22226,22226,96
2026-02-03 11:13:00,22230,22230,22229,22230,72
2026-02-03 11:14:00,22232,22232,22232,22232,149
2026-02-03 11:15:00,22238,22238,22234,22237,35
2026-02-03 11:16:00,22238,22239,22237,22239,111
2026-02-03 11:17:00,22232,22233,22232,22232,131
2026-02-03 11:18:00,22233,22233,22231,22232,48
2026-02-03 11:19:00,22234,22234,22233,22234,1
2026-02-03 11:20:00,22234,22234,22228,22229,151
2026-02-03 11:21:00,22230,22231,22229,22230,243
2026-02-03 11:22:00,22236,22237,22235,22237,126
2026-02-03 11:23:00,22244,22246,22243,22244,188
2026-02-03 11:24:00,22248,22249,22247,22248,16
2026-02-03 11:25:00,22246,22246,22243,22244,226
2026-02-03 11:26:00,22241,22243,22241,22241,163
2026-02-03 11:27:00,22246,22247,22245,22245,220
2026-02-03 11:28:00,22251,22252,22248,22251,158
2026-02-03 11:29:00,22253,22253,22253,22253,180
2026-02-03 11:30:00,22258,22264,22252,22256,106
2026-02-03 11:31:00,22257,22262,22254,22258,93
2026-02-03 11:32:00,22252,22252,22251,22251,267
2026-02-03 11:33:00,22249,22251,22248,22250,85
2026-02-03 11:34:00,22249,22250,22249,22249,126
2026-02-03 11:35:00,22248,22251,22248,22249,232
2026-02-03 11:36:00,22250,22250,22247,22249,150
2026-02-03 11:37:00,22248,22250,22245,22248,128
2026-02-03 11:38:00,22246,22247,22243,22244,197
2026-02-03 11:39:00,22242,22242,22241,22241,120
2026-02-03 11:40:00,22243,22244,22242,22243,209
2026-02-03 11:41:00,22242,22245,22242,22242,274
2026-02-03 11:42:00,22233,22234,22230,22231,169
2026-02-03 11:43:00,22225,22226,22225,22225,128
2026-02-03 11:44:00,22222,22224,22221,22221,37
2026-02-03 11:45:00,22222,22222,22221,22222,181
2026-02-03 11:46:00,22219,22219,22218,22218,188
2026-02-03 11:47:00,22221,22223,22220,22222,312
2026-02-03 11:48:00,22231,22231,22228,22229,94
2026-02-03 11:49:00,22233,22234,22232,22233,1
2026-02-03 11:50:00,22231,22231,22229,22230,314
2026-02-03 11:51:00,22228,22228,22227,22227,208
2026-02-03 11:52:00,22231,22231,22228,22230,243
2026-02-03 11:53:00,22232,22241,22227,22232,161
2026-02-03 11:54:00,22234,22237,22234,22235,1
2026-02-03 11:55:00,22238,22238,22237,22238,23
2026-02-03 11:56:00,22233,22238,22230,22234,128
2026-02-03 11:57:00,22236,22236,22235,22236,242
2026-02-03 11:58:00,22234,22234,22234,22234,30
2026-02-03 11:59:00,22233,22233,22231,22232,281
2026-02-03 12:00:00,22229,22229,22227,22228,216
2026-02-03 12:01:00,22227,22231,22227,22229,59
2026-02-03 12:02:00,22227,22228,22226,22227,97
2026-02-03 12:03:00,22233,22234,22232,22233,200
2026-02-03 12:04:00,22229,22230,22229,22230,99
2026-02-03 12:05:00,22233,22234,22233,22233,132
2026-02-03 12:06:00,22235,22235,22235,22235,43
2026-02-03 12:07:00,22236,22236,22235,22236,152
2026-02-03 12:08:00,22237,22238,22237,22237,91
2026-02-03 12:09:00,22236,22237,22236,22236,125
2026-02-03 12:10:00,22240,22240,22240,22240,96
2026-02-03 12:11:00,22242,22242,22241,22242,57
2026-02-03 12:12:00,22244,22244,22244,22244,166
2026-02-03 12:13:00,22244,22246,22244,22245,182
2026-02-03 12:14:00,22248,22248,22248,22248,128
2026-02-03 12:15:00,22250,22252,22249,22250,68
2026-02-03 12:16:00,22247,22247,22246,22247,40
2026-02-03 12:17:00,22252,22253,22251,22252,215
2026-02-03 12:18:00,22254,22254,22254,22254,228
2026-02-03 12:19:00,22255,22255,22255,22255,153
2026-02-03 12:20:00,22251,22252,22247,22252,287
2026-02-03 12:21:00,22251,22255,22248,22251,268
2026-02-03 12:22:00,22252,22253,22252,22252,153
2026-02-03 12:23:00,22253,22256,22252,22253,125
2026-02-03 12:24:00,22252,22252,22252,22252,52
2026-02-03 12:25:00,22253,22257,22253,22255,242
2026-02-03 12:26:00,22258,22260,22255,22256,99
2026-02-03 12:27:00,22251,22252,22246,22249,161
2026-02-03 12:28:00,22247,22247,22247,22247,331
2026-02-03 12:29:00,22243,22243,22242,22243,206
2026-02-03 12:30:00,22243,22243,22243,22243,143
2026-02-03 12:31:00,22245,22246,22245,22245,65
2026-02-03 12:32:00,22251,22251,22250,22251,129
2026-02-03 12:33:00,22256,22257,22255,22256,234
2026-02-03 12:34:00,22259,22263,22257,22258,175
2026-02-03 12:35:00,22259,22260,22259,22259,205
2026-02-03 12:36:00,22259,22259,22258,22259,187
2026-02-03 12:37:00,22255,22256,22255,22256,1
2026-02-03 12:38:00,22258,22259,22257,22258,154
2026-02-03 12:39:00,22257,22258,22252,22257,142
2026-02-03 12:40:00,22250,22250,22248,22250,130
2026-02-03 12:41:00,22248,22250,22247,22250,93
2026-02-03 12:42:00,22247,22247,22245,22246,149
2026-02-03 12:43:00,22245,22245,22243,22244,114
2026-02-03 12:44:00,22246,22246,22246,22246,190
2026-02-03 12:45:00,22242,22242,22242,22242,202
2026-02-03 12:46:00,22237,22239,22237,22239,201
2026-02-03 12:47:00,22240,22240,22240,22240,209
2026-02-03 12:48:00,22240,22240,22240,22240,67
2026-02-03 12:49:00,22230,22236,22229,22231,115
2026-02-03 12:50:00,22234,22236,22232,22234,61
2026-02-03 12:51:00,22232,22233,22231,22232,224
2026-02-03 12:52:00,22232,22236,22232,22233,168
2026-02-03 12:53:00,22236,22236,22236,22236,217
2026-02-03 12:54:00,22238,22242,22238,22240,270
2026-02-03 12:55:00,22243,22243,22242,22243,146
2026-02-03 12:56:00,22247,22247,22247,22247,210
2026-02-03 12:57:00,22247,22253,22243,22249,198
2026-02-03 12:58:00,22251,22253,22251,22252,153
2026-02-03 12:59:00,22249,22256,22249,22251,229
2026-02-03 13:00:00,22252,22254,22252,22252,302
2026-02-03 13:01:00,22255,22255,22254,22254,285
2026-02-03 13:02:00,22258,22259,22258,22258,157
2026-02-03 13:03:00,22253,22254,22253,22253,150
2026-02-03 13:04:00,22251,22251,22250,22251,194
2026-02-03 13:05:00,22253,22253,22252,22253,275
2026-02-03 13:06:00,22259,22259,22258,22259,35
2026-02-03 13:07:00,22263,22263,22262,22262,280
2026-02-03 13:08:00,22265,22269,22265,22267,273
2026-02-03 13:09:00,22272,22274,22272,22273,295
2026-02-03 13:10:00,22271,22271,22271,22271,268
2026-02-03 13:11:00,22267,22268,22267,22267,165
2026-02-03 13:12:00,22267,22271,22267,22267,50
2026-02-03 13:13:00,22267,22267,22267,22267,243
2026-02-03 13:14:00,22265,22265,22264,22265,48
2026-02-03 13:15:00,22259,22259,22258,22259,99
2026-02-03 13:16:00,22266,22266,22265,22266,3
2026-02-03 13:17:00,22272,22275,22272,22272,121
2026-02-03 13:18:00,22275,22275,22270,22274,257
2026-02-03 13:19:00,22278,22279,22277,22278,245
2026-02-03 13:20:00,22279,22286,22274,22278,291
2026-02-03 13:21:00,22275,22275,22275,22275,58
2026-02-03 13:22:00,22268,22269,22268,22268,211
2026-02-03 13:23:00,22272,22274,22272,22274,264
2026-02-03 13:24:00,22270,22270,22269,22270,343
2026-02-03 13:25:00,22270,22270,22270,22270,144
2026-02-03 13:26:00,22277,22283,22273,22276,1
2026-02-03 13:27:00,22269,22269,22269,22269,388
2026-02-03 13:28:00,22269,22271,22268,22269,235
2026-02-03 13:29:00,22269,22269,22269,22269,296
2026-02-03 13:30:00,22266,22267,22266,22266,225
2026-02-03 13:31:00,22275,22275,22267,22270,371
2026-02-03 13:32:00,22269,22273,22265,22269,99
2026-02-03 13:33:00,22264,22266,22261,22263,142
2026-02-03 13:34:00,22271,22271,22264,22270,70
2026-02-03 13:35:00,22264,22264,22257,22262,238
2026-02-03 13:36:00,22260,22261,22260,22260,153
2026-02-03 13:37:00,22263,22263,22257,22262,54
2026-02-03 13:38:00,22261,22265,22249,22262,236
2026-02-03 13:39:00,22253,22258,22252,22254,184
2026-02-03 13:40:00,22251,22259,22242,22249,528
2026-02-03 13:41:00,22251,22251,22248,22250,459
2026-02-03 13:42:00,22252,22254,22252,22253,97
2026-02-03 13:43:00,22243,22245,22242,22244,374
2026-02-03 13:44:00,22248,22249,22248,22248,413
2026-02-04 08:45:00,22225,22225,22224,22224,1
2026-02-04 08:46:00,22219,22223,22219,22222,346
2026-02-04 08:47:00,22227,22228,22219,22227,296
2026-02-04 08:48:00,22220,22220,22217,22219,240
2026-02-04 08:49:00,22220,22230,22216,22218,482
2026-02-04 08:50:00,22219,22221,22219,22221,185
2026-02-04 08:51:00,22225,22225,22225,22225,265
2026-02-04 08:52:00,22225,22228,22225,22226,35
2026-02-04 08:53:00,22222,22224,22222,22222,36
2026-02-04 08:54:00,22213,22214,22209,22212,546
2026-02-04 08:55:00,22217,22218,22216,22217,133
2026-02-04 08:56:00,22229,22230,22228,22229,1
2026-02-04 08:57:00,22227,22230,22227,22229,203
2026-02-04 08:58:00,22229,22229,22229,22229,436
2026-02-04 08:59:00,22233,22236,22228,22232,416
2026-02-04 09:00:00,22237,22238,22236,22237,319
2026-02-04 09:01:00,22244,22245,22244,22245,109
2026-02-04 09:02:00,22247,22250,22244,22245,508
2026-02-04 09:03:00,22233,22238,22233,22237,308
2026-02-04 09:04:00,22232,22236,22230,22231,58
2026-02-04 09:05:00,22226,22227,22225,22226,281
2026-02-04 09:06:00,22233,22233,22233,22233,334
2026-02-04 09:07:00,22236,22238,22233,22234,372
2026-02-04 09:08:00,22235,22239,22231,22235,303
2026-02-04 09:09:00,22227,22229,22226,22228,242
2026-02-04 09:10:00,22231,22231,22231,22231,182
2026-02-04 09:11:00,22233,22234,22231,22232,157
2026-02-04 09:12:00,22237,22238,22232,22237,208
2026-02-04 09:13:00,22239,22241,22239,22241,341
2026-02-04 09:14:00,22242,22243,22242,22243,84
2026-02-04 09:15:00,22238,22238,22235,22237,40
2026-02-04 09:16:00,22234,22234,22234,22234,174
2026-02-04 09:17:00,22236,22237,22236,22237,52
2026-02-04 09:18:00,22237,22238,22236,22238,115
2026-02-04 09:19:00,22241,22242,22240,22242,153
2026-02-04 09:20:00,22241,22242,22240,22242,47
2026-02-04 09:21:00,22237,22238,22236,22236,212
2026-02-04 09:22:00,22241,22243,22239,22241,85
2026-02-04 09:23:00,22244,22245,22244,22244,1
2026-02-04 09:24:00,22245,22247,22244,22245,112
2026-02-04 09:25:00,22245,22248,22244,22246,1
2026-02-04 09:26:00,22251,22255,22251,22254,83
2026-02-04 09:27:00,22254,22255,22253,22254,107
2026-02-04 09:28:00,22258,22258,22258,22258,235
2026-02-04 09:29:00,22263,22263,22262,22262,1
2026-02-04 09:30:00,22257,22258,22257,22258,292
2026-02-04 09:31:00,22259,22259,22259,22259,125
2026-02-04 09:32:00,22254,22256,22250,22254,255
2026-02-04 09:33:00,22254,22254,22254,22254,128
2026-02-04 09:34:00,22254,22259,22251,22256,133
2026-02-04 09:35:00,22255,22256,22254,22256,235
2026-02-04 09:36:00,22260,22260,22252,22257,158
2026-02-04 09:37:00,22253,22255,22252,22252,67
2026-02-04 09:38:00,22251,22253,22246,22252,113
2026-02-04 09:39:00,22256,22256,22251,22253,174
2026-02-04 09:40:00,22249,22249,22247,22249,105
2026-02-04 09:41:00,22248,22250,22245,22248,74
2026-02-04 09:42:00,22242,22243,22242,22243,1
2026-02-04 09:43:00,22244,22247,22243,22244,214
2026-02-04 09:44:00,22247,22248,22245,22246,66
2026-02-04 09:45:00,22249,22250,22249,22250,218
2026-02-04 09:46:00,22246,22247,22243,22245,239
2026-02-04 09:47:00,22245,22247,22244,22247,328
2026-02-04 09:48:00,22238,22238,22237,22238,27
2026-02-04 09:49:00,22239,22241,22239,22240,207
2026-02-04 09:50:00,22241,22244,22241,22242,212
2026-02-04 09:51:00,22239,22241,22238,22240,143
2026-02-04 09:52:00,22236,22236,22235,22236,95
2026-02-04 09:53:00,22236,22236,22235,22236,320
2026-02-04 09:54:00,22239,22239,22238,22238,138
2026-02-04 09:55:00,22241,22248,22234,22239,3
2026-02-04 09:56:00,22244,22244,22243,22244,213
2026-02-04 09:57:00,22241,22242,22241,22242,292
2026-02-04 09:58:00,22240,22241,22240,22241,253
2026-02-04 09:59:00,22240,22242,22238,22240,10
2026-02-04 10:00:00,22244,22245,22241,22243,196
2026-02-04 10:01:00,22245,22246,22245,22245,31
2026-02-04 10:02:00,22254,22255,22250,22252,92
2026-02-04 10:03:00,22248,22248,22247,22248,155
2026-02-04 10:04:00,22248,22249,22247,22249,89
2026-02-04 10:05:00,22245,22245,22244,22244,229
2026-02-04 10:06:00,22239,22240,22239,22240,26
2026-02-04 10:07:00,22238,22238,22236,22237,82
2026-02-04 10:08:00,22239,22239,22239,22239,59
2026-02-04 10:09:00,22238,22242,22233,22238,247
2026-02-04 10:10:00,22237,22237,22233,22235,175
2026-02-04 10:11:00,22234,22235,22233,22234,307
2026-02-04 10:12:00,22233,22235,22231,22232,27
2026-02-04 10:13:00,22232,22234,22232,22233,62
2026-02-04 10:14:00,22230,22237,22224,22233,207
2026-02-04 10:15:00,22235,22246,22230,22236,195
2026-02-04 10:16:00,22235,22237,22231,22236,47
2026-02-04 10:17:00,22236,22237,22229,22234,74
2026-02-04 10:18:00,22236,22238,22233,22236,154
2026-02-04 10:19:00,22235,22236,22233,22236,217
2026-02-04 10:20:00,22230,22232,22226,22228,212
2026-02-04 10:21:00,22228,22228,22228,22228,72
2026-02-04 10:22:00,22230,22230,22229,22229,282
2026-02-04 10:23:00,22233,22234,22233,22233,97
2026-02-04 10:24:00,22236,22236,22235,22235,212
2026-02-04 10:25:00,22236,22237,22235,22236,203
2026-02-04 10:26:00,22230,22231,22229,22230,170
2026-02-04 10:27:00,22235,22235,22234,22235,95
2026-02-04 10:28:00,22233,22233,22232,22233,32
2026-02-04 10:29:00,22238,22238,22237,22238,239
2026-02-04 10:30:00,22233,22233,22232,22233,135
2026-02-04 10:31:00,22234,22234,22233,22234,183
2026-02-04 10:32:00,22226,22226,22226,22226,198
2026-02-04 10:33:00,22226,22226,22225,22225,148
2026-02-04 10:34:00,22229,22231,22225,22228,110
2026-02-04 10:35:00,22235,22235,22235,22235,56
2026-02-04 10:36:00,22236,22236,22233,22236,163
2026-02-04 10:37:00,22236,22236,22235,22236,193
2026-02-04 10:38:00,22237,22239,22237,22237,133
2026-02-04 10:39:00,22233,22233,22233,22233,174
2026-02-04 10:40:00,22234,22234,22233,22234,162
2026-02-04 10:41:00,22233,22234,22233,22233,96
2026-02-04 10:42:00,22229,22230,22229,22229,258
2026-02-04 10:43:00,22231,22231,22231,22231,116
2026-02-04 10:44:00,22229,22229,22228,22229,149
2026-02-04 10:45:00,22229,22229,22225,22228,84
2026-02-04 10:46:00,22229,22235,22229,22229,80
2026-02-04 10:47:00,22236,22238,22233,22235,230
2026-02-04 10:48:00,22237,22237,22236,22236,135
2026-02-04 10:49:00,22235,22236,22235,22236,147
2026-02-04 10:50:00,22234,22234,22232,22234,174
2026-02-04 10:51:00,22244,22246,22242,22243,129
2026-02-04 10:52:00,22242,22244,22242,22242,153
2026-02-04 10:53:00,22240,22240,22239,22239,173
2026-02-04 10:54:00,22240,22249,22240,22241,143
2026-02-04 10:55:00,22239,22240,22239,22239,118
2026-02-04 10:56:00,22242,22245,22242,22243,212
2026-02-04 10:57:00,22245,22245,22242,22243,136
2026-02-04 10:58:00,22239,22239,22236,22238,36
2026-02-04 10:59:00,22233,22234,22233,22233,189
2026-02-04 11:00:00,22237,22237,22237,22237,184
2026-02-04 11:01:00,22242,22242,22238,22240,135
2026-02-04 11:02:00,22245,22246,22245,22246,39
2026-02-04 11:03:00,22247,22247,22245,22246,108
2026-02-04 11:04:00,22249,22250,22246,22248,183
2026-02-04 11:05:00,22238,22240,22238,22239,96
2026-02-04 11:06:00,22244,22245,22242,22243,226
2026-02-04 11:07:00,22241,22243,22239,22240,263
2026-02-04 11:08:00,22238,22242,22236,22237,103
2026-02-04 11:09:00,22236,22238,22231,22237,146
2026-02-04 11:10:00,22233,22233,22233,22233,60
2026-02-04 11:11:00,22232,22233,22227,22232,72
2026-02-04 11:12:00,22234,22235,22234,22234,151
2026-02-04 11:13:00,22229,22229,22228,22228,106
2026-02-04 11:14:00,22225,22229,22223,22225,131
2026-02-04 11:15:00,22225,22226,22222,22225,102
2026-02-04 11:16:00,22226,22226,22225,22225,68
2026-02-04 11:17:00,22227,22229,22226,22227,138
2026-02-04 11:18:00,22223,22231,22219,22223,195
2026-02-04 11:19:00,22229,22229,22228,22229,220
2026-02-04 11:20:00,22225,22225,22220,22224,104
2026-02-04 11:21:00,22227,22227,22226,22227,294
2026-02-04 11:22:00,22224,22228,22220,22224,64
2026-02-04 11:23:00,22223,22231,22218,22222,126
2026-02-04 11:24:00,22218,22219,22218,22219,111
2026-02-04 11:25:00,22216,22216,22215,22215,345
2026-02-04 11:26:00,22217,22218,22217,22217,46
2026-02-04 11:27:00,22220,22221,22218,22221,200
2026-02-04 11:28:00,22222,22222,22222,22222,208
2026-02-04 11:29:00,22217,22219,22217,22217,248
2026-02-04 11:30:00,22218,22219,22218,22219,211
2026-02-04 11:31:00,22216,22216,22216,22216,159
2026-02-04 11:32:00,22216,22217,22215,22216,153
2026-02-04 11:33:00,22216,22218,22213,22215,210
2026-02-04 11:34:00,22218,22222,22216,22219,130
2026-02-04 11:35:00,22218,22220,22216,22218,272
2026-02-04 11:36:00,22225,22225,22225,22225,129
2026-02-04 11:37:00,22228,22228,22228,22228,234
2026-02-04 11:38:00,22229,22229,22228,22229,295
2026-02-04 11:39:00,22234,22234,22234,22234,139
2026-02-04 11:40:00,22233,22233,22231,22233,90
2026-02-04 11:41:00,22231,22231,22231,22231,146
2026-02-04 11:42:00,22230,22232,22230,22231,185
2026-02-04 11:43:00,22233,22234,22231,22232,26
2026-02-04 11:44:00,22233,22233,22232,22233,57
2026-02-04 11:45:00,22232,22233,22232,22232,157
2026-02-04 11:46:00,22231,22232,22230,22231,190
2026-02-04 11:47:00,22231,22231,22231,22231,55
2026-02-04 11:48:00,22236,22237,22236,22237,252
2026-02-04 11:49:00,22239,22240,22236,22238,148
2026-02-04 11:50:00,22241,22242,22241,22241,138
2026-02-04 11:51:00,22243,22244,22241,22243,232
2026-02-04 11:52:00,22243,22243,22241,22241,221
2026-02-04 11:53:00,22239,22241,22237,22239,169
2026-02-04 11:54:00,22237,22248,22237,22239,1
2026-02-04 11:55:00,22242,22242,22241,22242,268
2026-02-04 11:56:00,22237,22239,22237,22237,38
2026-02-04 11:57:00,22242,22242,22241,22241,33
2026-02-04 11:58:00,22240,22245,22240,22241,154
2026-02-04 11:59:00,22241,22242,22240,22241,159
2026-02-04 12:00:00,22241,22243,22241,22242,264
2026-02-04 12:01:00,22242,22243,22241,22242,294
2026-02-04 12:02:00,22242,22242,22241,22242,196
2026-02-04 12:03:00,22245,22246,22245,22245,163
2026-02-04 12:04:00,22250,22251,22250,22250,1
2026-02-04 12:05:00,22250,22251,22249,22251,212
2026-02-04 12:06:00,22254,22254,22251,22252,207
2026-02-04 12:07:00,22254,22255,22253,22254,303
2026-02-04 12:08:00,22255,22255,22255,22255,193
2026-02-04 12:09:00,22254,22256,22254,22254,209
2026-02-04 12:10:00,22255,22259,22251,22253,257
2026-02-04 12:11:00,22253,22253,22251,22253,160
2026-02-04 12:12:00,22252,22253,22251,22252,117
2026-02-04 12:13:00,22257,22259,22251,22255,152
2026-02-04 12:14:00,22253,22254,22252,22253,110
2026-02-04 12:15:00,22260,22260,22260,22260,46
2026-02-04 12:16:00,22260,22260,22256,22259,32
2026-02-04 12:17:00,22258,22260,22248,22257,183
2026-02-04 12:18:00,22258,22259,22258,22258,149
2026-02-04 12:19:00,22266,22266,22266,22266,189
2026-02-04 12:20:00,22259,22264,22259,22262,102
2026-02-04 12:21:00,22267,22268,22265,22267,204
2026-02-04 12:22:00,22262,22265,22262,22263,212
2026-02-04 12:23:00,22267,22267,22267,22267,106
2026-02-04 12:24:00,22271,22271,22270,22271,210
2026-02-04 12:25:00,22273,22273,22272,22272,246
2026-02-04 12:26:00,22274,22274,22274,22274,132
2026-02-04 12:27:00,22276,22280,22275,22278,130
2026-02-04 12:28:00,22281,22281,22281,22281,157
2026-02-04 12:29:00,22280,22281,22280,22281,181
2026-02-04 12:30:00,22284,22284,22283,22283,104
2026-02-04 12:31:00,22289,22294,22288,22289,82
2026-02-04 12:32:00,22288,22290,22287,22288,201
2026-02-04 12:33:00,22284,22284,22284,22284,159
2026-02-04 12:34:00,22290,22290,22290,22290,137
2026-02-04 12:35:00,22292,22292,22292,22292,200
2026-02-04 12:36:00,22295,22295,22295,22295,14
2026-02-04 12:37:00,22300,22301,22299,22300,136
2026-02-04 12:38:00,22302,22302,22301,22302,17
2026-02-04 12:39:00,22301,22301,22300,22300,59
2026-02-04 12:40:00,22303,22306,22298,22303,202
2026-02-04 12:41:00,22304,22305,22304,22305,82
2026-02-04 12:42:00,22305,22306,22305,22305,46
2026-02-04 12:43:00,22307,22309,22307,22308,81
2026-02-04 12:44:00,22305,22305,22301,22305,192
2026-02-04 12:45:00,22310,22310,22309,22309,59
2026-02-04 12:46:00,22313,22314,22313,22313,217
2026-02-04 12:47:00,22312,22313,22312,22313,159
2026-02-04 12:48:00,22315,22316,22315,22315,170
2026-02-04 12:49:00,22324,22326,22323,22324,213
2026-02-04 12:50:00,22325,22327,22325,22326,158
2026-02-04 12:51:00,22325,22326,22324,22324,303
2026-02-04 12:52:00,22321,22326,22318,22320,125
2026-02-04 12:53:00,22320,22322,22320,22321,248
2026-02-04 12:54:00,22325,22325,22325,22325,71
2026-02-04 12:55:00,22324,22326,22322,22324,185
2026-02-04 12:56:00,22325,22325,22324,22325,87
2026-02-04 12:57:00,22322,22322,22321,22322,50
2026-02-04 12:58:00,22323,22323,22321,22322,84
2026-02-04 12:59:00,22322,22322,22321,22322,139
2026-02-04 13:00:00,22324,22324,22324,22324,80
2026-02-04 13:01:00,22324,22326,22320,22325,185
2026-02-04 13:02:00,22327,22327,22327,22327,98
2026-02-04 13:03:00,22324,22325,22322,22323,273
2026-02-04 13:04:00,22324,22324,22321,22322,61
2026-02-04 13:05:00,22325,22325,22324,22325,185
2026-02-04 13:06:00,22325,22326,22325,22325,193
2026-02-04 13:07:00,22328,22329,22327,22328,203
2026-02-04 13:08:00,22326,22327,22325,22326,34
2026-02-04 13:09:00,22332,22334,22332,22333,97
2026-02-04 13:10:00,22341,22346,22338,22339,127
2026-02-04 13:11:00,22342,22345,22340,22342,158
2026-02-04 13:12:00,22342,22342,22341,22342,221
2026-02-04 13:13:00,22345,22346,22345,22345,161
2026-02-04 13:14:00,22344,22344,22343,22344,42
2026-02-04 13:15:00,22344,22344,22344,22344,160
2026-02-04 13:16:00,22342,22345,22338,22341,99
2026-02-04 13:17:00,22350,22352,22347,22348,125
2026-02-04 13:18:00,22351,22354,22347,22352,148
2026-02-04 13:19:00,22349,22358,22349,22352,205
2026-02-04 13:20:00,22349,22350,22349,22349,183
2026-02-04 13:21:00,22354,22354,22353,22354,369
2026-02-04 13:22:00,22351,22351,22350,22351,165
2026-02-04 13:23:00,22354,22354,22350,22352,86
2026-02-04 13:24:00,22354,22354,22354,22354,75
2026-02-04 13:25:00,22348,22350,22348,22348,189
2026-02-04 13:26:00,22349,22350,22349,22350,448
2026-02-04 13:27:00,22345,22345,22343,22343,262
2026-02-04 13:28:00,22358,22360,22358,22360,90
2026-02-04 13:29:00,22370,22370,22353,22362,127
2026-02-04 13:30:00,22360,22362,22360,22360,392
2026-02-04 13:31:00,22353,22354,22353,22353,244
2026-02-04 13:32:00,22359,22359,22350,22352,543
2026-02-04 13:33:00,22356,22360,22356,22357,177
2026-02-04 13:34:00,22355,22357,22355,22355,370
2026-02-04 13:35:00,22357,22361,22357,22358,187
2026-02-04 13:36:00,22353,22354,22347,22349,64
2026-02-04 13:37:00,22349,22349,22349,22349,247
2026-02-04 13:38:00,22353,22355,22351,22354,165
2026-02-04 13:39:00,22343,22345,22341,22343,295
2026-02-04 13:40:00,22349,22350,22347,22348,594
2026-02-04 13:41:00,22350,22350,22349,22349,355
2026-02-04 13:42:00,22343,22343,22343,22343,464
2026-02-04 13:43:00,22335,22338,22334,22336,210
2026-02-04 13:44:00,22333,22334,22332,22333,1
2026-02-05 08:45:00,22380,22381,22380,22380,144
2026-02-05 08:46:00,22374,22381,22373,22374,314
2026-02-05 08:47:00,22382,22383,22378,22381,257
2026-02-05 08:48:00,22382,22387,22382,22383,342
2026-02-05 08:49:00,22387,22388,22385,22387,480
2026-02-05 08:50:00,22387,22388,22383,22388,216
2026-02-05 08:51:00,22395,22396,22395,22396,107
2026-02-05 08:52:00,22396,22400,22393,22395,525
2026-02-05 08:53:00,22395,22395,22395,22395,495
2026-02-05 08:54:00,22398,22406,22397,22400,181
2026-02-05 08:55:00,22405,22405,22405,22405,535
2026-02-05 08:56:00,22402,22403,22401,22402,117
2026-02-05 08:57:00,22399,22416,22399,22407,322
2026-02-05 08:58:00,22414,22414,22409,22412,61
2026-02-05 08:59:00,22423,22427,22421,22422,247
2026-02-05 09:00:00,22426,22427,22425,22426,44
2026-02-05 09:01:00,22429,22429,22429,22429,210
2026-02-05 09:02:00,22437,22437,22435,22436,341
2026-02-05 09:03:00,22427,22427,22427,22427,25
2026-02-05 09:04:00,22426,22430,22424,22425,37
2026-02-05 09:05:00,22432,22436,22430,22434,210
2026-02-05 09:06:00,22432,22433,22430,22433,219
2026-02-05 09:07:00,22428,22431,22423,22427,364
2026-02-05 09:08:00,22433,22433,22433,22433,119
2026-02-05 09:09:00,22438,22439,22435,22438,52
2026-02-05 09:10:00,22441,22441,22440,22441,117
2026-02-05 09:11:00,22440,22440,22440,22440,205
2026-02-05 09:12:00,22442,22443,22442,22442,344
2026-02-05 09:13:00,22437,22440,22437,22439,1
2026-02-05 09:14:00,22437,22438,22437,22438,133
2026-02-05 09:15:00,22437,22438,22432,22434,14
2026-02-05 09:16:00,22434,22438,22434,22435,281
2026-02-05 09:17:00,22434,22434,22434,22434,183
2026-02-05 09:18:00,22431,22439,22431,22434,33
2026-02-05 09:19:00,22435,22435,22431,22433,291
2026-02-05 09:20:00,22431,22431,22431,22431,226
2026-02-05 09:21:00,22432,22432,22425,22430,11
2026-02-05 09:22:00,22428,22428,22428,22428,29
2026-02-05 09:23:00,22427,22427,22427,22427,274
2026-02-05 09:24:00,22428,22430,22427,22428,196
2026-02-05 09:25:00,22432,22436,22430,22433,1
2026-02-05 09:26:00,22433,22433,22429,22432,4
2026-02-05 09:27:00,22430,22430,22427,22428,164
2026-02-05 09:28:00,22429,22429,22429,22429,134
2026-02-05 09:29:00,22427,22428,22427,22427,71
2026-02-05 09:30:00,22431,22432,22431,22431,88
2026-02-05 09:31:00,22427,22429,22426,22428,48
2026-02-05 09:32:00,22428,22430,22422,22429,167
2026-02-05 09:33:00,22427,22432,22427,22429,139
2026-02-05 09:34:00,22429,22431,22429,22430,337
2026-02-05 09:35:00,22430,22433,22430,22430,238
2026-02-05 09:36:00,22434,22434,22434,22434,1
2026-02-05 09:37:00,22437,22437,22437,22437,91
2026-02-05 09:38:00,22439,22441,22438,22439,105
2026-02-05 09:39:00,22443,22445,22442,22442,214
2026-02-05 09:40:00,22449,22449,22437,22443,173
2026-02-05 09:41:00,22439,22443,22439,22440,144
2026-02-05 09:42:00,22442,22443,22441,22441,328
2026-02-05 09:43:00,22438,22438,22437,22437,211
2026-02-05 09:44:00,22442,22445,22437,22442,191
2026-02-05 09:45:00,22439,22440,22438,22439,158
2026-02-05 09:46:00,22441,22443,22439,22440,105
2026-02-05 09:47:00,22436,22436,22434,22436,149
2026-02-05 09:48:00,22435,22436,22431,22434,193
2026-02-05 09:49:00,22431,22432,22430,22432,93
2026-02-05 09:50:00,22432,22432,22427,22430,125
2026-02-05 09:51:00,22426,22436,22422,22427,283
2026-02-05 09:52:00,22432,22436,22431,22434,98
2026-02-05 09:53:00,22436,22436,22435,22435,94
2026-02-05 09:54:00,22440,22440,22439,22439,135
2026-02-05 09:55:00,22446,22446,22446,22446,100
2026-02-05 09:56:00,22442,22448,22438,22445,87
2026-02-05 09:57:00,22443,22444,22443,22443,154
2026-02-05 09:58:00,22443,22444,22443,22444,128
2026-02-05 09:59:00,22437,22437,22437,22437,58
2026-02-05 10:00:00,22434,22436,22428,22433,282
2026-02-05 10:01:00,22430,22432,22430,22431,260
2026-02-05 10:02:00,22440,22440,22439,22439,197
2026-02-05 10:03:00,22441,22441,22440,22441,50
2026-02-05 10:04:00,22440,22440,22436,22438,145
2026-02-05 10:05:00,22435,22438,22429,22435,81
2026-02-05 10:06:00,22444,22445,22442,22444,57
2026-02-05 10:07:00,22447,22448,22446,22447,201
2026-02-05 10:08:00,22449,22449,22449,22449,207
2026-02-05 10:09:00,22445,22445,22444,22445,112
2026-02-05 10:10:00,22445,22445,22444,22445,92
2026-02-05 10:11:00,22448,22449,22448,22448,220
2026-02-05 10:12:00,22444,22444,22444,22444,192
2026-02-05 10:13:00,22450,22452,22448,22448,152
2026-02-05 10:14:00,22446,22447,22445,22446,41
2026-02-05 10:15:00,22450,22450,22445,22448,136
2026-02-05 10:16:00,22445,22446,22445,22445,9
2026-02-05 10:17:00,22445,22445,22445,22445,206
2026-02-05 10:18:00,22439,22440,22439,22439,325
2026-02-05 10:19:00,22436,22444,22436,22439,208
2026-02-05 10:20:00,22437,22437,22437,22437,14
2026-02-05 10:21:00,22435,22439,22433,22433,164
2026-02-05 10:22:00,22430,22430,22426,22427,241
2026-02-05 10:23:00,22438,22438,22438,22438,123
2026-02-05 10:24:00,22434,22437,22431,22434,270
2026-02-05 10:25:00,22434,22434,22431,22433,45
2026-02-05 10:26:00,22437,22437,22434,22435,241
2026-02-05 10:27:00,22433,22433,22432,22433,231
2026-02-05 10:28:00,22433,22434,22430,22432,258
2026-02-05 10:29:00,22433,22433,22433,22433,268
2026-02-05 10:30:00,22432,22433,22431,22432,1
2026-02-05 10:31:00,22433,22437,22430,22434,178
2026-02-05 10:32:00,22430,22432,22426,22430,93
2026-02-05 10:33:00,22429,22429,22429,22429,292
2026-02-05 10:34:00,22427,22427,22426,22427,149
2026-02-05 10:35:00,22429,22432,22429,22429,16
2026-02-05 10:36:00,22429,22429,22428,22429,130
2026-02-05 10:37:00,22429,22431,22429,22429,158
2026-02-05 10:38:00,22428,22428,22428,22428,98
2026-02-05 10:39:00,22430,22430,22428,22429,209
2026-02-05 10:40:00,22431,22432,22431,22432,79
2026-02-05 10:41:00,22435,22440,22433,22436,178
2026-02-05 10:42:00,22439,22442,22438,22439,2
2026-02-05 10:43:00,22434,22435,22434,22434,305
2026-02-05 10:44:00,22432,22434,22431,22431,75
2026-02-05 10:45:00,22427,22428,22425,22427,112
2026-02-05 10:46:00,22425,22427,22424,22427,172
2026-02-05 10:47:00,22432,22432,22432,22432,210
2026-02-05 10:48:00,22435,22436,22433,22435,315
2026-02-05 10:49:00,22429,22431,22429,22430,111
2026-02-05 10:50:00,22434,22434,22434,22434,223
2026-02-05 10:51:00,22434,22434,22432,22433,273
2026-02-05 10:52:00,22439,22440,22439,22439,183
2026-02-05 10:53:00,22434,22435,22434,22435,148
2026-02-05 10:54:00,22433,22434,22433,22433,137
2026-02-05 10:55:00,22432,22434,22431,22432,162
2026-02-05 10:56:00,22434,22435,22434,22435,92
2026-02-05 10:57:00,22431,22431,22429,22431,207
2026-02-05 10:58:00,22430,22431,22430,22430,73
2026-02-05 10:59:00,22432,22433,22431,22431,63
2026-02-05 11:00:00,22429,22432,22429,22430,148
2026-02-05 11:01:00,22428,22428,22427,22428,72
2026-02-05 11:02:00,22429,22430,22426,22429,178
2026-02-05 11:03:00,22429,22429,22427,22429,168
2026-02-05 11:04:00,22431,22431,22428,22429,189
2026-02-05 11:05:00,22431,22431,22431,22431,192
2026-02-05 11:06:00,22435,22436,22434,22435,170
2026-02-05 11:07:00,22432,22432,22432,22432,64
2026-02-05 11:08:00,22432,22432,22426,22432,252
2026-02-05 11:09:00,22431,22432,22430,22431,228
2026-02-05 11:10:00,22436,22437,22436,22437,158
2026-02-05 11:11:00,22437,22437,22437,22437,13
2026-02-05 11:12:00,22445,22446,22445,22445,225
2026-02-05 11:13:00,22446,22450,22441,22447,195
2026-02-05 11:14:00,22443,22443,22442,22442,18
2026-02-05 11:15:00,22437,22439,22436,22438,232
2026-02-05 11:16:00,22440,22442,22438,22440,98
2026-02-05 11:17:00,22438,22438,22438,22438,239
2026-02-05 11:18:00,22434,22434,22434,22434,108
2026-02-05 11:19:00,22436,22438,22433,22436,170
2026-02-05 11:20:00,22439,22440,22439,22440,106
2026-02-05 11:21:00,22437,22437,22437,22437,243
2026-02-05 11:22:00,22443,22443,22441,22442,178
2026-02-05 11:23:00,22440,22440,22439,22440,215
2026-02-05 11:24:00,22439,22440,22439,22439,104
2026-02-05 11:25:00,22435,22438,22435,22437,5
2026-02-05 11:26:00,22438,22438,22437,22437,160
2026-02-05 11:27:00,22438,22438,22434,22435,44
2026-02-05 11:28:00,22438,22438,22435,22436,167
2026-02-05 11:29:00,22432,22432,22431,22432,302
2026-02-05 11:30:00,22433,22435,22426,22432,26
2026-02-05 11:31:00,22434,22434,22433,22434,175
2026-02-05 11:32:00,22434,22434,22434,22434,28
2026-02-05 11:33:00,22433,22433,22433,22433,226
2026-02-05 11:34:00,22432,22432,22432,22432,29
2026-02-05 11:35:00,22431,22431,22431,22431,185
2026-02-05 11:36:00,22431,22436,22428,22432,159
2026-02-05 11:37:00,22429,22430,22428,22429,122
2026-02-05 11:38:00,22431,22432,22429,22431,144
2026-02-05 11:39:00,22434,22434,22430,22430,73
2026-02-05 11:40:00,22428,22428,22426,22427,116
2026-02-05 11:41:00,22425,22425,22425,22425,210
2026-02-05 11:42:00,22428,22428,22428,22428,16
2026-02-05 11:43:00,22433,22433,22431,22432,100
2026-02-05 11:44:00,22437,22438,22434,22437,37
2026-02-05 11:45:00,22438,22439,22438,22438,112
2026-02-05 11:46:00,22439,22444,22439,22440,152
2026-02-05 11:47:00,22439,22441,22438,22439,71
2026-02-05 11:48:00,22443,22447,22442,22444,139
2026-02-05 11:49:00,22451,22451,22450,22451,181
2026-02-05 11:50:00,22452,22453,22450,22452,199
2026-02-05 11:51:00,22448,22451,22447,22450,88
2026-02-05 11:52:00,22450,22451,22450,22450,41
2026-02-05 11:53:00,22457,22457,22447,22454,239
2026-02-05 11:54:00,22459,22459,22458,22459,129
2026-02-05 11:55:00,22455,22462,22455,22458,153
2026-02-05 11:56:00,22461,22467,22450,22461,71
2026-02-05 11:57:00,22467,22467,22466,22467,211
2026-02-05 11:58:00,22470,22472,22468,22469,194
2026-02-05 11:59:00,22469,22475,22469,22470,165
2026-02-05 12:00:00,22467,22469,22467,22468,85
2026-02-05 12:01:00,22463,22470,22463,22466,20
2026-02-05 12:02:00,22476,22478,22474,22476,64
2026-02-05 12:03:00,22472,22475,22464,22471,112
2026-02-05 12:04:00,22470,22470,22470,22470,184
2026-02-05 12:05:00,22466,22466,22465,22466,215
2026-02-05 12:06:00,22473,22474,22473,22474,46
2026-02-05 12:07:00,22475,22476,22475,22475,101
2026-02-05 12:08:00,22477,22477,22476,22476,218
2026-02-05 12:09:00,22478,22478,22477,22478,208
2026-02-05 12:10:00,22473,22478,22472,22475,46
2026-02-05 12:11:00,22477,22477,22474,22477,154
2026-02-05 12:12:00,22473,22474,22473,22474,66
2026-02-05 12:13:00,22466,22471,22466,22468,81
2026-02-05 12:14:00,22471,22472,22470,22471,1
2026-02-05 12:15:00,22469,22469,22468,22468,1
2026-02-05 12:16:00,22466,22471,22466,22466,170
2026-02-05 12:17:00,22470,22473,22470,22471,224
2026-02-05 12:18:00,22474,22474,22473,22473,134
2026-02-05 12:19:00,22470,22474,22469,22471,172
2026-02-05 12:20:00,22472,22473,22471,22472,135
2026-02-05 12:21:00,22478,22479,22477,22478,13
2026-02-05 12:22:00,22479,22481,22477,22480,116
2026-02-05 12:23:00,22484,22484,22484,22484,201
2026-02-05 12:24:00,22486,22488,22485,22486,204
2026-02-05 12:25:00,22481,22481,22476,22480,114
2026-02-05 12:26:00,22484,22484,22483,22483,204
2026-02-05 12:27:00,22480,22481,22480,22480,164
2026-02-05 12:28:00,22479,22481,22478,22480,326
2026-02-05 12:29:00,22484,22487,22481,22483,142
2026-02-05 12:30:00,22489,22492,22483,22489,234
2026-02-05 12:31:00,22494,22496,22494,22494,182
2026-02-05 12:32:00,22497,22498,22496,22497,57
2026-02-05 12:33:00,22503,22503,22503,22503,222
2026-02-05 12:34:00,22494,22497,22494,22495,98
2026-02-05 12:35:00,22487,22493,22486,22488,110
2026-02-05 12:36:00,22494,22494,22494,22494,23
2026-02-05 12:37:00,22495,22499,22495,22496,29
2026-02-05 12:38:00,22505,22505,22501,22504,1
2026-02-05 12:39:00,22507,22508,22507,22508,216
2026-02-05 12:40:00,22505,22509,22503,22505,157
2026-02-05 12:41:00,22509,22509,22507,22509,100
2026-02-05 12:42:00,22508,22510,22508,22508,84
2026-02-05 12:43:00,22507,22508,22507,22508,306
2026-02-05 12:44:00,22504,22507,22501,22504,94
2026-02-05 12:45:00,22503,22504,22502,22503,199
2026-02-05 12:46:00,22502,22502,22502,22502,212
2026-02-05 12:47:00,22500,22500,22499,22499,204
2026-02-05 12:48:00,22501,22507,22497,22502,171
2026-02-05 12:49:00,22496,22502,22496,22497,51
2026-02-05 12:50:00,22496,22502,22495,22497,206
2026-02-05 12:51:00,22501,22501,22500,22500,168
2026-02-05 12:52:00,22502,22502,22502,22502,98
2026-02-05 12:53:00,22507,22507,22507,22507,323
2026-02-05 12:54:00,22508,22510,22508,22509,174
2026-02-05 12:55:00,22509,22509,22508,22509,303
2026-02-05 12:56:00,22508,22509,22508,22509,105
2026-02-05 12:57:00,22504,22504,22504,22504,248
2026-02-05 12:58:00,22503,22503,22502,22503,193
2026-02-05 12:59:00,22509,22510,22506,22507,211
2026-02-05 13:00:00,22506,22508,22506,22507,1
2026-02-05 13:01:00,22502,22503,22499,22500,178
2026-02-05 13:02:00,22507,22510,22504,22507,243
2026-02-05 13:03:00,22507,22507,22506,22507,215
2026-02-05 13:04:00,22504,22504,22504,22504,179
2026-02-05 13:05:00,22504,22510,22503,22504,229
2026-02-05 13:06:00,22501,22503,22500,22500,172
2026-02-05 13:07:00,22498,22498,22497,22498,182
2026-02-05 13:08:00,22497,22497,22492,22496,188
2026-02-05 13:09:00,22497,22502,22496,22497,7
2026-02-05 13:10:00,22495,22496,22495,22495,210
2026-02-05 13:11:00,22493,22498,22487,22495,178
2026-02-05 13:12:00,22501,22503,22501,22503,271
2026-02-05 13:13:00,22499,22499,22497,22497,133
2026-02-05 13:14:00,22511,22511,22510,22511,3
2026-02-05 13:15:00,22507,22507,22504,22506,208
2026-02-05 13:16:00,22502,22502,22499,22502,148
2026-02-05 13:17:00,22505,22512,22505,22508,209
2026-02-05 13:18:00,22507,22507,22506,22507,166
2026-02-05 13:19:00,22503,22507,22503,22504,237
2026-02-05 13:20:00,22500,22502,22499,22501,261
2026-02-05 13:21:00,22500,22501,22500,22500,275
2026-02-05 13:22:00,22500,22500,22500,22500,28
2026-02-05 13:23:00,22500,22500,22500,22500,153
2026-02-05 13:24:00,22501,22503,22500,22502,91
2026-02-05 13:25:00,22503,22503,22503,22503,80
2026-02-05 13:26:00,22499,22500,22495,22499,457
2026-02-05 13:27:00,22505,22505,22503,22505,391
2026-02-05 13:28:00,22504,22505,22501,22504,295
2026-02-05 13:29:00,22514,22517,22508,22514,108
2026-02-05 13:30:00,22514,22521,22511,22515,50
2026-02-05 13:31:00,22510,22512,22509,22510,361
2026-02-05 13:32:00,22525,22526,22523,22524,277
2026-02-05 13:33:00,22520,22523,22520,22521,510
2026-02-05 13:34:00,22510,22523,22507,22512,335
2026-02-05 13:35:00,22518,22520,22512,22517,223
2026-02-05 13:36:00,22513,22515,22511,22513,310
2026-02-05 13:37:00,22530,22530,22530,22530,1
2026-02-05 13:38:00,22533,22536,22533,22536,188
2026-02-05 13:39:00,22541,22543,22539,22539,435
2026-02-05 13:40:00,22542,22555,22540,22540,314
2026-02-05 13:41:00,22538,22538,22532,22537,552
2026-02-05 13:42:00,22546,22546,22541,22543,1
2026-02-05 13:43:00,22553,22553,22548,22550,318
2026-02-05 13:44:00,22546,22546,22546,22546,208
2026-02-06 08:45:00,22550,22554,22549,22552,252
2026-02-06 08:46:00,22554,22555,22551,22554,463
2026-02-06 08:47:00,22558,22562,22556,22559,177
2026-02-06 08:48:00,22556,22556,22555,22555,51
2026-02-06 08:49:00,22563,22570,22558,22560,265
2026-02-06 08:50:00,22555,22556,22553,22556,162
2026-02-06 08:51:00,22553,22553,22549,22552,263
2026-02-06 08:52:00,22549,22550,22549,22549,130
2026-02-06 08:53:00,22541,22542,22541,22542,218
2026-02-06 08:54:00,22537,22538,22531,22535,204
2026-02-06 08:55:00,22537,22544,22536,22537,320
2026-02-06 08:56:00,22530,22532,22530,22531,141
2026-02-06 08:57:00,22527,22531,22526,22528,339
2026-02-06 08:58:00,22519,22519,22519,22519,332
2026-02-06 08:59:00,22511,22513,22503,22511,119
2026-02-06 09:00:00,22509,22509,22508,22509,73
2026-02-06 09:01:00,22500,22501,22500,22500,239
2026-02-06 09:02:00,22495,22495,22494,22495,259
2026-02-06 09:03:00,22501,22503,22493,22502,93
2026-02-06 09:04:00,22496,22499,22496,22496,132
2026-02-06 09:05:00,22497,22500,22497,22499,109
2026-02-06 09:06:00,22501,22502,22499,22501,144
2026-02-06 09:07:00,22495,22498,22490,22495,10
2026-02-06 09:08:00,22487,22487,22483,22486,208
2026-02-06 09:09:00,22490,22490,22485,22488,219
2026-02-06 09:10:00,22496,22496,22482,22493,102
2026-02-06 09:11:00,22499,22501,22499,22499,1
2026-02-06 09:12:00,22506,22507,22505,22507,239
2026-02-06 09:13:00,22508,22510,22506,22507,300
2026-02-06 09:14:00,22506,22507,22498,22504,198
2026-02-06 09:15:00,22500,22500,22500,22500,130
2026-02-06 09:16:00,22490,22494,22490,22493,1
2026-02-06 09:17:00,22489,22490,22487,22490,141
2026-02-06 09:18:00,22496,22497,22496,22496,51
2026-02-06 09:19:00,22495,22500,22492,22494,246
2026-02-06 09:20:00,22496,22496,22496,22496,171
2026-02-06 09:21:00,22492,22493,22492,22493,169
2026-02-06 09:22:00,22488,22489,22485,22487,70
2026-02-06 09:23:00,22490,22492,22490,22490,255
2026-02-06 09:24:00,22488,22490,22486,22487,151
2026-02-06 09:25:00,22491,22491,22488,22490,93
2026-02-06 09:26:00,22496,22502,22495,22498,88
2026-02-06 09:27:00,22496,22497,22495,22496,136
2026-02-06 09:28:00,22499,22499,22497,22499,207
2026-02-06 09:29:00,22506,22507,22506,22506,24
2026-02-06 09:30:00,22501,22501,22500,22501,115
2026-02-06 09:31:00,22509,22511,22507,22510,289
2026-02-06 09:32:00,22505,22505,22503,22504,231
2026-02-06 09:33:00,22509,22509,22507,22508,106
2026-02-06 09:34:00,22510,22511,22509,22510,84
2026-02-06 09:35:00,22506,22508,22506,22508,339
2026-02-06 09:36:00,22512,22512,22509,22510,108
2026-02-06 09:37:00,22513,22513,22510,22512,118
2026-02-06 09:38:00,22510,22510,22510,22510,147
2026-02-06 09:39:00,22507,22507,22507,22507,61
2026-02-06 09:40:00,22505,22506,22505,22505,86
2026-02-06 09:41:00,22503,22503,22502,22502,120
2026-02-06 09:42:00,22502,22506,22500,22502,177
2026-02-06 09:43:00,22498,22500,22496,22498,144
2026-02-06 09:44:00,22502,22502,22501,22501,85
2026-02-06 09:45:00,22498,22504,22498,22499,121
2026-02-06 09:46:00,22497,22497,22494,22495,190
2026-02-06 09:47:00,22492,22493,22492,22493,181
2026-02-06 09:48:00,22488,22491,22488,22490,134
2026-02-06 09:49:00,22489,22491,22480,22490,123
2026-02-06 09:50:00,22483,22486,22481,22484,109
2026-02-06 09:51:00,22481,22482,22479,22480,175
2026-02-06 09:52:00,22483,22483,22481,22483,130
2026-02-06 09:53:00,22484,22487,22484,22486,165
2026-02-06 09:54:00,22485,22486,22485,22485,61
2026-02-06 09:55:00,22485,22485,22484,22485,106
2026-02-06 09:56:00,22491,22491,22491,22491,246
2026-02-06 09:57:00,22487,22491,22487,22488,77
2026-02-06 09:58:00,22485,22485,22482,22484,77
2026-02-06 09:59:00,22492,22492,22490,22491,75
2026-02-06 10:00:00,22487,22487,22486,22487,58
2026-02-06 10:01:00,22487,22488,22485,22487,127
2026-02-06 10:02:00,22481,22481,22481,22481,266
2026-02-06 10:03:00,22479,22479,22479,22479,1
2026-02-06 10:04:00,22481,22482,22481,22481,1
2026-02-06 10:05:00,22483,22483,22483,22483,199
2026-02-06 10:06:00,22479,22479,22478,22478,57
2026-02-06 10:07:00,22480,22480,22479,22479,139
2026-02-06 10:08:00,22475,22477,22474,22475,176
2026-02-06 10:09:00,22480,22484,22474,22480,141
2026-02-06 10:10:00,22480,22482,22480,22481,42
2026-02-06 10:11:00,22481,22482,22480,22481,111
2026-02-06 10:12:00,22482,22484,22480,22482,188
2026-02-06 10:13:00,22483,22484,22483,22484,93
2026-02-06 10:14:00,22482,22482,22481,22481,236
2026-02-06 10:15:00,22481,22481,22481,22481,4
2026-02-06 10:16:00,22482,22482,22481,22481,126
2026-02-06 10:17:00,22480,22480,22476,22477,54
2026-02-06 10:18:00,22483,22483,22480,22481,175
2026-02-06 10:19:00,22482,22484,22482,22482,255
2026-02-06 10:20:00,22485,22487,22485,22486,247
2026-02-06 10:21:00,22487,22487,22486,22487,291
2026-02-06 10:22:00,22492,22494,22489,22491,158
2026-02-06 10:23:00,22496,22496,22494,22495,117
2026-02-06 10:24:00,22501,22511,22490,22497,89
2026-02-06 10:25:00,22501,22502,22500,22501,88
2026-02-06 10:26:00,22499,22500,22499,22500,152
2026-02-06 10:27:00,22494,22495,22493,22495,115
2026-02-06 10:28:00,22499,22500,22497,22499,211
2026-02-06 10:29:00,22498,22499,22496,22497,296
2026-02-06 10:30:00,22492,22493,22491,22492,267
2026-02-06 10:31:00,22490,22495,22490,22491,75
2026-02-06 10:32:00,22496,22496,22493,22495,1
2026-02-06 10:33:00,22493,22499,22493,22494,131
2026-02-06 10:34:00,22487,22489,22487,22488,14
2026-02-06 10:35:00,22489,22493,22482,22487,55
2026-02-06 10:36:00,22480,22480,22479,22480,129
2026-02-06 10:37:00,22480,22487,22476,22481,11
2026-02-06 10:38:00,22479,22480,22479,22480,283
2026-02-06 10:39:00,22478,22479,22478,22479,111
2026-02-06 10:40:00,22483,22484,22479,22480,178
2026-02-06 10:41:00,22481,22482,22481,22481,119
2026-02-06 10:42:00,22483,22484,22482,22483,183
2026-02-06 10:43:00,22486,22487,22484,22485,1
2026-02-06 10:44:00,22489,22489,22486,22488,132
2026-02-06 10:45:00,22492,22493,22492,22492,255
2026-02-06 10:46:00,22495,22495,22495,22495,191
2026-02-06 10:47:00,22496,22496,22496,22496,1
2026-02-06 10:48:00,22495,22496,22495,22496,1
2026-02-06 10:49:00,22491,22492,22490,22491,162
2026-02-06 10:50:00,22487,22488,22487,22487,138
2026-02-06 10:51:00,22486,22492,22485,22486,1
2026-02-06 10:52:00,22485,22485,22484,22484,172
2026-02-06 10:53:00,22482,22483,22481,22482,69
2026-02-06 10:54:00,22477,22477,22477,22477,169
2026-02-06 10:55:00,22478,22478,22477,22477,16
2026-02-06 10:56:00,22482,22483,22481,22482,150
2026-02-06 10:57:00,22477,22477,22477,22477,120
2026-02-06 10:58:00,22473,22473,22472,22473,115
2026-02-06 10:59:00,22472,22474,22470,22472,214
2026-02-06 11:00:00,22473,22473,22472,22472,97
2026-02-06 11:01:00,22469,22474,22467,22470,199
2026-02-06 11:02:00,22468,22472,22468,22470,73
2026-02-06 11:03:00,22470,22470,22470,22470,165
2026-02-06 11:04:00,22476,22476,22475,22476,104
2026-02-06 11:05:00,22472,22472,22468,22471,134
2026-02-06 11:06:00,22473,22476,22472,22472,123
2026-02-06 11:07:00,22470,22470,22469,22469,162
2026-02-06 11:08:00,22468,22469,22467,22468,36
2026-02-06 11:09:00,22468,22469,22467,22468,206
2026-02-06 11:10:00,22461,22462,22457,22461,133
2026-02-06 11:11:00,22458,22460,22457,22459,136
2026-02-06 11:12:00,22461,22463,22460,22461,72
2026-02-06 11:13:00,22463,22464,22463,22463,155
2026-02-06 11:14:00,22467,22467,22467,22467,1
2026-02-06 11:15:00,22469,22469,22468,22469,60
2026-02-06 11:16:00,22475,22481,22475,22477,48
2026-02-06 11:17:00,22472,22473,22470,22471,156
2026-02-06 11:18:00,22472,22475,22472,22474,82
2026-02-06 11:19:00,22479,22479,22474,22479,162
2026-02-06 11:20:00,22476,22476,22475,22476,210
2026-02-06 11:21:00,22473,22475,22469,22473,30
2026-02-06 11:22:00,22478,22478,22477,22478,247
2026-02-06 11:23:00,22471,22473,22469,22472,115
2026-02-06 11:24:00,22473,22474,22471,22473,119
2026-02-06 11:25:00,22476,22477,22475,22476,8
2026-02-06 11:26:00,22475,22477,22475,22476,49
2026-02-06 11:27:00,22482,22485,22481,22483,144
2026-02-06 11:28:00,22489,22489,22485,22488,72
2026-02-06 11:29:00,22491,22496,22486,22491,103
2026-02-06 11:30:00,22493,22494,22492,22493,159
2026-02-06 11:31:00,22488,22490,22487,22489,152
2026-02-06 11:32:00,22488,22489,22485,22487,100
2026-02-06 11:33:00,22487,22487,22487,22487,316
2026-02-06 11:34:00,22492,22492,22491,22491,104
2026-02-06 11:35:00,22492,22493,22492,22492,176
2026-02-06 11:36:00,22494,22495,22494,22494,218
2026-02-06 11:37:00,22499,22499,22497,22498,216
2026-02-06 11:38:00,22494,22497,22486,22492,146
2026-02-06 11:39:00,22494,22495,22494,22494,96
2026-02-06 11:40:00,22497,22501,22497,22498,90
2026-02-06 11:41:00,22497,22498,22497,22498,140
2026-02-06 11:42:00,22502,22503,22500,22502,129
2026-02-06 11:43:00,22502,22504,22502,22503,198
2026-02-06 11:44:00,22504,22504,22502,22503,52
2026-02-06 11:45:00,22511,22521,22507,22512,178
2026-02-06 11:46:00,22507,22514,22504,22508,74
2026-02-06 11:47:00,22509,22509,22509,22509,179
2026-02-06 11:48:00,22511,22513,22511,22512,319
2026-02-06 11:49:00,22507,22515,22500,22510,168
2026-02-06 11:50:00,22505,22506,22503,22505,234
2026-02-06 11:51:00,22503,22505,22501,22503,185
2026-02-06 11:52:00,22499,22499,22499,22499,110
2026-02-06 11:53:00,22496,22496,22496,22496,58
2026-02-06 11:54:00,22495,22495,22494,22495,81
2026-02-06 11:55:00,22494,22494,22493,22494,135
2026-02-06 11:56:00,22489,22489,22486,22489,178
2026-02-06 11:57:00,22489,22489,22488,22489,296
2026-02-06 11:58:00,22491,22492,22491,22492,141
2026-02-06 11:59:00,22485,22486,22485,22485,125
2026-02-06 12:00:00,22492,22493,22491,22492,157
2026-02-06 12:01:00,22489,22492,22489,22489,243
2026-02-06 12:02:00,22487,22489,22487,22488,37
2026-02-06 12:03:00,22486,22490,22485,22487,195
2026-02-06 12:04:00,22488,22488,22487,22487,81
2026-02-06 12:05:00,22491,22493,22491,22491,216
2026-02-06 12:06:00,22494,22497,22492,22494,95
2026-02-06 12:07:00,22491,22492,22491,22491,137
2026-02-06 12:08:00,22488,22489,22488,22488,213
2026-02-06 12:09:00,22488,22489,22488,22488,242
2026-02-06 12:10:00,22494,22501,22493,22495,131
2026-02-06 12:11:00,22496,22497,22495,22496,140
2026-02-06 12:12:00,22502,22502,22494,22499,98
2026-02-06 12:13:00,22504,22505,22501,22505,205
2026-02-06 12:14:00,22499,22499,22498,22499,50
2026-02-06 12:15:00,22498,22499,22498,22499,323
2026-02-06 12:16:00,22497,22497,22497,22497,172
2026-02-06 12:17:00,22494,22494,22493,22493,99
2026-02-06 12:18:00,22491,22494,22490,22491,226
2026-02-06 12:19:00,22491,22491,22488,22490,90
2026-02-06 12:20:00,22496,22499,22496,22497,27
2026-02-06 12:21:00,22494,22496,22494,22495,213
2026-02-06 12:22:00,22495,22504,22494,22497,139
2026-02-06 12:23:00,22497,22499,22494,22497,264
2026-02-06 12:24:00,22502,22505,22498,22502,193
2026-02-06 12:25:00,22504,22504,22504,22504,277
2026-02-06 12:26:00,22506,22506,22506,22506,252
2026-02-06 12:27:00,22503,22504,22503,22503,6
2026-02-06 12:28:00,22509,22510,22505,22505,100
2026-02-06 12:29:00,22509,22511,22508,22509,227
2026-02-06 12:30:00,22512,22515,22510,22512,129
2026-02-06 12:31:00,22518,22520,22517,22519,262
2026-02-06 12:32:00,22518,22518,22516,22518,183
2026-02-06 12:33:00,22511,22512,22511,22511,191
2026-02-06 12:34:00,22515,22517,22510,22515,140
2026-02-06 12:35:00,22515,22515,22515,22515,117
2026-02-06 12:36:00,22512,22513,22504,22510,108
2026-02-06 12:37:00,22506,22509,22506,22508,101
2026-02-06 12:38:00,22514,22516,22511,22513,74
2026-02-06 12:39:00,22515,22517,22513,22515,289
2026-02-06 12:40:00,22513,22513,22513,22513,162
2026-02-06 12:41:00,22517,22518,22516,22518,74
2026-02-06 12:42:00,22512,22513,22511,22511,125
2026-02-06 12:43:00,22508,22511,22508,22508,152
2026-02-06 12:44:00,22511,22511,22509,22509,138
2026-02-06 12:45:00,22508,22508,22507,22508,125
2026-02-06 12:46:00,22512,22512,22512,22512,169
2026-02-06 12:47:00,22510,22510,22510,22510,207
2026-02-06 12:48:00,22511,22511,22510,22511,100
2026-02-06 12:49:00,22511,22514,22511,22513,120
2026-02-06 12:50:00,22525,22526,22524,22525,62
2026-02-06 12:51:00,22518,22518,22518,22518,210
2026-02-06 12:52:00,22511,22512,22511,22511,53
2026-02-06 12:53:00,22509,22515,22509,22512,280
2026-02-06 12:54:00,22506,22509,22506,22507,329
2026-02-06 12:55:00,22504,22506,22504,22505,93
2026-02-06 12:56:00,22499,22499,22497,22498,97
2026-02-06 12:57:00,22500,22500,22498,22499,153
2026-02-06 12:58:00,22508,22508,22502,22506,72
2026-02-06 12:59:00,22499,22504,22499,22500,260
2026-02-06 13:00:00,22505,22505,22505,22505,189
2026-02-06 13:01:00,22506,22508,22506,22508,73
2026-02-06 13:02:00,22509,22510,22509,22509,1
2026-02-06 13:03:00,22513,22513,22512,22513,207
2026-02-06 13:04:00,22514,22515,22514,22514,75
2026-02-06 13:05:00,22513,22513,22510,22512,289
2026-02-06 13:06:00,22514,22516,22512,22514,68
2026-02-06 13:07:00,22512,22513,22512,22513,180
2026-02-06 13:08:00,22510,22512,22507,22510,108
2026-02-06 13:09:00,22507,22507,22505,22507,53
2026-02-06 13:10:00,22506,22509,22506,22508,264
2026-02-06 13:11:00,22507,22509,22506,22508,179
2026-02-06 13:12:00,22510,22510,22509,22510,131
2026-02-06 13:13:00,22505,22505,22502,22504,1
2026-02-06 13:14:00,22507,22507,22507,22507,103
2026-02-06 13:15:00,22505,22505,22503,22504,144
2026-02-06 13:16:00,22510,22512,22504,22508,82
2026-02-06 13:17:00,22510,22511,22509,22510,83
2026-02-06 13:18:00,22509,22513,22509,22511,168
2026-02-06 13:19:00,22514,22514,22513,22514,51
2026-02-06 13:20:00,22517,22518,22514,22516,232
2026-02-06 13:21:00,22515,22515,22515,22515,90
2026-02-06 13:22:00,22515,22516,22515,22515,258
2026-02-06 13:23:00,22520,22520,22519,22519,238
2026-02-06 13:24:00,22526,22527,22524,22525,180
2026-02-06 13:25:00,22522,22522,22521,22522,399
2026-02-06 13:26:00,22526,22527,22525,22526,341
2026-02-06 13:27:00,22537,22540,22534,22538,246
2026-02-06 13:28:00,22540,22541,22540,22540,25
2026-02-06 13:29:00,22539,22539,22538,22539,337
2026-02-06 13:30:00,22544,22554,22517,22543,242
2026-02-06 13:31:00,22556,22559,22528,22550,148
2026-02-06 13:32:00,22554,22554,22552,22553,159
2026-02-06 13:33:00,22548,22550,22548,22549,351
2026-02-06 13:34:00,22550,22550,22550,22550,104
2026-02-06 13:35:00,22557,22562,22554,22558,391
2026-02-06 13:36:00,22562,22562,22561,22561,321
2026-02-06 13:37:00,22558,22565,22556,22558,234
2026-02-06 13:38:00,22560,22560,22558,22559,87
2026-02-06 13:39:00,22559,22560,22559,22559,200
2026-02-06 13:40:00,22563,22563,22561,22562,20
2026-02-06 13:41:00,22559,22560,22558,22559,303
2026-02-06 13:42:00,22554,22555,22551,22554,252
2026-02-06 13:43:00,22550,22550,22549,22549,527
2026-02-06 13:44:00,22545,22554,22542,22545,182
2026-02-09 08:45:00,22512,22515,22502,22512,458
2026-02-09 08:46:00,22515,22515,22515,22515,1
2026-02-09 08:47:00,22506,22508,22501,22505,82
2026-02-09 08:48:00,22498,22511,22497,22504,93
2026-02-09 08:49:00,22502,22509,22501,22503,637
2026-02-09 08:50:00,22503,22506,22502,22504,263
2026-02-09 08:51:00,22514,22515,22508,22511,228
2026-02-09 08:52:00,22518,22522,22516,22520,334
2026-02-09 08:53:00,22525,22525,22525,22525,272
2026-02-09 08:54:00,22527,22534,22524,22528,524
2026-02-09 08:55:00,22524,22524,22524,22524,144
2026-02-09 08:56:00,22529,22532,22528,22528,375
2026-02-09 08:57:00,22537,22537,22536,22537,371
2026-02-09 08:58:00,22539,22547,22537,22546,112
2026-02-09 08:59:00,22545,22545,22545,22545,334
2026-02-09 09:00:00,22537,22547,22537,22545,1
2026-02-09 09:01:00,22553,22554,22553,22553,81
2026-02-09 09:02:00,22552,22553,22552,22553,212
2026-02-09 09:03:00,22552,22554,22552,22554,172
2026-02-09 09:04:00,22550,22553,22550,22551,257
2026-02-09 09:05:00,22550,22553,22550,22551,277
2026-02-09 09:06:00,22553,22556,22552,22554,185
2026-02-09 09:07:00,22554,22555,22554,22554,222
2026-02-09 09:08:00,22564,22565,22564,22564,82
2026-02-09 09:09:00,22571,22572,22570,22572,154
2026-02-09 09:10:00,22572,22573,22572,22573,186
2026-02-09 09:11:00,22578,22579,22575,22576,1
2026-02-09 09:12:00,22576,22576,22576,22576,435
2026-02-09 09:13:00,22578,22580,22576,22578,270
2026-02-09 09:14:00,22575,22577,22575,22575,104
2026-02-09 09:15:00,22578,22578,22578,22578,16
2026-02-09 09:16:00,22577,22581,22575,22577,81
2026-02-09 09:17:00,22577,22577,22573,22576,143
2026-02-09 09:18:00,22575,22575,22574,22574,98
2026-02-09 09:19:00,22577,22577,22577,22577,227
2026-02-09 09:20:00,22577,22577,22571,22576,274
2026-02-09 09:21:00,22574,22575,22573,22573,138
2026-02-09 09:22:00,22568,22570,22566,22568,160
2026-02-09 09:23:00,22565,22569,22564,22565,189
2026-02-09 09:24:00,22564,22574,22559,22566,182
2026-02-09 09:25:00,22564,22565,22564,22564,159
2026-02-09 09:26:00,22565,22566,22565,22565,49
2026-02-09 09:27:00,22559,22561,22558,22559,201
2026-02-09 09:28:00,22554,22555,22554,22555,360
2026-02-09 09:29:00,22552,22556,22552,22553,115
2026-02-09 09:30:00,22550,22551,22550,22551,129
2026-02-09 09:31:00,22554,22555,22554,22555,54
2026-02-09 09:32:00,22556,22556,22556,22556,158
2026-02-09 09:33:00,22563,22565,22560,22563,116
2026-02-09 09:34:00,22563,22564,22562,22563,207
2026-02-09 09:35:00,22563,22566,22560,22563,176
2026-02-09 09:36:00,22563,22563,22562,22563,106
2026-02-09 09:37:00,22568,22568,22564,22566,188
2026-02-09 09:38:00,22573,22575,22571,22573,157
2026-02-09 09:39:00,22575,22575,22574,22575,234
2026-02-09 09:40:00,22578,22579,22578,22578,239
2026-02-09 09:41:00,22576,22578,22575,22576,172
2026-02-09 09:42:00,22581,22581,22581,22581,182
2026-02-09 09:43:00,22581,22581,22578,22580,193
2026-02-09 09:44:00,22583,22583,22583,22583,189
2026-02-09 09:45:00,22580,22580,22579,22579,93
2026-02-09 09:46:00,22586,22586,22585,22585,207
2026-02-09 09:47:00,22584,22585,22584,22584,216
2026-02-09 09:48:00,22584,22588,22583,22585,200
2026-02-09 09:49:00,22588,22589,22587,22588,304
2026-02-09 09:50:00,22582,22582,22581,22582,251
2026-02-09 09:51:00,22583,22583,22581,22582,115
2026-02-09 09:52:00,22580,22583,22579,22582,142
2026-02-09 09:53:00,22583,22583,22583,22583,167
2026-02-09 09:54:00,22580,22580,22578,22580,186
2026-02-09 09:55:00,22579,22580,22575,22578,1
2026-02-09 09:56:00,22577,22579,22577,22578,118
2026-02-09 09:57:00,22577,22577,22576,22577,229
2026-02-09 09:58:00,22577,22579,22575,22577,133
2026-02-09 09:59:00,22579,22579,22579,22579,147
2026-02-09 10:00:00,22575,22578,22575,22576,158
2026-02-09 10:01:00,22578,22578,22571,22575,1
2026-02-09 10:02:00,22576,22578,22575,22577,114
2026-02-09 10:03:00,22575,22577,22575,22576,1
2026-02-09 10:04:00,22580,22580,22579,22580,210
2026-02-09 10:05:00,22583,22584,22583,22584,226
2026-02-09 10:06:00,22583,22584,22581,22583,129
2026-02-09 10:07:00,22584,22584,22584,22584,127
2026-02-09 10:08:00,22587,22587,22582,22584,113
2026-02-09 10:09:00,22585,22586,22584,22585,142
2026-02-09 10:10:00,22587,22588,22581,22587,83
2026-02-09 10:11:00,22585,22585,22585,22585,46
2026-02-09 10:12:00,22584,22584,22583,22584,201
2026-02-09 10:13:00,22585,22590,22584,22586,98
2026-02-09 10:14:00,22589,22590,22587,22589,135
2026-02-09 10:15:00,22596,22597,22596,22596,243
2026-02-09 10:16:00,22596,22597,22596,22596,138
2026-02-09 10:17:00,22589,22589,22584,22586,181
2026-02-09 10:18:00,22586,22586,22586,22586,1
2026-02-09 10:19:00,22583,22586,22583,22584,48
2026-02-09 10:20:00,22584,22585,22584,22584,49
2026-02-09 10:21:00,22583,22586,22582,22584,185
2026-02-09 10:22:00,22579,22579,22578,22579,102
2026-02-09 10:23:00,22577,22579,22577,22578,174
2026-02-09 10:24:00,22577,22577,22577,22577,49
2026-02-09 10:25:00,22583,22583,22581,22582,300
2026-02-09 10:26:00,22583,22583,22583,22583,192
2026-02-09 10:27:00,22582,22583,22582,22582,3
2026-02-09 10:28:00,22578,22578,22577,22578,42
2026-02-09 10:29:00,22574,22574,22573,22574,52
2026-02-09 10:30:00,22577,22580,22577,22578,58
2026-02-09 10:31:00,22580,22580,22567,22578,94
2026-02-09 10:32:00,22581,22581,22581,22581,222
2026-02-09 10:33:00,22581,22582,22580,22581,85
2026-02-09 10:34:00,22577,22584,22577,22578,133
2026-02-09 10:35:00,22580,22580,22580,22580,156
2026-02-09 10:36:00,22579,22581,22573,22579,140
2026-02-09 10:37:00,22580,22581,22578,22580,1
2026-02-09 10:38:00,22578,22582,22566,22577,347
2026-02-09 10:39:00,22574,22575,22570,22574,121
2026-02-09 10:40:00,22569,22575,22569,22571,186
2026-02-09 10:41:00,22573,22573,22573,22573,140
2026-02-09 10:42:00,22575,22575,22570,22574,134
2026-02-09 10:43:00,22572,22574,22572,22574,214
2026-02-09 10:44:00,22581,22581,22580,22581,138
2026-02-09 10:45:00,22582,22587,22572,22581,275
2026-02-09 10:46:00,22584,22585,22581,22582,154
2026-02-09 10:47:00,22581,22582,22581,22582,144
2026-02-09 10:48:00,22577,22577,22577,22577,118
2026-02-09 10:49:00,22580,22582,22579,22582,91
2026-02-09 10:50:00,22575,22575,22574,22575,256
2026-02-09 10:51:00,22573,22576,22572,22573,105
2026-02-09 10:52:00,22571,22574,22567,22570,119
2026-02-09 10:53:00,22566,22571,22565,22567,142
2026-02-09 10:54:00,22571,22572,22570,22572,113
2026-02-09 10:55:00,22573,22573,22572,22572,151
2026-02-09 10:56:00,22569,22571,22567,22568,108
2026-02-09 10:57:00,22566,22570,22566,22567,13
2026-02-09 10:58:00,22566,22567,22566,22566,76
2026-02-09 10:59:00,22566,22568,22564,22566,206
2026-02-09 11:00:00,22564,22569,22564,22567,268
2026-02-09 11:01:00,22567,22570,22565,22567,256
2026-02-09 11:02:00,22567,22567,22561,22564,198
2026-02-09 11:03:00,22563,22566,22562,22563,237
2026-02-09 11:04:00,22564,22566,22560,22564,120
2026-02-09 11:05:00,22561,22561,22560,22561,66
2026-02-09 11:06:00,22564,22564,22563,22563,220
2026-02-09 11:07:00,22555,22557,22553,22555,110
2026-02-09 11:08:00,22552,22555,22552,22552,253
2026-02-09 11:09:00,22554,22554,22552,22553,164
2026-02-09 11:10:00,22549,22551,22546,22549,268
2026-02-09 11:11:00,22550,22550,22545,22549,98
2026-02-09 11:12:00,22547,22548,22547,22547,86
2026-02-09 11:13:00,22551,22552,22549,22551,164
2026-02-09 11:14:00,22553,22554,22553,22553,80
2026-02-09 11:15:00,22555,22555,22555,22555,1
2026-02-09 11:16:00,22565,22566,22565,22565,155
2026-02-09 11:17:00,22562,22564,22562,22562,94
2026-02-09 11:18:00,22563,22563,22562,22563,267
2026-02-09 11:19:00,22567,22569,22567,22567,1
2026-02-09 11:20:00,22565,22569,22563,22565,189
2026-02-09 11:21:00,22570,22571,22570,22570,200
2026-02-09 11:22:00,22565,22565,22565,22565,226
2026-02-09 11:23:00,22566,22567,22566,22567,218
2026-02-09 11:24:00,22563,22564,22563,22563,84
2026-02-09 11:25:00,22565,22565,22563,22564,140
2026-02-09 11:26:00,22561,22562,22561,22561,134
2026-02-09 11:27:00,22563,22565,22561,22563,109
2026-02-09 11:28:00,22570,22571,22570,22570,108
2026-02-09 11:29:00,22568,22568,22567,22567,233
2026-02-09 11:30:00,22572,22572,22572,22572,1
2026-02-09 11:31:00,22571,22572,22570,22571,216
2026-02-09 11:32:00,22575,22575,22575,22575,183
2026-02-09 11:33:00,22579,22580,22577,22579,52
2026-02-09 11:34:00,22577,22577,22573,22575,82
2026-02-09 11:35:00,22573,22574,22573,22573,155
2026-02-09 11:36:00,22574,22575,22574,22574,86
2026-02-09 11:37:00,22573,22573,22570,22572,171
2026-02-09 11:38:00,22568,22570,22568,22568,1
2026-02-09 11:39:00,22569,22569,22569,22569,22
2026-02-09 11:40:00,22569,22571,22569,22569,199
2026-02-09 11:41:00,22572,22573,22572,22572,148
2026-02-09 11:42:00,22571,22575,22570,22572,211
2026-02-09 11:43:00,22576,22576,22575,22576,243
2026-02-09 11:44:00,22585,22589,22583,22587,176
2026-02-09 11:45:00,22585,22589,22585,22587,202
2026-02-09 11:46:00,22586,22587,22585,22586,123
2026-02-09 11:47:00,22584,22585,22584,22585,201
2026-02-09 11:48:00,22583,22583,22582,22583,257
2026-02-09 11:49:00,22585,22585,22582,22585,88
2026-02-09 11:50:00,22584,22585,22584,22585,1
2026-02-09 11:51:00,22588,22588,22587,22588,153
2026-02-09 11:52:00,22580,22588,22580,22585,178
2026-02-09 11:53:00,22587,22589,22585,22587,188
2026-02-09 11:54:00,22587,22590,22586,22590,325
2026-02-09 11:55:00,22589,22590,22586,22589,205
2026-02-09 11:56:00,22593,22593,22593,22593,218
2026-02-09 11:57:00,22593,22593,22593,22593,245
2026-02-09 11:58:00,22595,22596,22595,22595,123
2026-02-09 11:59:00,22595,22595,22595,22595,127
2026-02-09 12:00:00,22592,22592,22591,22592,182
2026-02-09 12:01:00,22601,22605,22599,22601,148
2026-02-09 12:02:00,22600,22601,22600,22601,248
2026-02-09 12:03:00,22602,22602,22602,22602,170
2026-02-09 12:04:00,22605,22605,22604,22604,269
2026-02-09 12:05:00,22608,22616,22606,22607,62
2026-02-09 12:06:00,22604,22607,22600,22604,200
2026-02-09 12:07:00,22602,22604,22600,22602,88
2026-02-09 12:08:00,22601,22604,22600,22602,62
2026-02-09 12:09:00,22602,22602,22600,22601,240
2026-02-09 12:10:00,22602,22604,22601,22602,121
2026-02-09 12:11:00,22603,22605,22603,22603,112
2026-02-09 12:12:00,22600,22600,22599,22600,29
2026-02-09 12:13:00,22596,22596,22594,22596,142
2026-02-09 12:14:00,22593,22593,22592,22593,178
2026-02-09 12:15:00,22596,22596,22595,22596,146
2026-02-09 12:16:00,22596,22597,22595,22595,84
2026-02-09 12:17:00,22593,22594,22593,22593,221
2026-02-09 12:18:00,22588,22589,22588,22589,192
2026-02-09 12:19:00,22592,22592,22591,22591,232
2026-02-09 12:20:00,22597,22597,22595,22596,192
2026-02-09 12:21:00,22593,22594,22593,22593,147
2026-02-09 12:22:00,22593,22593,22591,22593,199
2026-02-09 12:23:00,22593,22600,22593,22595,50
2026-02-09 12:24:00,22595,22595,22595,22595,276
2026-02-09 12:25:00,22595,22597,22594,22595,145
2026-02-09 12:26:00,22595,22598,22594,22597,132
2026-02-09 12:27:00,22590,22591,22590,22590,172
2026-02-09 12:28:00,22590,22592,22590,22591,85
2026-02-09 12:29:00,22590,22590,22590,22590,160
2026-02-09 12:30:00,22590,22594,22577,22589,127
2026-02-09 12:31:00,22586,22587,22585,22585,81
2026-02-09 12:32:00,22591,22591,22587,22590,120
2026-02-09 12:33:00,22593,22594,22592,22593,126
2026-02-09 12:34:00,22590,22590,22590,22590,169
2026-02-09 12:35:00,22593,22594,22592,22593,146
2026-02-09 12:36:00,22589,22589,22583,22588,88
2026-02-09 12:37:00,22593,22593,22591,22592,136
2026-02-09 12:38:00,22590,22590,22589,22590,157
2026-02-09 12:39:00,22586,22589,22583,22588,99
2026-02-09 12:40:00,22589,22591,22586,22589,140
2026-02-09 12:41:00,22589,22591,22587,22589,128
2026-02-09 12:42:00,22593,22593,22592,22593,169
2026-02-09 12:43:00,22592,22592,22591,22592,233
2026-02-09 12:44:00,22590,22591,22589,22591,20
2026-02-09 12:45:00,22595,22596,22595,22596,209
2026-02-09 12:46:00,22596,22596,22593,22595,40
2026-02-09 12:47:00,22597,22599,22596,22599,158
2026-02-09 12:48:00,22595,22595,22595,22595,169
2026-02-09 12:49:00,22593,22595,22593,22594,143
2026-02-09 12:50:00,22592,22592,22592,22592,129
2026-02-09 12:51:00,22598,22598,22594,22595,82
2026-02-09 12:52:00,22591,22591,22591,22591,81
2026-02-09 12:53:00,22588,22590,22587,22588,100
2026-02-09 12:54:00,22586,22586,22586,22586,311
2026-02-09 12:55:00,22586,22586,22586,22586,19
2026-02-09 12:56:00,22579,22581,22578,22579,101
2026-02-09 12:57:00,22577,22580,22574,22579,208
2026-02-09 12:58:00,22576,22582,22575,22577,137
2026-02-09 12:59:00,22583,22583,22582,22582,220
2026-02-09 13:00:00,22582,22582,22582,22582,146
2026-02-09 13:01:00,22575,22576,22575,22575,68
2026-02-09 13:02:00,22573,22574,22572,22574,282
2026-02-09 13:03:00,22573,22576,22569,22575,220
2026-02-09 13:04:00,22574,22580,22572,22576,183
2026-02-09 13:05:00,22576,22577,22576,22576,233
2026-02-09 13:06:00,22575,22579,22575,22578,37
2026-02-09 13:07:00,22580,22581,22579,22580,113
2026-02-09 13:08:00,22581,22581,22578,22581,213
2026-02-09 13:09:00,22585,22585,22582,22585,253
2026-02-09 13:10:00,22578,22578,22577,22577,200
2026-02-09 13:11:00,22581,22582,22581,22581,92
2026-02-09 13:12:00,22583,22584,22583,22584,238
2026-02-09 13:13:00,22586,22590,22586,22586,267
2026-02-09 13:14:00,22591,22594,22589,22591,271
2026-02-09 13:15:00,22590,22590,22589,22590,105
2026-02-09 13:16:00,22584,22585,22584,22585,172
2026-02-09 13:17:00,22583,22584,22581,22583,91
2026-02-09 13:18:00,22584,22585,22584,22585,125
2026-02-09 13:19:00,22587,22587,22586,22587,120
2026-02-09 13:20:00,22588,22588,22588,22588,223
2026-02-09 13:21:00,22591,22591,22589,22590,205
2026-02-09 13:22:00,22579,22581,22577,22578,124
2026-02-09 13:23:00,22578,22579,22577,22579,159
2026-02-09 13:24:00,22577,22578,22574,22576,180
2026-02-09 13:25:00,22572,22574,22571,22573,50
2026-02-09 13:26:00,22577,22580,22577,22577,180
2026-02-09 13:27:00,22567,22572,22561,22568,138
2026-02-09 13:28:00,22559,22562,22559,22560,497
2026-02-09 13:29:00,22572,22576,22564,22567,191
2026-02-09 13:30:00,22581,22581,22574,22576,129
2026-02-09 13:31:00,22584,22587,22581,22584,214
2026-02-09 13:32:00,22583,22584,22582,22583,381
2026-02-09 13:33:00,22589,22589,22587,22589,305
2026-02-09 13:34:00,22590,22596,22590,22591,191
2026-02-09 13:35:00,22594,22594,22591,22593,241
2026-02-09 13:36:00,22593,22593,22583,22592,317
2026-02-09 13:37:00,22605,22605,22604,22605,355
2026-02-09 13:38:00,22606,22608,22602,22605,285
2026-02-09 13:39:00,22607,22615,22600,22610,477
2026-02-09 13:40:00,22613,22615,22609,22614,156
2026-02-09 13:41:00,22618,22618,22615,22617,213
2026-02-09 13:42:00,22618,22623,22618,22620,69
2026-02-09 13:43:00,22622,22623,22615,22621,254
2026-02-09 13:44:00,22615,22615,22615,22615,69
2026-02-10 08:45:00,22581,22581,22579,22580,300
2026-02-10 08:46:00,22577,22577,22577,22577,237
2026-02-10 08:47:00,22574,22574,22571,22573,257
2026-02-10 08:48:00,22576,22585,22567,22575,215
2026-02-10 08:49:00,22573,22576,22573,22574,409
2026-02-10 08:50:00,22580,22585,22578,22580,225
2026-02-10 08:51:00,22575,22579,22575,22576,192
2026-02-10 08:52:00,22577,22578,22577,22577,658
2026-02-10 08:53:00,22577,22578,22575,22576,479
2026-02-10 08:54:00,22577,22583,22576,22577,25
2026-02-10 08:55:00,22576,22577,22576,22577,226
2026-02-10 08:56:00,22575,22575,22566,22566,258
2026-02-10 08:57:00,22574,22574,22572,22572,286
2026-02-10 08:58:00,22567,22568,22564,22566,90
2026-02-10 08:59:00,22574,22576,22574,22576,306
2026-02-10 09:00:00,22580,22583,22578,22580,328
2026-02-10 09:01:00,22582,22587,22582,22583,328
2026-02-10 09:02:00,22577,22581,22567,22578,104
2026-02-10 09:03:00,22576,22576,22576,22576,334
2026-02-10 09:04:00,22576,22579,22575,22577,81
2026-02-10 09:05:00,22580,22581,22580,22581,170
2026-02-10 09:06:00,22581,22584,22580,22581,314
2026-02-10 09:07:00,22582,22582,22580,22582,195
2026-02-10 09:08:00,22585,22585,22585,22585,76
2026-02-10 09:09:00,22583,22585,22583,22584,86
2026-02-10 09:10:00,22579,22579,22579,22579,137
2026-02-10 09:11:00,22579,22580,22577,22579,143
2026-02-10 09:12:00,22575,22575,22573,22574,237
2026-02-10 09:13:00,22575,22589,22575,22581,305
2026-02-10 09:14:00,22579,22582,22576,22579,305
2026-02-10 09:15:00,22576,22576,22574,22576,186
2026-02-10 09:16:00,22579,22579,22578,22578,104
2026-02-10 09:17:00,22580,22583,22576,22581,208
2026-02-10 09:18:00,22580,22581,22579,22580,162
2026-02-10 09:19:00,22584,22584,22583,22584,204
2026-02-10 09:20:00,22586,22587,22585,22586,149
2026-02-10 09:21:00,22585,22588,22585,22587,100
2026-02-10 09:22:00,22581,22581,22579,22580,287
2026-02-10 09:23:00,22577,22577,22576,22577,149
2026-02-10 09:24:00,22576,22577,22575,22576,113
2026-02-10 09:25:00,22578,22578,22578,22578,144
2026-02-10 09:26:00,22585,22586,22585,22585,294
2026-02-10 09:27:00,22584,22587,22584,22584,51
2026-02-10 09:28:00,22595,22595,22593,22594,399
2026-02-10 09:29:00,22595,22595,22594,22595,210
2026-02-10 09:30:00,22598,22599,22597,22598,87
2026-02-10 09:31:00,22598,22599,22598,22599,1
2026-02-10 09:32:00,22601,22603,22601,22601,156
2026-02-10 09:33:00,22600,22603,22599,22600,163
2026-02-10 09:34:00,22597,22599,22595,22598,216
2026-02-10 09:35:00,22596,22596,22595,22596,139
2026-02-10 09:36:00,22603,22603,22603,22603,149
2026-02-10 09:37:00,22606,22613,22606,22606,132
2026-02-10 09:38:00,22602,22604,22602,22604,179
2026-02-10 09:39:00,22603,22604,22602,22603,149
2026-02-10 09:40:00,22599,22599,22598,22599,99
2026-02-10 09:41:00,22593,22593,22592,22593,154
2026-02-10 09:42:00,22592,22593,22589,22593,247
2026-02-10 09:43:00,22592,22597,22588,22590,27
2026-02-10 09:44:00,22587,22587,22586,22587,210
2026-02-10 09:45:00,22589,22589,22589,22589,137
2026-02-10 09:46:00,22584,22585,22584,22584,160
2026-02-10 09:47:00,22587,22588,22579,22585,125
2026-02-10 09:48:00,22588,22593,22588,22590,250
2026-02-10 09:49:00,22584,22586,22584,22584,100
2026-02-10 09:50:00,22576,22579,22575,22577,153
2026-02-10 09:51:00,22583,22584,22582,22583,166
2026-02-10 09:52:00,22585,22587,22584,22585,72
2026-02-10 09:53:00,22589,22589,22587,22587,88
2026-02-10 09:54:00,22589,22589,22589,22589,233
2026-02-10 09:55:00,22591,22594,22587,22591,284
2026-02-10 09:56:00,22584,22586,22581,22585,264
2026-02-10 09:57:00,22590,22590,22580,22587,199
2026-02-10 09:58:00,22589,22590,22589,22589,234
2026-02-10 09:59:00,22592,22592,22591,22592,107
2026-02-10 10:00:00,22598,22600,22597,22597,161
2026-02-10 10:01:00,22595,22595,22591,22593,171
2026-02-10 10:02:00,22609,22616,22605,22610,137
2026-02-10 10:03:00,22605,22607,22603,22606,123
2026-02-10 10:04:00,22607,22608,22607,22608,131
2026-02-10 10:05:00,22608,22608,22604,22607,55
2026-02-10 10:06:00,22605,22606,22603,22605,68
2026-02-10 10:07:00,22608,22614,22608,22609,131
2026-02-10 10:08:00,22610,22612,22610,22610,248
2026-02-10 10:09:00,22613,22614,22613,22613,215
2026-02-10 10:10:00,22608,22608,22608,22608,121
2026-02-10 10:11:00,22609,22611,22605,22608,161
2026-02-10 10:12:00,22603,22603,22600,22602,184
2026-02-10 10:13:00,22597,22601,22594,22597,143
2026-02-10 10:14:00,22599,22600,22599,22599,273
2026-02-10 10:15:00,22593,22594,22592,22593,113
2026-02-10 10:16:00,22600,22601,22599,22600,54
2026-02-10 10:17:00,22603,22605,22602,22603,213
2026-02-10 10:18:00,22602,22603,22601,22603,174
2026-02-10 10:19:00,22607,22607,22605,22606,1
2026-02-10 10:20:00,22612,22613,22612,22612,208
2026-02-10 10:21:00,22611,22616,22610,22612,325
2026-02-10 10:22:00,22612,22614,22611,22612,143
2026-02-10 10:23:00,22618,22618,22618,22618,177
2026-02-10 10:24:00,22620,22621,22618,22620,136
2026-02-10 10:25:00,22617,22618,22617,22617,196
2026-02-10 10:26:00,22611,22612,22610,22611,197
2026-02-10 10:27:00,22610,22610,22609,22610,76
2026-02-10 10:28:00,22608,22612,22608,22609,239
2026-02-10 10:29:00,22614,22614,22614,22614,150
2026-02-10 10:30:00,22608,22613,22608,22612,136
2026-02-10 10:31:00,22606,22607,22605,22606,199
2026-02-10 10:32:00,22614,22615,22612,22614,164
2026-02-10 10:33:00,22620,22621,22618,22620,165
2026-02-10 10:34:00,22623,22625,22620,22623,49
2026-02-10 10:35:00,22623,22623,22623,22623,25
2026-02-10 10:36:00,22622,22625,22622,22622,248
2026-02-10 10:37:00,22621,22621,22620,22621,106
2026-02-10 10:38:00,22627,22628,22627,22627,70
2026-02-10 10:39:00,22631,22631,22630,22631,132
2026-02-10 10:40:00,22634,22635,22633,22634,258
2026-02-10 10:41:00,22635,22635,22633,22634,317
2026-02-10 10:42:00,22642,22643,22641,22642,67
2026-02-10 10:43:00,22638,22641,22637,22639,179
2026-02-10 10:44:00,22643,22644,22643,22644,45
2026-02-10 10:45:00,22639,22643,22639,22641,144
2026-02-10 10:46:00,22638,22639,22637,22639,37
2026-02-10 10:47:00,22639,22639,22638,22639,59
2026-02-10 10:48:00,22638,22642,22636,22639,152
2026-02-10 10:49:00,22643,22645,22643,22643,99
2026-02-10 10:50:00,22643,22644,22642,22643,68
2026-02-10 10:51:00,22648,22648,22647,22647,207
2026-02-10 10:52:00,22647,22649,22646,22647,181
2026-02-10 10:53:00,22652,22654,22650,22651,109
2026-02-10 10:54:00,22649,22649,22648,22649,242
2026-02-10 10:55:00,22654,22654,22654,22654,184
2026-02-10 10:56:00,22660,22660,22659,22659,100
2026-02-10 10:57:00,22656,22657,22655,22656,129
2026-02-10 10:58:00,22660,22660,22660,22660,39
2026-02-10 10:59:00,22664,22664,22663,22664,34
2026-02-10 11:00:00,22667,22667,22666,22666,188
2026-02-10 11:01:00,22667,22670,22667,22669,113
2026-02-10 11:02:00,22669,22669,22664,22667,358
2026-02-10 11:03:00,22673,22674,22673,22673,161
2026-02-10 11:04:00,22671,22679,22671,22674,19
2026-02-10 11:05:00,22679,22681,22679,22681,132
2026-02-10 11:06:00,22679,22679,22677,22677,196
2026-02-10 11:07:00,22686,22686,22686,22686,172
2026-02-10 11:08:00,22678,22679,22678,22678,107
2026-02-10 11:09:00,22682,22682,22681,22682,253
2026-02-10 11:10:00,22677,22679,22675,22678,157
2026-02-10 11:11:00,22682,22682,22682,22682,39
2026-02-10 11:12:00,22681,22682,22681,22682,156
2026-02-10 11:13:00,22685,22687,22685,22686,213
2026-02-10 11:14:00,22680,22682,22676,22678,88
2026-02-10 11:15:00,22681,22681,22679,22681,118
2026-02-10 11:16:00,22678,22679,22676,22678,218
2026-02-10 11:17:00,22678,22680,22678,22678,105
2026-02-10 11:18:00,22685,22685,22684,22684,139
2026-02-10 11:19:00,22680,22684,22679,22680,204
2026-02-10 11:20:00,22681,22682,22680,22682,79
2026-02-10 11:21:00,22673,22673,22668,22673,243
2026-02-10 11:22:00,22675,22675,22674,22675,93
2026-02-10 11:23:00,22674,22674,22674,22674,147
2026-02-10 11:24:00,22674,22675,22674,22674,181
2026-02-10 11:25:00,22674,22676,22672,22672,278
2026-02-10 11:26:00,22677,22677,22677,22677,1
2026-02-10 11:27:00,22679,22680,22676,22679,130
2026-02-10 11:28:00,22677,22678,22677,22677,36
2026-02-10 11:29:00,22683,22685,22679,22681,88
2026-02-10 11:30:00,22675,22679,22672,22676,224
2026-02-10 11:31:00,22678,22678,22678,22678,77
2026-02-10 11:32:00,22687,22687,22685,22686,248
2026-02-10 11:33:00,22684,22686,22684,22684,1
2026-02-10 11:34:00,22686,22686,22684,22685,161
2026-02-10 11:35:00,22687,22687,22687,22687,306
2026-02-10 11:36:00,22689,22692,22688,22689,205
2026-02-10 11:37:00,22688,22689,22688,22688,76
2026-02-10 11:38:00,22688,22689,22687,22688,246
2026-02-10 11:39:00,22689,22699,22685,22691,142
2026-02-10 11:40:00,22686,22690,22682,22686,242
2026-02-10 11:41:00,22679,22679,22677,22678,126
2026-02-10 11:42:00,22677,22679,22676,22678,230
2026-02-10 11:43:00,22681,22682,22681,22682,197
2026-02-10 11:44:00,22680,22681,22680,22681,22
2026-02-10 11:45:00,22681,22682,22680,22681,124
2026-02-10 11:46:00,22684,22687,22684,22686,297
2026-02-10 11:47:00,22684,22690,22684,22686,76
2026-02-10 11:48:00,22686,22688,22681,22684,187
2026-02-10 11:49:00,22686,22686,22684,22685,97
2026-02-10 11:50:00,22687,22689,22686,22687,145
2026-02-10 11:51:00,22693,22693,22693,22693,16
2026-02-10 11:52:00,22688,22688,22688,22688,86
2026-02-10 11:53:00,22689,22691,22689,22689,26
2026-02-10 11:54:00,22686,22686,22686,22686,207
2026-02-10 11:55:00,22682,22682,22679,22681,104
2026-02-10 11:56:00,22676,22677,22676,22677,293
2026-02-10 11:57:00,22684,22685,22684,22684,85
2026-02-10 11:58:00,22681,22684,22681,22682,219
2026-02-10 11:59:00,22678,22678,22676,22677,243
2026-02-10 12:00:00,22680,22680,22679,22680,140
2026-02-10 12:01:00,22682,22682,22680,22682,110
2026-02-10 12:02:00,22676,22678,22672,22674,133
2026-02-10 12:03:00,22673,22677,22670,22673,46
2026-02-10 12:04:00,22676,22677,22676,22677,87
2026-02-10 12:05:00,22675,22679,22672,22676,168
2026-02-10 12:06:00,22673,22673,22672,22673,57
2026-02-10 12:07:00,22673,22673,22672,22673,330
2026-02-10 12:08:00,22669,22671,22669,22669,173
2026-02-10 12:09:00,22672,22675,22671,22671,18
2026-02-10 12:10:00,22669,22671,22666,22671,113
2026-02-10 12:11:00,22671,22671,22671,22671,67
2026-02-10 12:12:00,22675,22676,22675,22675,73
2026-02-10 12:13:00,22675,22676,22673,22675,139
2026-02-10 12:14:00,22677,22679,22677,22677,188
2026-02-10 12:15:00,22679,22679,22678,22678,128
2026-02-10 12:16:00,22672,22673,22672,22672,319
2026-02-10 12:17:00,22675,22675,22673,22673,166
2026-02-10 12:18:00,22670,22672,22670,22671,32
2026-02-10 12:19:00,22670,22671,22669,22670,190
2026-02-10 12:20:00,22668,22670,22665,22669,228
2026-02-10 12:21:00,22666,22666,22661,22666,108
2026-02-10 12:22:00,22666,22670,22664,22665,168
2026-02-10 12:23:00,22660,22660,22659,22660,87
2026-02-10 12:24:00,22661,22661,22660,22660,122
2026-02-10 12:25:00,22655,22657,22655,22656,170
2026-02-10 12:26:00,22655,22657,22654,22655,136
2026-02-10 12:27:00,22656,22656,22654,22656,174
2026-02-10 12:28:00,22656,22656,22656,22656,229
2026-02-10 12:29:00,22665,22672,22661,22664,93
2026-02-10 12:30:00,22666,22667,22665,22667,96
2026-02-10 12:31:00,22671,22671,22671,22671,96
2026-02-10 12:32:00,22671,22674,22671,22672,116
2026-02-10 12:33:00,22674,22676,22673,22674,138
2026-02-10 12:34:00,22672,22675,22672,22673,204
2026-02-10 12:35:00,22672,22672,22672,22672,216
2026-02-10 12:36:00,22671,22674,22668,22670,131
2026-02-10 12:37:00,22667,22668,22666,22668,5
2026-02-10 12:38:00,22669,22669,22668,22668,132
2026-02-10 12:39:00,22672,22674,22671,22673,261
2026-02-10 12:40:00,22676,22676,22676,22676,74
2026-02-10 12:41:00,22674,22674,22674,22674,124
2026-02-10 12:42:00,22673,22675,22673,22674,1
2026-02-10 12:43:00,22680,22680,22677,22679,70
2026-02-10 12:44:00,22677,22677,22677,22677,270
2026-02-10 12:45:00,22682,22682,22682,22682,177
2026-02-10 12:46:00,22684,22685,22682,22684,88
2026-02-10 12:47:00,22686,22686,22685,22685,136
2026-02-10 12:48:00,22678,22678,22677,22678,134
2026-02-10 12:49:00,22674,22674,22673,22674,285
2026-02-10 12:50:00,22674,22674,22673,22674,140
2026-02-10 12:51:00,22675,22675,22664,22671,176
2026-02-10 12:52:00,22666,22668,22663,22667,1
2026-02-10 12:53:00,22665,22667,22665,22666,191
2026-02-10 12:54:00,22668,22669,22668,22668,107
2026-02-10 12:55:00,22675,22687,22672,22674,161
2026-02-10 12:56:00,22667,22673,22663,22667,115
2026-02-10 12:57:00,22669,22669,22668,22669,71
2026-02-10 12:58:00,22674,22675,22674,22674,81
2026-02-10 12:59:00,22675,22675,22671,22674,158
2026-02-10 13:00:00,22674,22675,22674,22674,150
2026-02-10 13:01:00,22675,22675,22673,22674,80
2026-02-10 13:02:00,22671,22672,22670,22671,1
2026-02-10 13:03:00,22681,22681,22674,22678,205
2026-02-10 13:04:00,22682,22683,22681,22683,181
2026-02-10 13:05:00,22681,22681,22680,22681,55
2026-02-10 13:06:00,22683,22683,22681,22682,101
2026-02-10 13:07:00,22683,22683,22683,22683,101
2026-02-10 13:08:00,22681,22683,22680,22682,165
2026-02-10 13:09:00,22680,22681,22679,22679,295
2026-02-10 13:10:00,22680,22680,22680,22680,200
2026-02-10 13:11:00,22681,22682,22680,22681,171
2026-02-10 13:12:00,22684,22684,22683,22683,258
2026-02-10 13:13:00,22683,22686,22680,22683,174
2026-02-10 13:14:00,22679,22682,22679,22680,301
2026-02-10 13:15:00,22680,22681,22679,22680,241
2026-02-10 13:16:00,22682,22682,22675,22680,69
2026-02-10 13:17:00,22678,22678,22678,22678,130
2026-02-10 13:18:00,22679,22679,22679,22679,137
2026-02-10 13:19:00,22677,22678,22673,22678,289
2026-02-10 13:20:00,22672,22674,22672,22673,33
2026-02-10 13:21:00,22678,22679,22678,22679,189
2026-02-10 13:22:00,22680,22681,22676,22679,125
2026-02-10 13:23:00,22677,22679,22677,22677,232
2026-02-10 13:24:00,22675,22677,22675,22676,117
2026-02-10 13:25:00,22672,22676,22666,22673,1
2026-02-10 13:26:00,22676,22676,22655,22675,439
2026-02-10 13:27:00,22668,22680,22660,22671,172
2026-02-10 13:28:00,22675,22675,22673,22674,382
2026-02-10 13:29:00,22668,22671,22663,22666,348
2026-02-10 13:30:00,22661,22664,22661,22662,258
2026-02-10 13:31:00,22671,22671,22670,22671,106
2026-02-10 13:32:00,22663,22664,22663,22663,470
2026-02-10 13:33:00,22665,22665,22665,22665,257
2026-02-10 13:34:00,22664,22666,22664,22665,229
2026-02-10 13:35:00,22669,22670,22666,22669,316
2026-02-10 13:36:00,22664,22664,22663,22664,144
2026-02-10 13:37:00,22669,22671,22668,22670,346
2026-02-10 13:38:00,22678,22678,22677,22677,581
2026-02-10 13:39:00,22681,22681,22681,22681,557
2026-02-10 13:40:00,22679,22679,22679,22679,354
2026-02-10 13:41:00,22670,22671,22667,22669,356
2026-02-10 13:42:00,22674,22675,22674,22674,305
2026-02-10 13:43:00,22680,22680,22676,22679,627
2026-02-10 13:44:00,22679,22681,22677,22679,318
2026-02-11 08:45:00,22655,22655,22654,22654,394
2026-02-11 08:46:00,22657,22657,22652,22656,226
2026-02-11 08:47:00,22660,22660,22660,22660,204
2026-02-11 08:48:00,22663,22669,22660,22664,566
2026-02-11 08:49:00,22655,22655,22654,22655,542
2026-02-11 08:50:00,22651,22651,22649,22650,164
2026-02-11 08:51:00,22652,22655,22644,22648,307
2026-02-11 08:52:00,22647,22647,22640,22643,318
2026-02-11 08:53:00,22649,22649,22649,22649,219
2026-02-11 08:54:00,22660,22661,22654,22659,328
2026-02-11 08:55:00,22665,22667,22663,22665,338
2026-02-11 08:56:00,22666,22671,22663,22667,254
2026-02-11 08:57:00,22663,22673,22660,22663,418
2026-02-11 08:58:00,22662,22662,22662,22662,248
2026-02-11 08:59:00,22663,22664,22663,22664,213
2026-02-11 09:00:00,22668,22668,22668,22668,214
2026-02-11 09:01:00,22662,22663,22661,22662,189
2026-02-11 09:02:00,22665,22665,22665,22665,428
2026-02-11 09:03:00,22664,22665,22660,22664,94
2026-02-11 09:04:00,22658,22658,22658,22658,96
2026-02-11 09:05:00,22660,22660,22658,22660,188
2026-02-11 09:06:00,22663,22664,22663,22664,57
2026-02-11 09:07:00,22676,22680,22676,22678,6
2026-02-11 09:08:00,22684,22684,22684,22684,190
2026-02-11 09:09:00,22680,22684,22680,22681,286
2026-02-11 09:10:00,22680,22680,22679,22680,64
2026-02-11 09:11:00,22684,22687,22683,22685,244
2026-02-11 09:12:00,22693,22693,22692,22693,109
2026-02-11 09:13:00,22693,22693,22693,22693,154
2026-02-11 09:14:00,22687,22691,22682,22688,130
2026-02-11 09:15:00,22689,22689,22688,22689,177
2026-02-11 09:16:00,22692,22692,22692,22692,241
2026-02-11 09:17:00,22692,22693,22692,22692,133
2026-02-11 09:18:00,22695,22696,22694,22695,161
2026-02-11 09:19:00,22702,22703,22701,22702,95
2026-02-11 09:20:00,22699,22699,22698,22699,79
2026-02-11 09:21:00,22693,22693,22692,22693,95
2026-02-11 09:22:00,22691,22691,22691,22691,163
2026-02-11 09:23:00,22694,22696,22689,22693,64
2026-02-11 09:24:00,22693,22694,22693,22694,217
2026-02-11 09:25:00,22690,22692,22690,22690,212
2026-02-11 09:26:00,22691,22691,22691,22691,1
2026-02-11 09:27:00,22685,22686,22683,22686,227
2026-02-11 09:28:00,22682,22683,22679,22683,278
2026-02-11 09:29:00,22688,22688,22685,22688,196
2026-02-11 09:30:00,22684,22685,22684,22685,204
2026-02-11 09:31:00,22683,22683,22681,22683,1
2026-02-11 09:32:00,22679,22683,22679,22680,143
2026-02-11 09:33:00,22679,22679,22677,22678,62
2026-02-11 09:34:00,22674,22674,22674,22674,269
2026-02-11 09:35:00,22676,22678,22676,22676,4
2026-02-11 09:36:00,22677,22677,22676,22676,174
2026-02-11 09:37:00,22674,22677,22674,22675,263
2026-02-11 09:38:00,22669,22672,22666,22668,201
2026-02-11 09:39:00,22669,22670,22666,22669,153
2026-02-11 09:40:00,22668,22670,22666,22668,66
2026-02-11 09:41:00,22668,22670,22667,22667,1
2026-02-11 09:42:00,22671,22671,22671,22671,177
2026-02-11 09:43:00,22671,22673,22669,22671,242
2026-02-11 09:44:00,22676,22678,22676,22677,226
2026-02-11 09:45:00,22678,22678,22676,22677,1
2026-02-11 09:46:00,22682,22686,22677,22680,139
2026-02-11 09:47:00,22675,22677,22669,22674,86
2026-02-11 09:48:00,22669,22669,22669,22669,161
2026-02-11 09:49:00,22669,22670,22669,22669,166
2026-02-11 09:50:00,22666,22666,22665,22666,192
2026-02-11 09:51:00,22661,22664,22661,22662,92
2026-02-11 09:52:00,22663,22669,22662,22663,77
2026-02-11 09:53:00,22654,22656,22653,22655,116
2026-02-11 09:54:00,22656,22656,22656,22656,115
2026-02-11 09:55:00,22659,22659,22659,22659,164
2026-02-11 09:56:00,22657,22657,22657,22657,251
2026-02-11 09:57:00,22657,22657,22657,22657,98
2026-02-11 09:58:00,22654,22654,22653,22654,119
2026-02-11 09:59:00,22649,22651,22647,22651,133
2026-02-11 10:00:00,22647,22649,22646,22647,302
2026-02-11 10:01:00,22648,22648,22647,22647,186
2026-02-11 10:02:00,22647,22648,22646,22647,68
2026-02-11 10:03:00,22647,22648,22647,22647,14
2026-02-11 10:04:00,22646,22649,22646,22648,85
2026-02-11 10:05:00,22642,22643,22642,22642,99
2026-02-11 10:06:00,22639,22640,22639,22639,333
2026-02-11 10:07:00,22636,22638,22636,22636,92
2026-02-11 10:08:00,22638,22638,22636,22637,236
2026-02-11 10:09:00,22639,22639,22639,22639,1
2026-02-11 10:10:00,22644,22645,22641,22645,203
2026-02-11 10:11:00,22649,22649,22649,22649,145
2026-02-11 10:12:00,22651,22655,22650,22653,1
2026-02-11 10:13:00,22652,22652,22651,22651,117
2026-02-11 10:14:00,22654,22654,22652,22652,135
2026-02-11 10:15:00,22657,22657,22656,22656,85
2026-02-11 10:16:00,22654,22656,22654,22654,242
2026-02-11 10:17:00,22650,22654,22645,22651,50
2026-02-11 10:18:00,22646,22652,22644,22648,148
2026-02-11 10:19:00,22655,22655,22655,22655,209
2026-02-11 10:20:00,22655,22655,22653,22655,116
2026-02-11 10:21:00,22654,22654,22653,22653,277
2026-02-11 10:22:00,22650,22650,22647,22649,167
2026-02-11 10:23:00,22653,22653,22653,22653,195
2026-02-11 10:24:00,22656,22656,22656,22656,136
2026-02-11 10:25:00,22656,22657,22656,22656,183
2026-02-11 10:26:00,22660,22660,22659,22660,201
2026-02-11 10:27:00,22660,22663,22660,22660,162
2026-02-11 10:28:00,22660,22661,22658,22660,126
2026-02-11 10:29:00,22661,22661,22659,22659,207
2026-02-11 10:30:00,22662,22665,22659,22661,170
2026-02-11 10:31:00,22662,22662,22661,22662,32
2026-02-11 10:32:00,22665,22666,22665,22666,108
2026-02-11 10:33:00,22666,22667,22666,22666,236
2026-02-11 10:34:00,22667,22668,22666,22667,214
2026-02-11 10:35:00,22670,22675,22670,22670,109
2026-02-11 10:36:00,22672,22672,22672,22672,121
2026-02-11 10:37:00,22668,22669,22665,22668,234
2026-02-11 10:38:00,22667,22668,22667,22667,182
2026-02-11 10:39:00,22669,22669,22668,22669,183
2026-02-11 10:40:00,22670,22671,22670,22670,188
2026-02-11 10:41:00,22667,22667,22667,22667,189
2026-02-11 10:42:00,22665,22665,22665,22665,84
2026-02-11 10:43:00,22669,22669,22668,22669,101
2026-02-11 10:44:00,22666,22670,22665,22668,156
2026-02-11 10:45:00,22672,22672,22672,22672,261
2026-02-11 10:46:00,22676,22676,22674,22675,1
2026-02-11 10:47:00,22671,22673,22670,22671,95
2026-02-11 10:48:00,22668,22671,22668,22669,1
2026-02-11 10:49:00,22671,22672,22671,22671,173
2026-02-11 10:50:00,22672,22672,22672,22672,229
2026-02-11 10:51:00,22671,22673,22667,22672,29
2026-02-11 10:52:00,22670,22670,22670,22670,1
2026-02-11 10:53:00,22669,22671,22668,22669,213
2026-02-11 10:54:00,22670,22671,22669,22670,143
2026-02-11 10:55:00,22670,22670,22668,22670,234
2026-02-11 10:56:00,22670,22670,22670,22670,243
2026-02-11 10:57:00,22671,22673,22669,22670,261
2026-02-11 10:58:00,22679,22679,22679,22679,83
2026-02-11 10:59:00,22678,22681,22676,22677,1
2026-02-11 11:00:00,22681,22683,22681,22682,198
2026-02-11 11:01:00,22678,22679,22678,22678,157
2026-02-11 11:02:00,22675,22675,22671,22675,91
2026-02-11 11:03:00,22675,22676,22675,22675,263
2026-02-11 11:04:00,22678,22678,22678,22678,119
2026-02-11 11:05:00,22671,22672,22665,22668,168
2026-02-11 11:06:00,22670,22673,22670,22671,39
2026-02-11 11:07:00,22677,22679,22673,22677,196
2026-02-11 11:08:00,22681,22681,22676,22679,140
2026-02-11 11:09:00,22682,22682,22682,22682,122
2026-02-11 11:10:00,22676,22678,22676,22677,77
2026-02-11 11:11:00,22671,22676,22671,22672,32
2026-02-11 11:12:00,22673,22674,22673,22673,51
2026-02-11 11:13:00,22678,22678,22677,22678,59
2026-02-11 11:14:00,22680,22681,22680,22680,186
2026-02-11 11:15:00,22682,22683,22682,22682,65
2026-02-11 11:16:00,22676,22681,22674,22678,185
2026-02-11 11:17:00,22680,22686,22680,22682,177
2026-02-11 11:18:00,22675,22675,22675,22675,201
2026-02-11 11:19:00,22673,22674,22673,22674,153
2026-02-11 11:20:00,22671,22676,22669,22672,1
2026-02-11 11:21:00,22674,22674,22671,22673,1
2026-02-11 11:22:00,22672,22673,22670,22671,102
2026-02-11 11:23:00,22673,22674,22669,22673,170
2026-02-11 11:24:00,22670,22671,22667,22671,68
2026-02-11 11:25:00,22667,22667,22667,22667,234
2026-02-11 11:26:00,22666,22669,22666,22667,101
2026-02-11 11:27:00,22675,22675,22674,22675,93
2026-02-11 11:28:00,22672,22672,22671,22672,99
2026-02-11 11:29:00,22672,22672,22672,22672,1
2026-02-11 11:30:00,22668,22669,22666,22668,172
2026-02-11 11:31:00,22664,22664,22663,22664,100
2026-02-11 11:32:00,22669,22670,22669,22669,222
2026-02-11 11:33:00,22674,22674,22670,22673,221
2026-02-11 11:34:00,22671,22672,22671,22672,26
2026-02-11 11:35:00,22674,22674,22674,22674,120
2026-02-11 11:36:00,22676,22677,22675,22677,180
2026-02-11 11:37:00,22678,22678,22678,22678,74
2026-02-11 11:38:00,22673,22675,22669,22674,276
2026-02-11 11:39:00,22675,22676,22673,22676,339
2026-02-11 11:40:00,22675,22678,22674,22674,182
2026-02-11 11:41:00,22676,22676,22675,22676,217
2026-02-11 11:42:00,22670,22670,22670,22670,276
2026-02-11 11:43:00,22673,22679,22671,22676,137
2026-02-11 11:44:00,22677,22680,22676,22678,216
2026-02-11 11:45:00,22679,22680,22679,22680,112
2026-02-11 11:46:00,22681,22685,22676,22682,222
2026-02-11 11:47:00,22682,22684,22681,22682,292
2026-02-11 11:48:00,22687,22688,22687,22688,161
2026-02-11 11:49:00,22683,22683,22682,22683,295
2026-02-11 11:50:00,22690,22690,22689,22690,72
2026-02-11 11:51:00,22685,22685,22682,22683,278
2026-02-11 11:52:00,22681,22684,22680,22681,216
2026-02-11 11:53:00,22676,22676,22676,22676,150
2026-02-11 11:54:00,22676,22676,22675,22675,138
2026-02-11 11:55:00,22680,22680,22677,22679,87
2026-02-11 11:56:00,22679,22680,22674,22678,113
2026-02-11 11:57:00,22677,22678,22675,22676,253
2026-02-11 11:58:00,22676,22676,22676,22676,190
2026-02-11 11:59:00,22677,22680,22674,22676,1
2026-02-11 12:00:00,22678,22678,22676,22678,158
2026-02-11 12:01:00,22682,22692,22678,22680,183
2026-02-11 12:02:00,22680,22680,22679,22680,285
2026-02-11 12:03:00,22681,22682,22681,22682,81
2026-02-11 12:04:00,22678,22680,22678,22679,196
2026-02-11 12:05:00,22684,22685,22683,22684,261
2026-02-11 12:06:00,22680,22681,22680,22681,310
2026-02-11 12:07:00,22681,22682,22680,22681,80
2026-02-11 12:08:00,22676,22677,22675,22677,118
2026-02-11 12:09:00,22677,22677,22674,22676,278
2026-02-11 12:10:00,22677,22681,22677,22679,74
2026-02-11 12:11:00,22680,22680,22679,22679,224
2026-02-11 12:12:00,22684,22685,22684,22684,187
2026-02-11 12:13:00,22687,22688,22683,22686,19
2026-02-11 12:14:00,22690,22690,22690,22690,85
2026-02-11 12:15:00,22690,22691,22688,22689,130
2026-02-11 12:16:00,22686,22689,22686,22687,193
2026-02-11 12:17:00,22685,22686,22684,22685,246
2026-02-11 12:18:00,22686,22690,22686,22688,26
2026-02-11 12:19:00,22690,22690,22690,22690,10
2026-02-11 12:20:00,22691,22691,22691,22691,198
2026-02-11 12:21:00,22696,22697,22694,22695,205
2026-02-11 12:22:00,22696,22696,22695,22695,23
2026-02-11 12:23:00,22689,22690,22688,22689,289
2026-02-11 12:24:00,22691,22691,22690,22691,88
2026-02-11 12:25:00,22690,22692,22687,22691,153
2026-02-11 12:26:00,22690,22692,22687,22691,61
2026-02-11 12:27:00,22687,22690,22685,22688,185
2026-02-11 12:28:00,22687,22687,22687,22687,80
2026-02-11 12:29:00,22687,22687,22687,22687,267
2026-02-11 12:30:00,22694,22694,22693,22694,172
2026-02-11 12:31:00,22688,22691,22686,22691,157
2026-02-11 12:32:00,22691,22692,22690,22690,217
2026-02-11 12:33:00,22693,22695,22689,22693,120
2026-02-11 12:34:00,22699,22708,22695,22699,23
2026-02-11 12:35:00,22696,22696,22695,22696,211
2026-02-11 12:36:00,22698,22698,22695,22697,261
2026-02-11 12:37:00,22704,22704,22699,22700,172
2026-02-11 12:38:00,22700,22701,22699,22700,291
2026-02-11 12:39:00,22700,22703,22700,22701,135
2026-02-11 12:40:00,22704,22704,22704,22704,175
2026-02-11 12:41:00,22706,22706,22701,22704,1
2026-02-11 12:42:00,22704,22704,22704,22704,85
2026-02-11 12:43:00,22708,22709,22706,22708,72
2026-02-11 12:44:00,22707,22712,22707,22709,219
2026-02-11 12:45:00,22707,22713,22700,22709,235
2026-02-11 12:46:00,22712,22712,22709,22711,301
2026-02-11 12:47:00,22708,22709,22707,22708,169
2026-02-11 12:48:00,22708,22708,22707,22708,268
2026-02-11 12:49:00,22711,22713,22711,22712,96
2026-02-11 12:50:00,22708,22714,22708,22709,185
2026-02-11 12:51:00,22707,22708,22706,22706,155
2026-02-11 12:52:00,22707,22709,22706,22707,233
2026-02-11 12:53:00,22705,22706,22701,22705,144
2026-02-11 12:54:00,22701,22704,22701,22703,75
2026-02-11 12:55:00,22703,22705,22703,22704,131
2026-02-11 12:56:00,22702,22707,22698,22703,32
2026-02-11 12:57:00,22705,22707,22703,22705,170
2026-02-11 12:58:00,22700,22712,22700,22705,151
2026-02-11 12:59:00,22708,22708,22707,22707,147
2026-02-11 13:00:00,22712,22712,22711,22712,178
2026-02-11 13:01:00,22713,22715,22711,22712,133
2026-02-11 13:02:00,22714,22714,22714,22714,85
2026-02-11 13:03:00,22720,22720,22717,22719,218
2026-02-11 13:04:00,22719,22719,22717,22717,177
2026-02-11 13:05:00,22719,22719,22719,22719,197
2026-02-11 13:06:00,22717,22722,22717,22721,174
2026-02-11 13:07:00,22726,22726,22726,22726,56
2026-02-11 13:08:00,22727,22727,22724,22726,170
2026-02-11 13:09:00,22732,22732,22727,22730,195
2026-02-11 13:10:00,22731,22732,22731,22731,45
2026-02-11 13:11:00,22735,22736,22727,22735,111
2026-02-11 13:12:00,22736,22745,22731,22736,110
2026-02-11 13:13:00,22739,22739,22737,22739,47
2026-02-11 13:14:00,22743,22746,22737,22739,67
2026-02-11 13:15:00,22735,22735,22735,22735,186
2026-02-11 13:16:00,22734,22734,22734,22734,257
2026-02-11 13:17:00,22734,22735,22734,22735,239
2026-02-11 13:18:00,22738,22738,22738,22738,68
2026-02-11 13:19:00,22731,22731,22731,22731,99
2026-02-11 13:20:00,22736,22736,22733,22735,131
2026-02-11 13:21:00,22736,22740,22734,22736,79
2026-02-11 13:22:00,22732,22733,22732,22732,92
2026-02-11 13:23:00,22730,22730,22729,22729,185
2026-02-11 13:24:00,22730,22732,22728,22732,188
2026-02-11 13:25:00,22732,22732,22731,22731,10
2026-02-11 13:26:00,22749,22749,22747,22749,331
2026-02-11 13:27:00,22739,22740,22738,22740,449
2026-02-11 13:28:00,22736,22737,22734,22736,508
2026-02-11 13:29:00,22746,22748,22746,22747,127
2026-02-11 13:30:00,22741,22755,22741,22744,115
2026-02-11 13:31:00,22741,22747,22724,22736,472
2026-02-11 13:32:00,22736,22739,22731,22735,256
2026-02-11 13:33:00,22736,22736,22734,22736,332
2026-02-11 13:34:00,22727,22730,22725,22728,1
2026-02-11 13:35:00,22723,22738,22723,22725,411
2026-02-11 13:36:00,22717,22717,22717,22717,251
2026-02-11 13:37:00,22714,22716,22714,22714,451
2026-02-11 13:38:00,22711,22711,22711,22711,327
2026-02-11 13:39:00,22711,22712,22711,22712,387
2026-02-11 13:40:00,22712,22712,22711,22712,375
2026-02-11 13:41:00,22693,22695,22690,22693,532
2026-02-11 13:42:00,22689,22689,22687,22688,171
2026-02-11 13:43:00,22699,22700,22699,22699,1
2026-02-11 13:44:00,22694,22695,22694,22695,294
2026-02-12 08:45:00,22681,22681,22679,22680,376
2026-02-12 08:46:00,22680,22680,22680,22680,296
2026-02-12 08:47:00,22677,22677,22677,22677,290
2026-02-12 08:48:00,22675,22675,22675,22675,258
2026-02-12 08:49:00,22672,22677,22670,22672,414
2026-02-12 08:50:00,22656,22657,22656,22656,220
2026-02-12 08:51:00,22657,22660,22653,22653,477
2026-02-12 08:52:00,22661,22665,22661,22661,458
2026-02-12 08:53:00,22667,22668,22667,22667,309
2026-02-12 08:54:00,22669,22670,22668,22669,458
2026-02-12 08:55:00,22666,22668,22663,22665,262
2026-02-12 08:56:00,22668,22669,22668,22668,185
2026-02-12 08:57:00,22663,22664,22657,22660,78
2026-02-12 08:58:00,22667,22668,22663,22665,310
2026-02-12 08:59:00,22644,22653,22642,22644,182
2026-02-12 09:00:00,22639,22641,22637,22640,44
2026-02-12 09:01:00,22631,22631,22630,22630,33
2026-02-12 09:02:00,22625,22626,22619,22626,48
2026-02-12 09:03:00,22620,22620,22617,22619,163
2026-02-12 09:04:00,22620,22620,22614,22619,345
2026-02-12 09:05:00,22613,22614,22613,22614,278
2026-02-12 09:06:00,22611,22612,22610,22611,144
2026-02-12 09:07:00,22621,22622,22621,22621,25
2026-02-12 09:08:00,22624,22625,22624,22625,286
2026-02-12 09:09:00,22622,22623,22622,22623,259
2026-02-12 09:10:00,22612,22615,22612,22615,1
2026-02-12 09:11:00,22612,22614,22609,22611,209
2026-02-12 09:12:00,22612,22612,22612,22612,230
2026-02-12 09:13:00,22608,22609,22607,22608,1
2026-02-12 09:14:00,22603,22606,22599,22602,194
2026-02-12 09:15:00,22603,22603,22601,22602,179
2026-02-12 09:16:00,22600,22602,22600,22601,165
2026-02-12 09:17:00,22604,22605,22604,22605,98
2026-02-12 09:18:00,22603,22605,22600,22603,232
2026-02-12 09:19:00,22602,22602,22601,22602,171
2026-02-12 09:20:00,22597,22599,22597,22598,182
2026-02-12 09:21:00,22593,22593,22593,22593,132
2026-02-12 09:22:00,22585,22588,22585,22586,235
2026-02-12 09:23:00,22583,22586,22581,22582,170
2026-02-12 09:24:00,22589,22590,22588,22589,228
2026-02-12 09:25:00,22589,22589,22588,22588,205
2026-02-12 09:26:00,22587,22588,22585,22587,214
2026-02-12 09:27:00,22585,22586,22585,22585,185
2026-02-12 09:28:00,22587,22587,22586,22586,236
2026-02-12 09:29:00,22590,22592,22589,22590,110
2026-02-12 09:30:00,22593,22596,22590,22593,1
2026-02-12 09:31:00,22597,22597,22596,22596,180
2026-02-12 09:32:00,22600,22602,22600,22601,25
2026-02-12 09:33:00,22603,22604,22601,22603,163
2026-02-12 09:34:00,22598,22604,22598,22598,82
2026-02-12 09:35:00,22601,22601,22601,22601,147
2026-02-12 09:36:00,22611,22615,22605,22613,329
2026-02-12 09:37:00,22612,22615,22607,22611,111
2026-02-12 09:38:00,22611,22612,22610,22612,230
2026-02-12 09:39:00,22613,22614,22612,22613,39
2026-02-12 09:40:00,22608,22610,22607,22608,212
2026-02-12 09:41:00,22611,22615,22609,22611,124
2026-02-12 09:42:00,22610,22611,22610,22611,259
2026-02-12 09:43:00,22611,22613,22610,22611,149
2026-02-12 09:44:00,22611,22611,22610,22611,1
2026-02-12 09:45:00,22612,22612,22611,22612,140
2026-02-12 09:46:00,22615,22616,22613,22614,206
2026-02-12 09:47:00,22614,22615,22613,22615,58
2026-02-12 09:48:00,22611,22611,22610,22611,197
2026-02-12 09:49:00,22611,22612,22610,22611,144
2026-02-12 09:50:00,22611,22617,22611,22611,275
2026-02-12 09:51:00,22610,22610,22609,22610,90
2026-02-12 09:52:00,22606,22608,22606,22607,120
2026-02-12 09:53:00,22604,22604,22603,22604,115
2026-02-12 09:54:00,22606,22608,22606,22607,63
2026-02-12 09:55:00,22603,22603,22602,22603,109
2026-02-12 09:56:00,22603,22603,22602,22603,165
2026-02-12 09:57:00,22607,22607,22607,22607,145
2026-02-12 09:58:00,22612,22615,22610,22610,104
2026-02-12 09:59:00,22619,22622,22614,22617,261
2026-02-12 10:00:00,22614,22616,22613,22615,230
2026-02-12 10:01:00,22612,22613,22609,22612,307
2026-02-12 10:02:00,22609,22610,22606,22609,182
2026-02-12 10:03:00,22609,22612,22605,22609,215
2026-02-12 10:04:00,22609,22609,22608,22608,1
2026-02-12 10:05:00,22606,22607,22606,22606,3
2026-02-12 10:06:00,22605,22606,22601,22603,105
2026-02-12 10:07:00,22603,22611,22598,22603,235
2026-02-12 10:08:00,22603,22604,22603,22603,236
2026-02-12 10:09:00,22604,22605,22600,22605,289
2026-02-12 10:10:00,22600,22601,22600,22600,265
2026-02-12 10:11:00,22599,22599,22596,22599,156
2026-02-12 10:12:00,22597,22602,22589,22597,184
2026-02-12 10:13:00,22600,22601,22596,22600,24
2026-02-12 10:14:00,22596,22597,22596,22597,162
2026-02-12 10:15:00,22593,22593,22593,22593,274
2026-02-12 10:16:00,22588,22588,22588,22588,169
2026-02-12 10:17:00,22586,22588,22586,22587,185
2026-02-12 10:18:00,22584,22584,22584,22584,208
2026-02-12 10:19:00,22581,22585,22580,22583,197
2026-02-12 10:20:00,22577,22577,22576,22577,1
2026-02-12 10:21:00,22578,22578,22577,22577,175
2026-02-12 10:22:00,22577,22578,22577,22577,318
2026-02-12 10:23:00,22577,22577,22576,22577,48
2026-02-12 10:24:00,22571,22573,22571,22572,273
2026-02-12 10:25:00,22564,22569,22564,22566,145
2026-02-12 10:26:00,22564,22565,22562,22564,124
2026-02-12 10:27:00,22568,22568,22567,22568,233
2026-02-12 10:28:00,22565,22565,22565,22565,175
2026-02-12 10:29:00,22567,22567,22567,22567,165
2026-02-12 10:30:00,22569,22573,22564,22569,185
2026-02-12 10:31:00,22568,22568,22567,22568,200
2026-02-12 10:32:00,22577,22577,22577,22577,142
2026-02-12 10:33:00,22583,22588,22579,22583,179
2026-02-12 10:34:00,22581,22581,22581,22581,125
2026-02-12 10:35:00,22584,22585,22584,22584,98
2026-02-12 10:36:00,22579,22581,22575,22579,106
2026-02-12 10:37:00,22574,22580,22574,22576,30
2026-02-12 10:38:00,22580,22580,22579,22580,19
2026-02-12 10:39:00,22580,22582,22579,22580,283
2026-02-12 10:40:00,22576,22576,22574,22575,52
2026-02-12 10:41:00,22574,22575,22572,22574,130
2026-02-12 10:42:00,22576,22578,22576,22577,120
2026-02-12 10:43:00,22573,22575,22570,22573,160
2026-02-12 10:44:00,22578,22578,22577,22578,202
2026-02-12 10:45:00,22581,22581,22580,22581,191
2026-02-12 10:46:00,22577,22579,22577,22578,175
2026-02-12 10:47:00,22576,22580,22575,22576,192
2026-02-12 10:48:00,22574,22574,22572,22574,80
2026-02-12 10:49:00,22574,22574,22573,22574,114
2026-02-12 10:50:00,22577,22577,22576,22576,202
2026-02-12 10:51:00,22575,22576,22573,22575,98
2026-02-12 10:52:00,22575,22575,22569,22572,320
2026-02-12 10:53:00,22569,22573,22569,22570,218
2026-02-12 10:54:00,22564,22567,22564,22565,149
2026-02-12 10:55:00,22569,22569,22568,22569,189
2026-02-12 10:56:00,22571,22572,22567,22570,146
2026-02-12 10:57:00,22570,22573,22567,22568,136
2026-02-12 10:58:00,22565,22568,22565,22566,213
2026-02-12 10:59:00,22569,22569,22568,22569,55
2026-02-12 11:00:00,22572,22575,22567,22571,266
2026-02-12 11:01:00,22569,22574,22569,22571,281
2026-02-12 11:02:00,22570,22577,22570,22573,176
2026-02-12 11:03:00,22572,22572,22570,22571,173
2026-02-12 11:04:00,22564,22567,22563,22565,140
2026-02-12 11:05:00,22561,22564,22561,22562,158
2026-02-12 11:06:00,22564,22564,22562,22563,1
2026-02-12 11:07:00,22558,22558,22556,22556,97
2026-02-12 11:08:00,22559,22559,22558,22559,106
2026-02-12 11:09:00,22556,22557,22554,22556,70
2026-02-12 11:10:00,22549,22553,22547,22550,174
2026-02-12 11:11:00,22549,22549,22549,22549,145
2026-02-12 11:12:00,22546,22547,22546,22547,20
2026-02-12 11:13:00,22544,22544,22541,22544,155
2026-02-12 11:14:00,22545,22546,22543,22545,156
2026-02-12 11:15:00,22549,22552,22546,22548,36
2026-02-12 11:16:00,22550,22550,22549,22549,69
2026-02-12 11:17:00,22551,22551,22549,22550,220
2026-02-12 11:18:00,22553,22557,22551,22553,196
2026-02-12 11:19:00,22551,22552,22551,22551,140
2026-02-12 11:20:00,22555,22555,22555,22555,115
2026-02-12 11:21:00,22553,22553,22553,22553,66
2026-02-12 11:22:00,22553,22556,22552,22555,1
2026-02-12 11:23:00,22555,22555,22554,22554,11
2026-02-12 11:24:00,22552,22553,22549,22552,232
2026-02-12 11:25:00,22554,22556,22553,22555,166
2026-02-12 11:26:00,22552,22552,22552,22552,158
2026-02-12 11:27:00,22551,22551,22549,22550,107
2026-02-12 11:28:00,22544,22544,22544,22544,140
2026-02-12 11:29:00,22547,22550,22544,22546,161
2026-02-12 11:30:00,22548,22549,22548,22548,223
2026-02-12 11:31:00,22551,22553,22550,22553,255
2026-02-12 11:32:00,22559,22559,22557,22559,125
2026-02-12 11:33:00,22558,22564,22553,22559,111
2026-02-12 11:34:00,22566,22566,22560,22563,152
2026-02-12 11:35:00,22562,22567,22562,22563,222
2026-02-12 11:36:00,22563,22563,22562,22563,198
2026-02-12 11:37:00,22561,22562,22559,22561,117
2026-02-12 11:38:00,22564,22565,22564,22565,173
2026-02-12 11:39:00,22569,22571,22569,22570,13
2026-02-12 11:40:00,22574,22575,22573,22574,104
2026-02-12 11:41:00,22577,22577,22574,22575,155
2026-02-12 11:42:00,22567,22568,22567,22568,54
2026-02-12 11:43:00,22573,22575,22570,22572,111
2026-02-12 11:44:00,22572,22577,22566,22575,157
2026-02-12 11:45:00,22577,22577,22577,22577,141
2026-02-12 11:46:00,22580,22580,22580,22580,174
2026-02-12 11:47:00,22581,22581,22581,22581,178
2026-02-12 11:48:00,22579,22580,22579,22579,190
2026-02-12 11:49:00,22581,22581,22579,22580,180
2026-02-12 11:50:00,22580,22580,22580,22580,288
2026-02-12 11:51:00,22584,22584,22579,22581,166
2026-02-12 11:52:00,22584,22584,22579,22583,56
2026-02-12 11:53:00,22575,22579,22575,22576,190
2026-02-12 11:54:00,22571,22574,22570,22571,54
2026-02-12 11:55:00,22570,22575,22569,22569,42
2026-02-12 11:56:00,22571,22575,22566,22571,1
2026-02-12 11:57:00,22576,22577,22575,22576,146
2026-02-12 11:58:00,22578,22578,22575,22576,215
2026-02-12 11:59:00,22580,22583,22579,22581,209
2026-02-12 12:00:00,22585,22588,22585,22586,7
2026-02-12 12:01:00,22584,22586,22583,22583,186
2026-02-12 12:02:00,22579,22580,22579,22580,26
2026-02-12 12:03:00,22578,22579,22578,22578,98
2026-02-12 12:04:00,22578,22579,22578,22579,232
2026-02-12 12:05:00,22578,22579,22577,22578,139
2026-02-12 12:06:00,22573,22579,22571,22575,49
2026-02-12 12:07:00,22575,22575,22575,22575,253
2026-02-12 12:08:00,22571,22579,22567,22573,252
2026-02-12 12:09:00,22568,22572,22567,22569,88
2026-02-12 12:10:00,22573,22574,22571,22573,118
2026-02-12 12:11:00,22572,22577,22569,22570,218
2026-02-12 12:12:00,22567,22567,22566,22567,45
2026-02-12 12:13:00,22567,22569,22567,22568,256
2026-02-12 12:14:00,22566,22568,22566,22567,250
2026-02-12 12:15:00,22570,22574,22567,22570,262
2026-02-12 12:16:00,22573,22573,22573,22573,113
2026-02-12 12:17:00,22574,22575,22574,22575,102
2026-02-12 12:18:00,22570,22570,22570,22570,99
2026-02-12 12:19:00,22570,22572,22569,22570,175
2026-02-12 12:20:00,22568,22568,22568,22568,104
2026-02-12 12:21:00,22564,22566,22563,22565,158
2026-02-12 12:22:00,22565,22567,22561,22565,224
2026-02-12 12:23:00,22566,22570,22563,22564,294
2026-02-12 12:24:00,22563,22563,22561,22561,227
2026-02-12 12:25:00,22559,22559,22559,22559,113
2026-02-12 12:26:00,22559,22561,22556,22560,109
2026-02-12 12:27:00,22559,22567,22555,22560,255
2026-02-12 12:28:00,22562,22564,22558,22562,26
2026-02-12 12:29:00,22560,22561,22560,22560,160
2026-02-12 12:30:00,22562,22562,22562,22562,137
2026-02-12 12:31:00,22560,22561,22559,22560,75
2026-02-12 12:32:00,22564,22565,22564,22564,179
2026-02-12 12:33:00,22567,22568,22566,22566,1
2026-02-12 12:34:00,22565,22567,22565,22565,149
2026-02-12 12:35:00,22562,22564,22562,22564,2
2026-02-12 12:36:00,22565,22566,22565,22565,119
2026-02-12 12:37:00,22566,22568,22566,22568,151
2026-02-12 12:38:00,22569,22570,22568,22568,216
2026-02-12 12:39:00,22561,22562,22560,22560,115
2026-02-12 12:40:00,22563,22563,22561,22562,219
2026-02-12 12:41:00,22563,22564,22562,22563,102
2026-02-12 12:42:00,22571,22571,22570,22571,61
2026-02-12 12:43:00,22571,22572,22571,22572,103
2026-02-12 12:44:00,22570,22572,22568,22569,94
2026-02-12 12:45:00,22575,22575,22573,22574,6
2026-02-12 12:46:00,22566,22566,22566,22566,240
2026-02-12 12:47:00,22570,22570,22570,22570,232
2026-02-12 12:48:00,22575,22575,22575,22575,313
2026-02-12 12:49:00,22577,22578,22577,22577,138
2026-02-12 12:50:00,22582,22582,22577,22578,190
2026-02-12 12:51:00,22574,22574,22572,22573,182
2026-02-12 12:52:00,22570,22570,22568,22569,123
2026-02-12 12:53:00,22566,22569,22566,22567,140
2026-02-12 12:54:00,22567,22568,22566,22567,246
2026-02-12 12:55:00,22568,22570,22561,22566,233
2026-02-12 12:56:00,22560,22562,22560,22561,1
2026-02-12 12:57:00,22564,22564,22563,22564,240
2026-02-12 12:58:00,22565,22567,22562,22564,302
2026-02-12 12:59:00,22567,22569,22567,22568,181
2026-02-12 13:00:00,22571,22571,22568,22570,1
2026-02-12 13:01:00,22573,22573,22571,22572,215
2026-02-12 13:02:00,22575,22577,22575,22576,49
2026-02-12 13:03:00,22575,22575,22575,22575,102
2026-02-12 13:04:00,22579,22581,22574,22576,98
2026-02-12 13:05:00,22568,22569,22568,22569,173
2026-02-12 13:06:00,22568,22568,22565,22566,15
2026-02-12 13:07:00,22565,22565,22565,22565,100
2026-02-12 13:08:00,22564,22564,22564,22564,152
2026-02-12 13:09:00,22565,22565,22565,22565,239
2026-02-12 13:10:00,22565,22571,22564,22564,147
2026-02-12 13:11:00,22564,22565,22564,22565,171
2026-02-12 13:12:00,22567,22568,22567,22567,107
2026-02-12 13:13:00,22573,22577,22565,22569,161
2026-02-12 13:14:00,22571,22572,22570,22571,136
2026-02-12 13:15:00,22571,22572,22571,22571,247
2026-02-12 13:16:00,22569,22569,22569,22569,229
2026-02-12 13:17:00,22571,22571,22570,22570,84
2026-02-12 13:18:00,22571,22571,22571,22571,197
2026-02-12 13:19:00,22575,22576,22575,22575,170
2026-02-12 13:20:00,22575,22577,22575,22577,178
2026-02-12 13:21:00,22579,22579,22578,22579,92
2026-02-12 13:22:00,22580,22580,22580,22580,57
2026-02-12 13:23:00,22579,22580,22579,22579,239
2026-02-12 13:24:00,22579,22580,22578,22579,166
2026-02-12 13:25:00,22577,22578,22576,22577,157
2026-02-12 13:26:00,22586,22586,22580,22583,288
2026-02-12 13:27:00,22585,22585,22585,22585,357
2026-02-12 13:28:00,22580,22583,22580,22582,318
2026-02-12 13:29:00,22587,22590,22582,22586,139
2026-02-12 13:30:00,22589,22590,22589,22589,340
2026-02-12 13:31:00,22580,22586,22576,22582,329
2026-02-12 13:32:00,22579,22579,22578,22579,257
2026-02-12 13:33:00,22577,22579,22577,22577,434
2026-02-12 13:34:00,22583,22590,22580,22582,329
2026-02-12 13:35:00,22579,22586,22579,22581,355
2026-02-12 13:36:00,22585,22585,22568,22581,504
2026-02-12 13:37:00,22569,22569,22568,22569,356
2026-02-12 13:38:00,22566,22567,22565,22565,129
2026-02-12 13:39:00,22563,22570,22561,22567,157
2026-02-12 13:40:00,22567,22567,22566,22567,311
2026-02-12 13:41:00,22566,22567,22563,22564,275
2026-02-12 13:42:00,22576,22576,22574,22576,378
2026-02-12 13:43:00,22582,22589,22582,22585,147
2026-02-12 13:44:00,22584,22587,22580,22586,211
2026-02-13 08:45:00,22547,22550,22547,22549,174
2026-02-13 08:46:00,22541,22544,22540,22543,334
2026-02-13 08:47:00,22542,22543,22541,22542,483
2026-02-13 08:48:00,22542,22543,22542,22543,103
2026-02-13 08:49:00,22532,22537,22525,22536,222
2026-02-13 08:50:00,22533,22534,22530,22530,288
2026-02-13 08:51:00,22533,22538,22530,22532,287
2026-02-13 08:52:00,22537,22540,22537,22538,408
2026-02-13 08:53:00,22535,22536,22533,22535,288
2026-02-13 08:54:00,22528,22541,22528,22538,265
2026-02-13 08:55:00,22534,22535,22533,22534,366
2026-02-13 08:56:00,22532,22536,22520,22534,504
2026-02-13 08:57:00,22534,22535,22530,22533,112
2026-02-13 08:58:00,22536,22536,22522,22535,142
2026-02-13 08:59:00,22538,22539,22538,22539,502
2026-02-13 09:00:00,22535,22536,22535,22535,161
2026-02-13 09:01:00,22531,22531,22531,22531,216
2026-02-13 09:02:00,22537,22539,22535,22536,190
2026-02-13 09:03:00,22544,22544,22539,22540,13
2026-02-13 09:04:00,22539,22539,22539,22539,186
2026-02-13 09:05:00,22538,22538,22537,22538,176
2026-02-13 09:06:00,22540,22540,22539,22539,147
2026-02-13 09:07:00,22540,22540,22537,22538,119
2026-02-13 09:08:00,22536,22536,22535,22536,218
2026-02-13 09:09:00,22533,22533,22532,22533,276
2026-02-13 09:10:00,22532,22534,22532,22533,121
2026-02-13 09:11:00,22534,22535,22533,22534,309
2026-02-13 09:12:00,22541,22541,22536,22537,350
2026-02-13 09:13:00,22539,22539,22539,22539,191
2026-02-13 09:14:00,22542,22543,22538,22543,255
2026-02-13 09:15:00,22540,22540,22540,22540,200
2026-02-13 09:16:00,22536,22539,22536,22538,168
2026-02-13 09:17:00,22540,22540,22540,22540,232
2026-02-13 09:18:00,22539,22545,22535,22539,63
2026-02-13 09:19:00,22540,22542,22540,22541,202
2026-02-13 09:20:00,22540,22540,22539,22540,195
2026-02-13 09:21:00,22543,22543,22540,22542,260
2026-02-13 09:22:00,22545,22547,22544,22545,175
2026-02-13 09:23:00,22539,22541,22539,22540,15
2026-02-13 09:24:00,22541,22544,22541,22542,92
2026-02-13 09:25:00,22542,22542,22542,22542,154
2026-02-13 09:26:00,22542,22542,22542,22542,420
2026-02-13 09:27:00,22543,22543,22540,22542,305
2026-02-13 09:28:00,22545,22546,22542,22545,88
2026-02-13 09:29:00,22548,22550,22546,22548,199
2026-02-13 09:30:00,22548,22549,22546,22548,192
2026-02-13 09:31:00,22550,22550,22549,22550,147
2026-02-13 09:32:00,22548,22549,22548,22549,383
2026-02-13 09:33:00,22541,22544,22540,22542,1
2026-02-13 09:34:00,22540,22543,22539,22540,39
2026-02-13 09:35:00,22546,22546,22545,22545,43
2026-02-13 09:36:00,22544,22544,22543,22544,255
2026-02-13 09:37:00,22546,22546,22546,22546,285
2026-02-13 09:38:00,22548,22550,22548,22548,318
2026-02-13 09:39:00,22548,22552,22548,22549,24
2026-02-13 09:40:00,22553,22557,22549,22553,39
2026-02-13 09:41:00,22553,22555,22551,22553,170
2026-02-13 09:42:00,22556,22559,22555,22556,179
2026-02-13 09:43:00,22550,22551,22550,22550,304
2026-02-13 09:44:00,22553,22553,22553,22553,276
2026-02-13 09:45:00,22552,22552,22551,22551,100
2026-02-13 09:46:00,22550,22551,22549,22550,26
2026-02-13 09:47:00,22549,22550,22548,22549,221
2026-02-13 09:48:00,22541,22541,22541,22541,227
2026-02-13 09:49:00,22537,22538,22537,22537,195
2026-02-13 09:50:00,22538,22542,22538,22540,111
2026-02-13 09:51:00,22540,22540,22538,22540,210
2026-02-13 09:52:00,22537,22538,22537,22538,112
2026-02-13 09:53:00,22540,22540,22539,22540,189
2026-02-13 09:54:00,22546,22549,22546,22546,131
2026-02-13 09:55:00,22549,22555,22549,22552,86
2026-02-13 09:56:00,22555,22556,22552,22556,101
2026-02-13 09:57:00,22552,22552,22551,22551,142
2026-02-13 09:58:00,22554,22554,22553,22554,150
2026-02-13 09:59:00,22554,22558,22549,22553,216
2026-02-13 10:00:00,22552,22552,22552,22552,134
2026-02-13 10:01:00,22550,22551,22550,22551,154
2026-02-13 10:02:00,22554,22557,22554,22555,190
2026-02-13 10:03:00,22555,22555,22555,22555,228
2026-02-13 10:04:00,22553,22553,22552,22553,223
2026-02-13 10:05:00,22551,22552,22550,22551,102
2026-02-13 10:06:00,22549,22550,22548,22548,45
2026-02-13 10:07:00,22549,22549,22546,22548,165
2026-02-13 10:08:00,22546,22547,22544,22546,76
2026-02-13 10:09:00,22546,22547,22545,22546,219
2026-02-13 10:10:00,22550,22550,22549,22549,367
2026-02-13 10:11:00,22556,22556,22556,22556,79
2026-02-13 10:12:00,22553,22555,22553,22554,304
2026-02-13 10:13:00,22562,22562,22561,22561,109
2026-02-13 10:14:00,22565,22566,22564,22565,227
2026-02-13 10:15:00,22563,22564,22561,22563,196
2026-02-13 10:16:00,22565,22566,22565,22565,118
2026-02-13 10:17:00,22568,22568,22568,22568,33
2026-02-13 10:18:00,22558,22562,22558,22559,206
2026-02-13 10:19:00,22557,22559,22556,22557,22
2026-02-13 10:20:00,22561,22563,22560,22561,160
2026-02-13 10:21:00,22560,22561,22560,22560,226
2026-02-13 10:22:00,22556,22556,22556,22556,18
2026-02-13 10:23:00,22554,22555,22554,22554,141
2026-02-13 10:24:00,22548,22553,22548,22551,141
2026-02-13 10:25:00,22556,22558,22556,22557,105
2026-02-13 10:26:00,22553,22553,22551,22553,190
2026-02-13 10:27:00,22551,22553,22550,22550,118
2026-02-13 10:28:00,22551,22553,22549,22551,45
2026-02-13 10:29:00,22545,22548,22543,22546,110
2026-02-13 10:30:00,22546,22548,22539,22545,29
2026-02-13 10:31:00,22542,22544,22541,22543,228
2026-02-13 10:32:00,22543,22545,22542,22544,267
2026-02-13 10:33:00,22552,22552,22550,22551,191
2026-02-13 10:34:00,22550,22550,22549,22549,115
2026-02-13 10:35:00,22546,22546,22539,22546,15
2026-02-13 10:36:00,22545,22546,22545,22545,209
2026-02-13 10:37:00,22549,22549,22549,22549,170
2026-02-13 10:38:00,22545,22545,22544,22544,150
2026-02-13 10:39:00,22549,22554,22549,22551,118
2026-02-13 10:40:00,22552,22553,22552,22553,219
2026-02-13 10:41:00,22550,22550,22550,22550,104
2026-02-13 10:42:00,22551,22553,22551,22551,151
2026-02-13 10:43:00,22548,22549,22546,22548,90
2026-02-13 10:44:00,22550,22553,22546,22550,151
2026-02-13 10:45:00,22548,22551,22547,22550,230
2026-02-13 10:46:00,22558,22558,22558,22558,195
2026-02-13 10:47:00,22553,22553,22552,22553,53
2026-02-13 10:48:00,22548,22548,22548,22548,184
2026-02-13 10:49:00,22555,22556,22554,22554,195
2026-02-13 10:50:00,22550,22550,22550,22550,173
2026-02-13 10:51:00,22552,22552,22552,22552,279
2026-02-13 10:52:00,22552,22553,22552,22552,1
2026-02-13 10:53:00,22555,22558,22555,22555,236
2026-02-13 10:54:00,22555,22556,22554,22555,231
2026-02-13 10:55:00,22549,22550,22549,22550,127
2026-02-13 10:56:00,22553,22554,22552,22553,173
2026-02-13 10:57:00,22559,22561,22558,22560,53
2026-02-13 10:58:00,22559,22559,22556,22557,239
2026-02-13 10:59:00,22555,22556,22555,22555,44
2026-02-13 11:00:00,22556,22559,22556,22558,105
2026-02-13 11:01:00,22557,22558,22555,22557,90
2026-02-13 11:02:00,22554,22554,22553,22554,132
2026-02-13 11:03:00,22552,22552,22546,22549,85
2026-02-13 11:04:00,22554,22554,22546,22553,155
2026-02-13 11:05:00,22545,22550,22545,22546,265
2026-02-13 11:06:00,22545,22546,22545,22545,272
2026-02-13 11:07:00,22543,22544,22543,22543,153
2026-02-13 11:08:00,22540,22543,22540,22541,162
2026-02-13 11:09:00,22540,22540,22540,22540,116
2026-02-13 11:10:00,22540,22544,22540,22542,198
2026-02-13 11:11:00,22537,22537,22537,22537,55
2026-02-13 11:12:00,22534,22534,22532,22532,326
2026-02-13 11:13:00,22535,22536,22535,22535,147
2026-02-13 11:14:00,22536,22540,22536,22538,214
2026-02-13 11:15:00,22533,22533,22533,22533,82
2026-02-13 11:16:00,22535,22535,22533,22534,225
2026-02-13 11:17:00,22532,22532,22531,22531,224
2026-02-13 11:18:00,22529,22530,22528,22530,1
2026-02-13 11:19:00,22529,22530,22524,22528,142
2026-02-13 11:20:00,22527,22530,22525,22527,161
2026-02-13 11:21:00,22519,22519,22518,22518,234
2026-02-13 11:22:00,22516,22516,22515,22516,190
2026-02-13 11:23:00,22516,22518,22515,22515,180
2026-02-13 11:24:00,22523,22528,22521,22522,274
2026-02-13 11:25:00,22529,22529,22529,22529,102
2026-02-13 11:26:00,22524,22525,22524,22525,55
2026-02-13 11:27:00,22527,22528,22525,22527,46
2026-02-13 11:28:00,22528,22529,22527,22528,62
2026-02-13 11:29:00,22525,22527,22525,22526,168
2026-02-13 11:30:00,22528,22528,22527,22528,101
2026-02-13 11:31:00,22529,22530,22527,22529,177
2026-02-13 11:32:00,22532,22534,22530,22532,30
2026-02-13 11:33:00,22535,22538,22534,22535,233
2026-02-13 11:34:00,22542,22545,22538,22538,168
2026-02-13 11:35:00,22532,22541,22530,22532,26
2026-02-13 11:36:00,22531,22531,22531,22531,226
2026-02-13 11:37:00,22532,22533,22529,22533,101
2026-02-13 11:38:00,22535,22535,22535,22535,49
2026-02-13 11:39:00,22537,22537,22535,22536,123
2026-02-13 11:40:00,22534,22534,22534,22534,138
2026-02-13 11:41:00,22529,22530,22529,22529,156
2026-02-13 11:42:00,22532,22532,22531,22532,101
2026-02-13 11:43:00,22531,22531,22529,22530,163
2026-02-13 11:44:00,22526,22526,22524,22525,238
2026-02-13 11:45:00,22519,22519,22519,22519,255
2026-02-13 11:46:00,22517,22517,22514,22516,111
2026-02-13 11:47:00,22514,22516,22512,22515,60
2026-02-13 11:48:00,22519,22519,22516,22518,69
2026-02-13 11:49:00,22518,22521,22518,22520,183
2026-02-13 11:50:00,22521,22521,22520,22521,96
2026-02-13 11:51:00,22525,22525,22523,22524,262
2026-02-13 11:52:00,22526,22526,22524,22525,195
2026-02-13 11:53:00,22522,22528,22522,22523,87
2026-02-13 11:54:00,22526,22526,22526,22526,149
2026-02-13 11:55:00,22527,22527,22527,22527,221
2026-02-13 11:56:00,22517,22521,22517,22518,203
2026-02-13 11:57:00,22522,22524,22522,22523,28
2026-02-13 11:58:00,22525,22525,22525,22525,112
2026-02-13 11:59:00,22528,22528,22528,22528,12
2026-02-13 12:00:00,22528,22528,22526,22528,155
2026-02-13 12:01:00,22527,22527,22527,22527,104
2026-02-13 12:02:00,22530,22533,22527,22530,122
2026-02-13 12:03:00,22529,22530,22529,22529,155
2026-02-13 12:04:00,22528,22531,22526,22527,175
2026-02-13 12:05:00,22525,22525,22522,22523,66
2026-02-13 12:06:00,22520,22520,22519,22520,152
2026-02-13 12:07:00,22527,22529,22525,22528,98
2026-02-13 12:08:00,22530,22532,22530,22530,141
2026-02-13 12:09:00,22527,22527,22526,22527,100
2026-02-13 12:10:00,22527,22530,22526,22527,74
2026-02-13 12:11:00,22527,22528,22527,22527,134
2026-02-13 12:12:00,22529,22530,22523,22527,332
2026-02-13 12:13:00,22528,22528,22528,22528,141
2026-02-13 12:14:00,22527,22529,22526,22528,138
2026-02-13 12:15:00,22530,22531,22528,22529,170
2026-02-13 12:16:00,22534,22535,22534,22534,41
2026-02-13 12:17:00,22537,22537,22533,22535,120
2026-02-13 12:18:00,22531,22532,22530,22531,177
2026-02-13 12:19:00,22536,22536,22536,22536,201
2026-02-13 12:20:00,22544,22545,22543,22544,188
2026-02-13 12:21:00,22541,22542,22538,22540,19
2026-02-13 12:22:00,22543,22543,22543,22543,185
2026-02-13 12:23:00,22539,22539,22537,22538,170
2026-02-13 12:24:00,22547,22548,22547,22548,11
2026-02-13 12:25:00,22544,22547,22544,22546,88
2026-02-13 12:26:00,22544,22544,22544,22544,211
2026-02-13 12:27:00,22542,22542,22541,22541,283
2026-02-13 12:28:00,22542,22542,22542,22542,224
2026-02-13 12:29:00,22539,22539,22539,22539,67
2026-02-13 12:30:00,22540,22540,22538,22540,155
2026-02-13 12:31:00,22543,22543,22539,22542,35
2026-02-13 12:32:00,22542,22543,22541,22542,240
2026-02-13 12:33:00,22544,22546,22539,22543,33
2026-02-13 12:34:00,22541,22541,22540,22541,110
2026-02-13 12:35:00,22544,22544,22544,22544,137
2026-02-13 12:36:00,22543,22547,22541,22543,127
2026-02-13 12:37:00,22542,22545,22541,22543,161
2026-02-13 12:38:00,22544,22545,22543,22545,191
2026-02-13 12:39:00,22539,22544,22539,22539,203
2026-02-13 12:40:00,22532,22533,22529,22532,1
2026-02-13 12:41:00,22529,22530,22529,22529,281
2026-02-13 12:42:00,22534,22534,22526,22533,183
2026-02-13 12:43:00,22533,22535,22532,22534,263
2026-02-13 12:44:00,22536,22540,22535,22536,255
2026-02-13 12:45:00,22532,22535,22532,22533,104
2026-02-13 12:46:00,22532,22538,22530,22535,183
2026-02-13 12:47:00,22542,22544,22538,22542,223
2026-02-13 12:48:00,22540,22552,22540,22544,62
2026-02-13 12:49:00,22538,22538,22538,22538,1
2026-02-13 12:50:00,22534,22537,22534,22536,170
2026-02-13 12:51:00,22537,22538,22536,22537,145
2026-02-13 12:52:00,22538,22545,22536,22539,108
2026-02-13 12:53:00,22537,22537,22537,22537,158
2026-02-13 12:54:00,22533,22535,22533,22534,240
2026-02-13 12:55:00,22536,22536,22534,22535,277
2026-02-13 12:56:00,22533,22533,22533,22533,230
2026-02-13 12:57:00,22528,22530,22528,22529,100
2026-02-13 12:58:00,22533,22534,22533,22533,99
2026-02-13 12:59:00,22533,22536,22532,22532,113
2026-02-13 13:00:00,22532,22532,22532,22532,118
2026-02-13 13:01:00,22529,22529,22529,22529,151
2026-02-13 13:02:00,22530,22530,22523,22529,97
2026-02-13 13:03:00,22529,22529,22529,22529,74
2026-02-13 13:04:00,22531,22531,22531,22531,81
2026-02-13 13:05:00,22531,22534,22531,22532,100
2026-02-13 13:06:00,22535,22541,22535,22535,81
2026-02-13 13:07:00,22533,22533,22531,22533,48
2026-02-13 13:08:00,22533,22533,22532,22533,6
2026-02-13 13:09:00,22530,22530,22530,22530,1
2026-02-13 13:10:00,22523,22525,22522,22522,43
2026-02-13 13:11:00,22533,22533,22528,22531,55
2026-02-13 13:12:00,22533,22535,22532,22533,240
2026-02-13 13:13:00,22528,22528,22525,22527,198
2026-02-13 13:14:00,22527,22527,22527,22527,95
2026-02-13 13:15:00,22527,22530,22523,22527,126
2026-02-13 13:16:00,22531,22535,22531,22532,152
2026-02-13 13:17:00,22519,22521,22517,22518,78
2026-02-13 13:18:00,22517,22519,22515,22517,79
2026-02-13 13:19:00,22510,22514,22504,22512,176
2026-02-13 13:20:00,22511,22511,22511,22511,82
2026-02-13 13:21:00,22511,22513,22507,22510,79
2026-02-13 13:22:00,22511,22512,22511,22512,1
2026-02-13 13:23:00,22510,22510,22509,22510,122
2026-02-13 13:24:00,22504,22505,22503,22504,120
2026-02-13 13:25:00,22501,22501,22501,22501,114
2026-02-13 13:26:00,22498,22508,22496,22498,302
2026-02-13 13:27:00,22499,22502,22493,22498,313
2026-02-13 13:28:00,22498,22504,22493,22500,372
2026-02-13 13:29:00,22505,22506,22505,22506,182
2026-02-13 13:30:00,22498,22501,22496,22499,229
2026-02-13 13:31:00,22501,22503,22499,22500,186
2026-02-13 13:32:00,22497,22498,22495,22497,262
2026-02-13 13:33:00,22495,22496,22493,22495,3
2026-02-13 13:34:00,22493,22501,22493,22495,390
2026-02-13 13:35:00,22490,22491,22490,22491,57
2026-02-13 13:36:00,22491,22491,22491,22491,257
2026-02-13 13:37:00,22486,22486,22483,22485,336
2026-02-13 13:38:00,22492,22496,22488,22493,226
2026-02-13 13:39:00,22502,22509,22496,22500,193
2026-02-13 13:40:00,22498,22499,22498,22498,383
2026-02-13 13:41:00,22488,22489,22487,22488,141
2026-02-13 13:42:00,22490,22491,22490,22490,316
2026-02-13 13:43:00,22497,22498,22497,22497,559
2026-02-13 13:44:00,22496,22497,22496,22496,309
2026-02-16 08:45:00,22508,22509,22508,22509,402
2026-02-16 08:46:00,22521,22521,22516,22516,420
2026-02-16 08:47:00,22523,22524,22522,22523,1
2026-02-16 08:48:00,22521,22522,22521,22522,259
2026-02-16 08:49:00,22518,22520,22518,22520,423
2026-02-16 08:50:00,22513,22514,22513,22513,295
2026-02-16 08:51:00,22501,22502,22500,22501,213
2026-02-16 08:52:00,22503,22503,22503,22503,345
2026-02-16 08:53:00,22497,22500,22495,22498,24
2026-02-16 08:54:00,22482,22483,22481,22482,262
2026-02-16 08:55:00,22478,22481,22478,22481,372
2026-02-16 08:56:00,22481,22481,22473,22477,231
2026-02-16 08:57:00,22469,22471,22467,22468,353
2026-02-16 08:58:00,22472,22473,22469,22471,347
2026-02-16 08:59:00,22472,22472,22471,22472,127
2026-02-16 09:00:00,22474,22475,22473,22474,128
2026-02-16 09:01:00,22468,22471,22465,22467,12
2026-02-16 09:02:00,22468,22474,22468,22469,330
2026-02-16 09:03:00,22468,22470,22459,22465,241
2026-02-16 09:04:00,22466,22472,22466,22468,290
2026-02-16 09:05:00,22466,22469,22466,22467,1
2026-02-16 09:06:00,22468,22468,22464,22468,50
2026-02-16 09:07:00,22461,22466,22458,22461,182
2026-02-16 09:08:00,22463,22463,22463,22463,158
2026-02-16 09:09:00,22458,22461,22457,22458,212
2026-02-16 09:10:00,22461,22464,22461,22463,284
2026-02-16 09:11:00,22461,22461,22460,22461,261
2026-02-16 09:12:00,22457,22461,22455,22457,96
2026-02-16 09:13:00,22461,22461,22458,22461,92
2026-02-16 09:14:00,22469,22472,22468,22471,278
2026-02-16 09:15:00,22466,22468,22462,22467,184
2026-02-16 09:16:00,22469,22469,22468,22469,27
2026-02-16 09:17:00,22474,22475,22473,22474,203
2026-02-16 09:18:00,22477,22478,22477,22477,147
2026-02-16 09:19:00,22480,22483,22480,22481,20
2026-02-16 09:20:00,22490,22493,22490,22490,265
2026-02-16 09:21:00,22487,22490,22487,22487,210
2026-02-16 09:22:00,22484,22484,22484,22484,160
2026-02-16 09:23:00,22483,22483,22483,22483,162
2026-02-16 09:24:00,22486,22487,22486,22487,113
2026-02-16 09:25:00,22482,22482,22480,22482,219
2026-02-16 09:26:00,22485,22487,22482,22485,40
2026-02-16 09:27:00,22478,22481,22478,22479,123
2026-02-16 09:28:00,22480,22481,22470,22478,121
2026-02-16 09:29:00,22482,22482,22480,22482,38
2026-02-16 09:30:00,22485,22487,22485,22486,152
2026-02-16 09:31:00,22481,22485,22480,22481,101
2026-02-16 09:32:00,22486,22486,22485,22485,158
2026-02-16 09:33:00,22481,22481,22481,22481,124
2026-02-16 09:34:00,22483,22486,22480,22483,306
2026-02-16 09:35:00,22487,22488,22487,22488,78
2026-02-16 09:36:00,22489,22491,22489,22490,230
2026-02-16 09:37:00,22483,22487,22483,22484,134
2026-02-16 09:38:00,22487,22489,22486,22487,85
2026-02-16 09:39:00,22491,22492,22487,22490,1
2026-02-16 09:40:00,22487,22488,22486,22486,227
2026-02-16 09:41:00,22492,22497,22489,22490,225
2026-02-16 09:42:00,22486,22486,22485,22486,264
2026-02-16 09:43:00,22485,22486,22479,22485,65
2026-02-16 09:44:00,22485,22486,22484,22485,50
2026-02-16 09:45:00,22483,22484,22482,22483,141
2026-02-16 09:46:00,22482,22482,22481,22481,12
2026-02-16 09:47:00,22475,22476,22472,22475,110
2026-02-16 09:48:00,22474,22475,22474,22474,182
2026-02-16 09:49:00,22469,22474,22466,22472,36
2026-02-16 09:50:00,22467,22470,22467,22469,250
2026-02-16 09:51:00,22470,22470,22469,22470,214
2026-02-16 09:52:00,22476,22477,22475,22476,119
2026-02-16 09:53:00,22478,22479,22477,22478,269
2026-02-16 09:54:00,22476,22481,22476,22480,245
2026-02-16 09:55:00,22480,22480,22478,22480,99
2026-02-16 09:56:00,22480,22481,22479,22480,91
2026-02-16 09:57:00,22490,22494,22487,22490,196
2026-02-16 09:58:00,22491,22492,22488,22492,47
2026-02-16 09:59:00,22493,22494,22493,22493,195
2026-02-16 10:00:00,22491,22492,22490,22492,95
2026-02-16 10:01:00,22486,22487,22485,22487,248
2026-02-16 10:02:00,22492,22492,22491,22492,144
2026-02-16 10:03:00,22491,22492,22491,22491,60
2026-02-16 10:04:00,22493,22494,22491,22492,229
2026-02-16 10:05:00,22489,22497,22485,22491,142
2026-02-16 10:06:00,22493,22502,22490,22494,105
2026-02-16 10:07:00,22490,22493,22490,22491,150
2026-02-16 10:08:00,22489,22489,22488,22489,157
2026-02-16 10:09:00,22499,22500,22499,22499,328
2026-02-16 10:10:00,22499,22499,22498,22499,126
2026-02-16 10:11:00,22492,22492,22487,22492,157
2026-02-16 10:12:00,22485,22486,22485,22486,123
2026-02-16 10:13:00,22491,22495,22485,22489,197
2026-02-16 10:14:00,22488,22489,22488,22489,172
2026-02-16 10:15:00,22492,22492,22492,22492,233
2026-02-16 10:16:00,22492,22492,22491,22491,218
2026-02-16 10:17:00,22494,22496,22486,22492,152
2026-02-16 10:18:00,22493,22493,22491,22493,157
2026-02-16 10:19:00,22492,22492,22490,22491,291
2026-02-16 10:20:00,22485,22487,22484,22485,182
2026-02-16 10:21:00,22483,22485,22483,22484,212
2026-02-16 10:22:00,22492,22492,22491,22492,89
2026-02-16 10:23:00,22488,22494,22486,22490,63
2026-02-16 10:24:00,22487,22488,22486,22487,88
2026-02-16 10:25:00,22491,22493,22482,22490,87
2026-02-16 10:26:00,22482,22486,22481,22483,135
2026-02-16 10:27:00,22481,22482,22480,22481,152
2026-02-16 10:28:00,22487,22487,22486,22487,199
2026-02-16 10:29:00,22494,22494,22493,22493,186
2026-02-16 10:30:00,22489,22492,22489,22490,247
2026-02-16 10:31:00,22491,22492,22489,22490,100
2026-02-16 10:32:00,22493,22494,22491,22493,106
2026-02-16 10:33:00,22492,22493,22492,22492,108
2026-02-16 10:34:00,22496,22499,22495,22496,81
2026-02-16 10:35:00,22495,22495,22487,22491,172
2026-02-16 10:36:00,22487,22491,22485,22488,30
2026-02-16 10:37:00,22492,22497,22492,22493,227
2026-02-16 10:38:00,22492,22495,22490,22492,118
2026-02-16 10:39:00,22489,22489,22488,22489,356
2026-02-16 10:40:00,22489,22490,22489,22489,1
2026-02-16 10:41:00,22489,22489,22485,22487,139
2026-02-16 10:42:00,22487,22489,22487,22488,154
2026-02-16 10:43:00,22487,22489,22487,22488,30
2026-02-16 10:44:00,22484,22484,22484,22484,15
2026-02-16 10:45:00,22484,22484,22482,22483,97
2026-02-16 10:46:00,22483,22485,22480,22480,26
2026-02-16 10:47:00,22482,22483,22481,22482,179
2026-02-16 10:48:00,22481,22483,22480,22481,286
2026-02-16 10:49:00,22486,22487,22486,22486,220
2026-02-16 10:50:00,22484,22484,22483,22483,141
2026-02-16 10:51:00,22483,22483,22483,22483,239
2026-02-16 10:52:00,22484,22485,22483,22484,84
2026-02-16 10:53:00,22488,22492,22487,22488,21
2026-02-16 10:54:00,22486,22487,22486,22486,84
2026-02-16 10:55:00,22496,22496,22495,22496,76
2026-02-16 10:56:00,22494,22495,22494,22495,83
2026-02-16 10:57:00,22499,22499,22498,22499,1
2026-02-16 10:58:00,22497,22498,22497,22497,202
2026-02-16 10:59:00,22496,22496,22495,22496,91
2026-02-16 11:00:00,22496,22496,22496,22496,76
2026-02-16 11:01:00,22497,22497,22497,22497,270
2026-02-16 11:02:00,22495,22496,22493,22495,74
2026-02-16 11:03:00,22489,22490,22489,22489,182
2026-02-16 11:04:00,22481,22481,22481,22481,77
2026-02-16 11:05:00,22483,22483,22481,22482,91
2026-02-16 11:06:00,22482,22482,22479,22481,175
2026-02-16 11:07:00,22482,22482,22480,22480,359
2026-02-16 11:08:00,22484,22484,22482,22483,204
2026-02-16 11:09:00,22480,22481,22479,22481,49
2026-02-16 11:10:00,22480,22480,22479,22480,2
2026-02-16 11:11:00,22474,22476,22474,22475,35
2026-02-16 11:12:00,22472,22478,22472,22476,1
2026-02-16 11:13:00,22478,22478,22478,22478,89
2026-02-16 11:14:00,22475,22475,22475,22475,46
2026-02-16 11:15:00,22473,22475,22466,22475,184
2026-02-16 11:16:00,22469,22470,22468,22469,108
2026-02-16 11:17:00,22468,22475,22465,22470,279
2026-02-16 11:18:00,22469,22469,22469,22469,231
2026-02-16 11:19:00,22476,22477,22476,22476,139
2026-02-16 11:20:00,22476,22479,22476,22477,214
2026-02-16 11:21:00,22478,22481,22478,22480,231
2026-02-16 11:22:00,22478,22479,22478,22478,19
2026-02-16 11:23:00,22474,22476,22470,22475,118
2026-02-16 11:24:00,22478,22480,22478,22479,63
2026-02-16 11:25:00,22484,22485,22482,22483,282
2026-02-16 11:26:00,22476,22477,22476,22477,195
2026-02-16 11:27:00,22478,22479,22477,22478,176
2026-02-16 11:28:00,22479,22480,22479,22479,233
2026-02-16 11:29:00,22480,22481,22476,22477,203
2026-02-16 11:30:00,22471,22479,22471,22472,228
2026-02-16 11:31:00,22474,22474,22474,22474,12
2026-02-16 11:32:00,22471,22472,22468,22471,111
2026-02-16 11:33:00,22467,22468,22465,22467,211
2026-02-16 11:34:00,22470,22471,22470,22470,233
2026-02-16 11:35:00,22468,22474,22465,22468,157
2026-02-16 11:36:00,22476,22477,22476,22476,146
2026-02-16 11:37:00,22471,22473,22470,22471,172
2026-02-16 11:38:00,22470,22474,22470,22471,142
2026-02-16 11:39:00,22468,22468,22466,22467,97
2026-02-16 11:40:00,22468,22468,22466,22468,207
2026-02-16 11:41:00,22471,22476,22469,22471,53
2026-02-16 11:42:00,22476,22477,22476,22476,138
2026-02-16 11:43:00,22476,22477,22476,22476,107
2026-02-16 11:44:00,22479,22480,22479,22479,125
2026-02-16 11:45:00,22475,22475,22475,22475,115
2026-02-16 11:46:00,22479,22479,22475,22478,311
2026-02-16 11:47:00,22478,22481,22476,22479,96
2026-02-16 11:48:00,22477,22477,22477,22477,268
2026-02-16 11:49:00,22476,22476,22472,22473,163
2026-02-16 11:50:00,22475,22475,22475,22475,173
2026-02-16 11:51:00,22467,22468,22467,22468,274
2026-02-16 11:52:00,22470,22471,22470,22470,58
2026-02-16 11:53:00,22466,22468,22464,22465,42
2026-02-16 11:54:00,22462,22462,22461,22462,146
2026-02-16 11:55:00,22460,22463,22460,22461,24
2026-02-16 11:56:00,22460,22460,22459,22459,120
2026-02-16 11:57:00,22456,22456,22456,22456,172
2026-02-16 11:58:00,22460,22460,22455,22460,348
2026-02-16 11:59:00,22458,22459,22458,22459,103
2026-02-16 12:00:00,22456,22459,22454,22456,199
2026-02-16 12:01:00,22458,22458,22458,22458,155
2026-02-16 12:02:00,22460,22461,22459,22460,69
2026-02-16 12:03:00,22460,22460,22460,22460,92
2026-02-16 12:04:00,22463,22463,22463,22463,177
2026-02-16 12:05:00,22463,22465,22463,22464,245
2026-02-16 12:06:00,22461,22461,22457,22461,212
2026-02-16 12:07:00,22463,22467,22455,22461,160
2026-02-16 12:08:00,22457,22458,22457,22458,190
2026-02-16 12:09:00,22459,22460,22459,22459,77
2026-02-16 12:10:00,22457,22457,22455,22455,144
2026-02-16 12:11:00,22461,22463,22460,22461,138
2026-02-16 12:12:00,22457,22458,22454,22457,201
2026-02-16 12:13:00,22458,22458,22457,22457,128
2026-02-16 12:14:00,22459,22462,22459,22459,170
2026-02-16 12:15:00,22457,22457,22456,22456,131
2026-02-16 12:16:00,22463,22463,22462,22462,116
2026-02-16 12:17:00,22465,22466,22465,22465,169
2026-02-16 12:18:00,22465,22469,22464,22466,159
2026-02-16 12:19:00,22467,22467,22465,22467,121
2026-02-16 12:20:00,22468,22468,22468,22468,88
2026-02-16 12:21:00,22465,22466,22464,22465,66
2026-02-16 12:22:00,22467,22467,22466,22466,194
2026-02-16 12:23:00,22469,22472,22469,22471,110
2026-02-16 12:24:00,22472,22472,22472,22472,223
2026-02-16 12:25:00,22471,22472,22470,22470,108
2026-02-16 12:26:00,22471,22471,22468,22470,93
2026-02-16 12:27:00,22467,22468,22466,22467,108
2026-02-16 12:28:00,22467,22467,22463,22466,238
2026-02-16 12:29:00,22472,22473,22471,22472,231
2026-02-16 12:30:00,22465,22465,22463,22463,242
2026-02-16 12:31:00,22460,22460,22460,22460,252
2026-02-16 12:32:00,22457,22457,22457,22457,150
2026-02-16 12:33:00,22458,22459,22458,22458,69
2026-02-16 12:34:00,22453,22457,22453,22453,98
2026-02-16 12:35:00,22455,22455,22454,22455,259
2026-02-16 12:36:00,22449,22450,22449,22449,103
2026-02-16 12:37:00,22447,22447,22447,22447,231
2026-02-16 12:38:00,22444,22444,22443,22444,209
2026-02-16 12:39:00,22446,22446,22445,22446,1
2026-02-16 12:40:00,22446,22446,22445,22446,228
2026-02-16 12:41:00,22445,22445,22443,22445,35
2026-02-16 12:42:00,22444,22450,22443,22445,200
2026-02-16 12:43:00,22435,22440,22430,22434,279
2026-02-16 12:44:00,22432,22437,22431,22432,142
2026-02-16 12:45:00,22432,22437,22431,22433,103
2026-02-16 12:46:00,22431,22432,22429,22430,62
2026-02-16 12:47:00,22427,22432,22425,22427,1
2026-02-16 12:48:00,22434,22435,22434,22434,217
2026-02-16 12:49:00,22426,22427,22426,22426,182
2026-02-16 12:50:00,22431,22431,22430,22430,260
2026-02-16 12:51:00,22431,22437,22430,22431,224
2026-02-16 12:52:00,22426,22427,22426,22426,201
2026-02-16 12:53:00,22431,22431,22431,22431,57
2026-02-16 12:54:00,22433,22433,22431,22432,54
2026-02-16 12:55:00,22436,22439,22430,22433,161
2026-02-16 12:56:00,22435,22436,22433,22435,215
2026-02-16 12:57:00,22435,22438,22432,22436,222
2026-02-16 12:58:00,22433,22434,22432,22433,93
2026-02-16 12:59:00,22435,22436,22433,22435,46
2026-02-16 13:00:00,22429,22437,22429,22430,58
2026-02-16 13:01:00,22435,22435,22429,22433,81
2026-02-16 13:02:00,22429,22431,22428,22429,141
2026-02-16 13:03:00,22429,22429,22429,22429,198
2026-02-16 13:04:00,22430,22430,22430,22430,160
2026-02-16 13:05:00,22434,22434,22433,22433,253
2026-02-16 13:06:00,22437,22438,22437,22437,220
2026-02-16 13:07:00,22441,22441,22437,22439,163
2026-02-16 13:08:00,22441,22442,22439,22441,59
2026-02-16 13:09:00,22444,22449,22444,22444,34
2026-02-16 13:10:00,22449,22449,22449,22449,105
2026-02-16 13:11:00,22448,22448,22448,22448,65
2026-02-16 13:12:00,22446,22449,22445,22445,241
2026-02-16 13:13:00,22449,22449,22448,22449,303
2026-02-16 13:14:00,22449,22449,22449,22449,158
2026-02-16 13:15:00,22453,22460,22451,22453,66
2026-02-16 13:16:00,22454,22454,22453,22453,180
2026-02-16 13:17:00,22454,22456,22454,22455,215
2026-02-16 13:18:00,22458,22458,22456,22457,224
2026-02-16 13:19:00,22457,22457,22455,22456,236
2026-02-16 13:20:00,22458,22458,22456,22457,73
2026-02-16 13:21:00,22449,22451,22449,22450,270
2026-02-16 13:22:00,22458,22460,22458,22459,303
2026-02-16 13:23:00,22456,22457,22451,22455,173
2026-02-16 13:24:00,22453,22454,22453,22453,143
2026-02-16 13:25:00,22458,22460,22458,22459,105
2026-02-16 13:26:00,22462,22464,22459,22463,1
2026-02-16 13:27:00,22466,22470,22466,22468,273
2026-02-16 13:28:00,22472,22472,22464,22468,168
2026-02-16 13:29:00,22462,22463,22461,22461,560
2026-02-16 13:30:00,22473,22476,22472,22474,336
2026-02-16 13:31:00,22474,22474,22474,22474,293
2026-02-16 13:32:00,22474,22488,22471,22478,236
2026-02-16 13:33:00,22479,22479,22479,22479,328
2026-02-16 13:34:00,22471,22476,22470,22475,556
2026-02-16 13:35:00,22469,22469,22469,22469,391
2026-02-16 13:36:00,22465,22465,22465,22465,336
2026-02-16 13:37:00,22462,22462,22461,22462,420
2026-02-16 13:38:00,22452,22453,22451,22452,147
2026-02-16 13:39:00,22456,22457,22455,22456,384
2026-02-16 13:40:00,22449,22456,22447,22448,554
2026-02-16 13:41:00,22455,22455,22455,22455,161
2026-02-16 13:42:00,22452,22453,22450,22452,216
2026-02-16 13:43:00,22446,22452,22441,22446,159
2026-02-16 13:44:00,22455,22457,22455,22455,275
2026-02-17 08:45:00,22457,22457,22456,22457,177
2026-02-17 08:46:00,22471,22472,22471,22471,86
2026-02-17 08:47:00,22474,22478,22463,22471,282
2026-02-17 08:48:00,22461,22465,22460,22463,168
2026-02-17 08:49:00,22458,22465,22456,22458,167
2026-02-17 08:50:00,22461,22461,22461,22461,227
2026-02-17 08:51:00,22449,22449,22449,22449,683
2026-02-17 08:52:00,22455,22462,22454,22455,247
2026-02-17 08:53:00,22451,22456,22446,22451,351
2026-02-17 08:54:00,22453,22457,22444,22445,394
2026-02-17 08:55:00,22447,22452,22446,22447,355
2026-02-17 08:56:00,22440,22444,22439,22440,134
2026-02-17 08:57:00,22435,22436,22432,22435,297
2026-02-17 08:58:00,22438,22439,22438,22438,127
2026-02-17 08:59:00,22432,22432,22432,22432,82
2026-02-17 09:00:00,22430,22431,22430,22431,262
2026-02-17 09:01:00,22435,22438,22431,22433,151
2026-02-17 09:02:00,22431,22436,22430,22433,186
2026-02-17 09:03:00,22433,22438,22428,22432,223
2026-02-17 09:04:00,22440,22442,22440,22441,66
2026-02-17 09:05:00,22447,22447,22443,22446,240
2026-02-17 09:06:00,22443,22443,22443,22443,85
2026-02-17 09:07:00,22438,22442,22437,22439,45
2026-02-17 09:08:00,22442,22443,22442,22442,198
2026-02-17 09:09:00,22443,22444,22443,22444,199
2026-02-17 09:10:00,22446,22446,22445,22445,200
2026-02-17 09:11:00,22451,22452,22451,22451,285
2026-02-17 09:12:00,22459,22459,22456,22458,173
2026-02-17 09:13:00,22460,22460,22460,22460,402
2026-02-17 09:14:00,22451,22458,22450,22454,351
2026-02-17 09:15:00,22452,22457,22449,22452,100
2026-02-17 09:16:00,22451,22452,22450,22451,166
2026-02-17 09:17:00,22452,22453,22451,22451,195
2026-02-17 09:18:00,22454,22455,22453,22454,202
2026-02-17 09:19:00,22455,22455,22454,22455,126
2026-02-17 09:20:00,22458,22460,22455,22457,22
2026-02-17 09:21:00,22455,22456,22453,22455,99
2026-02-17 09:22:00,22459,22466,22458,22460,139
2026-02-17 09:23:00,22458,22464,22456,22458,45
2026-02-17 09:24:00,22465,22465,22457,22460,128
2026-02-17 09:25:00,22457,22457,22456,22456,199
2026-02-17 09:26:00,22460,22460,22460,22460,239
2026-02-17 09:27:00,22455,22455,22455,22455,165
2026-02-17 09:28:00,22456,22458,22453,22456,52
2026-02-17 09:29:00,22454,22460,22454,22458,1
2026-02-17 09:30:00,22452,22452,22452,22452,203
2026-02-17 09:31:00,22455,22455,22454,22455,91
2026-02-17 09:32:00,22461,22462,22461,22462,202
2026-02-17 09:33:00,22459,22460,22458,22458,210
2026-02-17 09:34:00,22457,22458,22457,22458,132
2026-02-17 09:35:00,22457,22457,22456,22456,95
2026-02-17 09:36:00,22452,22453,22452,22452,213
2026-02-17 09:37:00,22449,22449,22449,22449,179
2026-02-17 09:38:00,22449,22449,22445,22446,178
2026-02-17 09:39:00,22444,22444,22443,22443,71
2026-02-17 09:40:00,22448,22450,22442,22445,139
2026-02-17 09:41:00,22440,22450,22440,22441,198
2026-02-17 09:42:00,22437,22438,22435,22438,177
2026-02-17 09:43:00,22433,22433,22433,22433,120
2026-02-17 09:44:00,22430,22433,22430,22431,70
2026-02-17 09:45:00,22434,22434,22433,22433,162
2026-02-17 09:46:00,22435,22435,22433,22435,214
2026-02-17 09:47:00,22428,22428,22426,22428,81
2026-02-17 09:48:00,22427,22432,22423,22429,105
2026-02-17 09:49:00,22431,22432,22431,22431,118
2026-02-17 09:50:00,22438,22443,22430,22435,165
2026-02-17 09:51:00,22430,22432,22429,22430,350
2026-02-17 09:52:00,22427,22432,22426,22427,8
2026-02-17 09:53:00,22429,22431,22425,22430,220
2026-02-17 09:54:00,22427,22432,22427,22427,13
2026-02-17 09:55:00,22429,22429,22428,22429,138
2026-02-17 09:56:00,22434,22436,22431,22433,63
2026-02-17 09:57:00,22431,22432,22430,22431,130
2026-02-17 09:58:00,22434,22435,22434,22434,29
2026-02-17 09:59:00,22444,22446,22442,22444,125
2026-02-17 10:00:00,22446,22446,22446,22446,138
2026-02-17 10:01:00,22448,22449,22447,22448,224
2026-02-17 10:02:00,22449,22449,22449,22449,167
2026-02-17 10:03:00,22450,22451,22448,22449,85
2026-02-17 10:04:00,22457,22457,22455,22456,180
2026-02-17 10:05:00,22451,22452,22450,22451,214
2026-02-17 10:06:00,22458,22462,22458,22459,71
2026-02-17 10:07:00,22463,22464,22461,22463,74
2026-02-17 10:08:00,22465,22469,22464,22465,202
2026-02-17 10:09:00,22468,22468,22468,22468,14
2026-02-17 10:10:00,22471,22473,22471,22472,343
2026-02-17 10:11:00,22466,22466,22465,22466,277
2026-02-17 10:12:00,22468,22470,22463,22468,104
2026-02-17 10:13:00,22465,22468,22465,22468,306
2026-02-17 10:14:00,22471,22472,22471,22471,113
2026-02-17 10:15:00,22471,22475,22468,22471,218
2026-02-17 10:16:00,22476,22476,22474,22475,164
2026-02-17 10:17:00,22477,22477,22476,22476,106
2026-02-17 10:18:00,22476,22477,22471,22476,237
2026-02-17 10:19:00,22475,22478,22474,22476,300
2026-02-17 10:20:00,22483,22484,22483,22483,82
2026-02-17 10:21:00,22482,22482,22480,22482,114
2026-02-17 10:22:00,22486,22487,22486,22486,6
2026-02-17 10:23:00,22486,22486,22486,22486,166
2026-02-17 10:24:00,22483,22485,22480,22484,160
2026-02-17 10:25:00,22481,22481,22481,22481,173
2026-02-17 10:26:00,22479,22479,22479,22479,178
2026-02-17 10:27:00,22482,22482,22479,22480,188
2026-02-17 10:28:00,22477,22477,22476,22476,114
2026-02-17 10:29:00,22472,22472,22471,22472,79
2026-02-17 10:30:00,22473,22473,22472,22473,95
2026-02-17 10:31:00,22477,22477,22475,22476,10
2026-02-17 10:32:00,22477,22477,22473,22476,169
2026-02-17 10:33:00,22476,22480,22474,22475,147
2026-02-17 10:34:00,22475,22475,22469,22473,222
2026-02-17 10:35:00,22479,22479,22478,22478,135
2026-02-17 10:36:00,22478,22478,22473,22477,101
2026-02-17 10:37:00,22477,22479,22477,22478,161
2026-02-17 10:38:00,22476,22478,22475,22478,251
2026-02-17 10:39:00,22470,22470,22469,22469,295
2026-02-17 10:40:00,22461,22477,22461,22466,427
2026-02-17 10:41:00,22475,22475,22468,22473,305
2026-02-17 10:42:00,22468,22469,22468,22469,166
2026-02-17 10:43:00,22460,22474,22460,22465,66
2026-02-17 10:44:00,22468,22469,22464,22469,186
2026-02-17 10:45:00,22470,22472,22465,22470,99
2026-02-17 10:46:00,22464,22465,22464,22465,43
2026-02-17 10:47:00,22472,22472,22470,22471,208
2026-02-17 10:48:00,22467,22469,22467,22468,172
2026-02-17 10:49:00,22464,22464,22463,22464,181
2026-02-17 10:50:00,22468,22469,22468,22468,181
2026-02-17 10:51:00,22472,22472,22470,22472,169
2026-02-17 10:52:00,22471,22471,22470,22471,192
2026-02-17 10:53:00,22472,22472,22471,22471,171
2026-02-17 10:54:00,22473,22473,22473,22473,282
2026-02-17 10:55:00,22472,22474,22472,22472,18
2026-02-17 10:56:00,22471,22473,22471,22472,222
2026-02-17 10:57:00,22470,22471,22467,22469,287
2026-02-17 10:58:00,22466,22467,22464,22467,123
2026-02-17 10:59:00,22474,22474,22474,22474,130
2026-02-17 11:00:00,22475,22476,22475,22476,83
2026-02-17 11:01:00,22487,22488,22486,22487,185
2026-02-17 11:02:00,22485,22486,22485,22485,59
2026-02-17 11:03:00,22487,22489,22484,22486,106
2026-02-17 11:04:00,22488,22490,22487,22488,158
2026-02-17 11:05:00,22483,22483,22482,22483,31
2026-02-17 11:06:00,22487,22487,22483,22485,147
2026-02-17 11:07:00,22487,22490,22483,22487,196
2026-02-17 11:08:00,22482,22484,22481,22483,93
2026-02-17 11:09:00,22485,22485,22482,22483,113
2026-02-17 11:10:00,22485,22486,22481,22483,82
2026-02-17 11:11:00,22485,22489,22485,22487,135
2026-02-17 11:12:00,22488,22489,22485,22489,224
2026-02-17 11:13:00,22490,22490,22489,22490,44
2026-02-17 11:14:00,22495,22497,22494,22495,113
2026-02-17 11:15:00,22495,22495,22494,22494,151
2026-02-17 11:16:00,22502,22502,22501,22501,195
2026-02-17 11:17:00,22502,22503,22500,22502,146
2026-02-17 11:18:00,22499,22501,22498,22499,224
2026-02-17 11:19:00,22504,22504,22503,22504,133
2026-02-17 11:20:00,22507,22507,22505,22506,1
2026-02-17 11:21:00,22508,22508,22508,22508,122
2026-02-17 11:22:00,22507,22507,22506,22506,127
2026-02-17 11:23:00,22513,22513,22512,22512,106
2026-02-17 11:24:00,22510,22513,22508,22508,297
2026-02-17 11:25:00,22503,22504,22503,22503,124
2026-02-17 11:26:00,22506,22506,22505,22505,1
2026-02-17 11:27:00,22504,22505,22503,22504,94
2026-02-17 11:28:00,22508,22508,22507,22508,271
2026-02-17 11:29:00,22505,22505,22503,22504,1
2026-02-17 11:30:00,22504,22505,22501,22504,120
2026-02-17 11:31:00,22508,22511,22506,22507,130
2026-02-17 11:32:00,22510,22510,22509,22509,274
2026-02-17 11:33:00,22501,22508,22501,22503,233
2026-02-17 11:34:00,22505,22506,22503,22505,88
2026-02-17 11:35:00,22509,22513,22509,22511,227
2026-02-17 11:36:00,22510,22512,22509,22511,217
2026-02-17 11:37:00,22512,22512,22510,22512,70
2026-02-17 11:38:00,22517,22517,22513,22515,232
2026-02-17 11:39:00,22509,22509,22508,22508,266
2026-02-17 11:40:00,22510,22511,22509,22510,165
2026-02-17 11:41:00,22511,22511,22510,22511,80
2026-02-17 11:42:00,22511,22512,22511,22511,103
2026-02-17 11:43:00,22511,22511,22510,22511,49
2026-02-17 11:44:00,22511,22511,22510,22511,214
2026-02-17 11:45:00,22511,22511,22511,22511,126
2026-02-17 11:46:00,22513,22513,22510,22512,128
2026-02-17 11:47:00,22510,22511,22508,22510,161
2026-02-17 11:48:00,22516,22516,22514,22515,290
2026-02-17 11:49:00,22524,22524,22524,22524,130
2026-02-17 11:50:00,22516,22517,22516,22517,170
2026-02-17 11:51:00,22518,22519,22515,22518,29
2026-02-17 11:52:00,22518,22518,22517,22517,183
2026-02-17 11:53:00,22516,22516,22515,22516,111
2026-02-17 11:54:00,22514,22520,22514,22515,160
2026-02-17 11:55:00,22506,22506,22506,22506,134
2026-02-17 11:56:00,22500,22500,22500,22500,49
2026-02-17 11:57:00,22503,22505,22503,22503,129
2026-02-17 11:58:00,22504,22508,22504,22506,216
2026-02-17 11:59:00,22506,22508,22506,22507,220
2026-02-17 12:00:00,22510,22510,22508,22510,116
2026-02-17 12:01:00,22509,22510,22509,22509,35
2026-02-17 12:02:00,22507,22509,22502,22505,143
2026-02-17 12:03:00,22509,22511,22507,22509,122
2026-02-17 12:04:00,22510,22511,22510,22510,167
2026-02-17 12:05:00,22510,22511,22510,22510,47
2026-02-17 12:06:00,22512,22512,22509,22510,43
2026-02-17 12:07:00,22502,22506,22502,22505,258
2026-02-17 12:08:00,22503,22510,22501,22505,230
2026-02-17 12:09:00,22497,22505,22497,22501,304
2026-02-17 12:10:00,22501,22504,22501,22503,163
2026-02-17 12:11:00,22503,22507,22500,22505,261
2026-02-17 12:12:00,22512,22512,22512,22512,83
2026-02-17 12:13:00,22519,22520,22515,22518,78
2026-02-17 12:14:00,22524,22526,22522,22524,188
2026-02-17 12:15:00,22525,22525,22525,22525,126
2026-02-17 12:16:00,22534,22534,22534,22534,53
2026-02-17 12:17:00,22539,22540,22539,22540,83
2026-02-17 12:18:00,22538,22538,22535,22537,59
2026-02-17 12:19:00,22540,22542,22539,22540,227
2026-02-17 12:20:00,22542,22543,22540,22541,197
2026-02-17 12:21:00,22540,22540,22537,22539,158
2026-02-17 12:22:00,22538,22538,22538,22538,355
2026-02-17 12:23:00,22547,22547,22547,22547,1
2026-02-17 12:24:00,22550,22552,22550,22550,153
2026-02-17 12:25:00,22552,22552,22548,22551,212
2026-02-17 12:26:00,22548,22551,22548,22548,175
2026-02-17 12:27:00,22548,22549,22548,22548,203
2026-02-17 12:28:00,22548,22548,22547,22548,156
2026-02-17 12:29:00,22543,22545,22541,22544,255
2026-02-17 12:30:00,22553,22555,22547,22551,70
2026-02-17 12:31:00,22552,22552,22551,22552,160
2026-02-17 12:32:00,22552,22555,22550,22550,166
2026-02-17 12:33:00,22551,22552,22551,22551,102
2026-02-17 12:34:00,22552,22552,22551,22552,48
2026-02-17 12:35:00,22556,22557,22555,22556,104
2026-02-17 12:36:00,22554,22554,22553,22554,103
2026-02-17 12:37:00,22557,22557,22557,22557,183
2026-02-17 12:38:00,22558,22559,22558,22558,182
2026-02-17 12:39:00,22556,22556,22553,22555,100
2026-02-17 12:40:00,22554,22556,22551,22555,249
2026-02-17 12:41:00,22558,22558,22556,22557,108
2026-02-17 12:42:00,22559,22559,22555,22556,169
2026-02-17 12:43:00,22555,22555,22554,22555,1
2026-02-17 12:44:00,22557,22559,22557,22558,180
2026-02-17 12:45:00,22564,22564,22564,22564,273
2026-02-17 12:46:00,22564,22566,22564,22564,267
2026-02-17 12:47:00,22559,22561,22557,22559,105
2026-02-17 12:48:00,22560,22560,22560,22560,1
2026-02-17 12:49:00,22563,22563,22563,22563,150
2026-02-17 12:50:00,22565,22565,22565,22565,28
2026-02-17 12:51:00,22565,22570,22561,22566,158
2026-02-17 12:52:00,22571,22571,22569,22570,295
2026-02-17 12:53:00,22569,22569,22568,22569,132
2026-02-17 12:54:00,22564,22564,22564,22564,74
2026-02-17 12:55:00,22566,22569,22565,22567,6
2026-02-17 12:56:00,22570,22574,22568,22569,252
2026-02-17 12:57:00,22573,22573,22572,22573,161
2026-02-17 12:58:00,22580,22583,22578,22578,217
2026-02-17 12:59:00,22577,22577,22577,22577,255
2026-02-17 13:00:00,22575,22576,22574,22574,189
2026-02-17 13:01:00,22578,22580,22576,22577,1
2026-02-17 13:02:00,22575,22575,22575,22575,249
2026-02-17 13:03:00,22579,22579,22579,22579,324
2026-02-17 13:04:00,22584,22584,22584,22584,92
2026-02-17 13:05:00,22581,22582,22581,22582,106
2026-02-17 13:06:00,22576,22576,22576,22576,167
2026-02-17 13:07:00,22581,22581,22581,22581,83
2026-02-17 13:08:00,22579,22581,22577,22579,98
2026-02-17 13:09:00,22583,22584,22583,22583,244
2026-02-17 13:10:00,22588,22589,22585,22588,187
2026-02-17 13:11:00,22581,22584,22581,22581,315
2026-02-17 13:12:00,22580,22588,22576,22577,215
2026-02-17 13:13:00,22573,22573,22571,22572,121
2026-02-17 13:14:00,22568,22571,22568,22570,25
2026-02-17 13:15:00,22570,22573,22568,22570,198
2026-02-17 13:16:00,22571,22573,22570,22571,158
2026-02-17 13:17:00,22571,22571,22571,22571,70
2026-02-17 13:18:00,22575,22577,22574,22576,193
2026-02-17 13:19:00,22580,22582,22579,22579,88
2026-02-17 13:20:00,22585,22586,22583,22585,252
2026-02-17 13:21:00,22582,22582,22580,22581,180
2026-02-17 13:22:00,22585,22587,22585,22585,157
2026-02-17 13:23:00,22579,22586,22579,22583,218
2026-02-17 13:24:00,22583,22584,22583,22583,192
2026-02-17 13:25:00,22585,22585,22581,22584,207
2026-02-17 13:26:00,22587,22592,22587,22589,152
2026-02-17 13:27:00,22591,22591,22591,22591,451
2026-02-17 13:28:00,22586,22589,22586,22586,8
2026-02-17 13:29:00,22581,22583,22580,22581,273
2026-02-17 13:30:00,22583,22583,22582,22583,409
2026-02-17 13:31:00,22587,22590,22585,22587,87
2026-02-17 13:32:00,22587,22588,22587,22587,437
2026-02-17 13:33:00,22591,22596,22589,22591,318
2026-02-17 13:34:00,22583,22584,22583,22583,30
2026-02-17 13:35:00,22585,22585,22578,22582,1
2026-02-17 13:36:00,22574,22583,22570,22577,217
2026-02-17 13:37:00,22585,22585,22584,22585,175
2026-02-17 13:38:00,22594,22608,22591,22600,446
2026-02-17 13:39:00,22605,22607,22605,22606,448
2026-02-17 13:40:00,22614,22620,22610,22614,475
2026-02-17 13:41:00,22615,22615,22602,22604,208
2026-02-17 13:42:00,22608,22609,22606,22608,471
2026-02-17 13:43:00,22604,22608,22587,22601,317
2026-02-17 13:44:00,22609,22611,22603,22603,499
2026-02-18 08:45:00,22642,22644,22638,22640,419
2026-02-18 08:46:00,22635,22636,22634,22635,144
2026-02-18 08:47:00,22636,22636,22635,22635,198
2026-02-18 08:48:00,22631,22645,22631,22640,322
2026-02-18 08:49:00,22644,22644,22643,22644,307
2026-02-18 08:50:00,22658,22658,22657,22658,157
2026-02-18 08:51:00,22660,22660,22658,22659,406
2026-02-18 08:52:00,22668,22669,22662,22667,63
2026-02-18 08:53:00,22668,22668,22666,22667,113
2026-02-18 08:54:00,22668,22668,22668,22668,210
2026-02-18 08:55:00,22665,22670,22660,22665,217
2026-02-18 08:56:00,22671,22673,22668,22673,302
2026-02-18 08:57:00,22675,22676,22673,22674,80
2026-02-18 08:58:00,22673,22673,22673,22673,118
2026-02-18 08:59:00,22675,22675,22658,22673,553
2026-02-18 09:00:00,22672,22673,22670,22671,107
2026-02-18 09:01:00,22675,22677,22674,22676,189
2026-02-18 09:02:00,22680,22680,22678,22679,302
2026-02-18 09:03:00,22687,22688,22685,22686,171
2026-02-18 09:04:00,22686,22686,22686,22686,180
2026-02-18 09:05:00,22681,22681,22679,22680,194
2026-02-18 09:06:00,22673,22673,22673,22673,362
2026-02-18 09:07:00,22673,22675,22672,22673,288
2026-02-18 09:08:00,22675,22675,22675,22675,188
2026-02-18 09:09:00,22684,22684,22682,22683,228
2026-02-18 09:10:00,22683,22686,22676,22682,352
2026-02-18 09:11:00,22681,22687,22678,22680,133
2026-02-18 09:12:00,22681,22681,22681,22681,259
2026-02-18 09:13:00,22684,22692,22679,22684,190
2026-02-18 09:14:00,22686,22690,22686,22689,202
2026-02-18 09:15:00,22695,22695,22692,22694,85
2026-02-18 09:16:00,22692,22693,22689,22690,225
2026-02-18 09:17:00,22692,22693,22691,22693,95
2026-02-18 09:18:00,22691,22692,22688,22692,177
2026-02-18 09:19:00,22694,22695,22692,22694,182
2026-02-18 09:20:00,22695,22695,22690,22693,14
2026-02-18 09:21:00,22694,22703,22692,22695,122
2026-02-18 09:22:00,22697,22697,22696,22697,154
2026-02-18 09:23:00,22695,22697,22695,22696,128
2026-02-18 09:24:00,22696,22699,22695,22696,119
2026-02-18 09:25:00,22695,22697,22695,22695,82
2026-02-18 09:26:00,22693,22696,22692,22694,85
2026-02-18 09:27:00,22689,22689,22689,22689,200
2026-02-18 09:28:00,22690,22692,22688,22691,188
2026-02-18 09:29:00,22693,22696,22690,22696,69
2026-02-18 09:30:00,22698,22700,22697,22699,99
2026-02-18 09:31:00,22692,22695,22692,22694,157
2026-02-18 09:32:00,22692,22694,22690,22692,296
2026-02-18 09:33:00,22695,22696,22695,22695,227
2026-02-18 09:34:00,22699,22700,22699,22699,193
2026-02-18 09:35:00,22696,22697,22696,22697,129
2026-02-18 09:36:00,22693,22695,22692,22693,156
2026-02-18 09:37:00,22690,22692,22690,22690,1
2026-02-18 09:38:00,22687,22689,22684,22686,198
2026-02-18 09:39:00,22684,22685,22681,22683,133
2026-02-18 09:40:00,22682,22686,22682,22682,268
2026-02-18 09:41:00,22679,22679,22678,22679,241
2026-02-18 09:42:00,22678,22679,22678,22679,1
2026-02-18 09:43:00,22680,22685,22680,22682,210
2026-02-18 09:44:00,22673,22673,22673,22673,182
2026-02-18 09:45:00,22674,22674,22671,22673,119
2026-02-18 09:46:00,22666,22671,22666,22669,92
2026-02-18 09:47:00,22672,22672,22672,22672,107
2026-02-18 09:48:00,22678,22679,22678,22678,151
2026-02-18 09:49:00,22672,22672,22672,22672,38
2026-02-18 09:50:00,22673,22677,22672,22675,230
2026-02-18 09:51:00,22667,22669,22667,22669,178
2026-02-18 09:52:00,22675,22676,22675,22675,149
2026-02-18 09:53:00,22674,22676,22672,22675,181
2026-02-18 09:54:00,22678,22680,22675,22677,186
2026-02-18 09:55:00,22678,22679,22677,22678,178
2026-02-18 09:56:00,22685,22685,22684,22685,1
2026-02-18 09:57:00,22687,22688,22684,22686,181
2026-02-18 09:58:00,22691,22691,22686,22691,130
2026-02-18 09:59:00,22689,22692,22689,22691,244
2026-02-18 10:00:00,22697,22697,22697,22697,24
2026-02-18 10:01:00,22696,22697,22693,22696,147
2026-02-18 10:02:00,22699,22700,22698,22699,46
2026-02-18 10:03:00,22688,22688,22685,22688,165
2026-02-18 10:04:00,22696,22696,22690,22695,143
2026-02-18 10:05:00,22703,22703,22698,22701,236
2026-02-18 10:06:00,22697,22697,22696,22696,215
2026-02-18 10:07:00,22697,22699,22695,22698,1
2026-02-18 10:08:00,22696,22696,22696,22696,33
2026-02-18 10:09:00,22691,22693,22691,22692,87
2026-02-18 10:10:00,22695,22695,22691,22693,157
2026-02-18 10:11:00,22697,22697,22694,22695,198
2026-02-18 10:12:00,22696,22700,22695,22696,131
2026-02-18 10:13:00,22691,22692,22689,22691,126
2026-02-18 10:14:00,22691,22691,22690,22691,67
2026-02-18 10:15:00,22696,22696,22696,22696,228
2026-02-18 10:16:00,22693,22694,22693,22694,347
2026-02-18 10:17:00,22698,22701,22697,22698,40
2026-02-18 10:18:00,22691,22695,22690,22693,1
2026-02-18 10:19:00,22693,22693,22691,22692,35
2026-02-18 10:20:00,22695,22696,22694,22695,113
2026-02-18 10:21:00,22694,22694,22688,22693,279
2026-02-18 10:22:00,22695,22695,22694,22694,261
2026-02-18 10:23:00,22693,22695,22691,22695,135
2026-02-18 10:24:00,22693,22693,22692,22693,279
2026-02-18 10:25:00,22695,22695,22695,22695,23
2026-02-18 10:26:00,22697,22699,22697,22697,132
2026-02-18 10:27:00,22705,22708,22704,22706,196
2026-02-18 10:28:00,22705,22707,22705,22705,243
2026-02-18 10:29:00,22700,22701,22700,22700,260
2026-02-18 10:30:00,22707,22707,22704,22707,108
2026-02-18 10:31:00,22711,22712,22710,22712,146
2026-02-18 10:32:00,22709,22709,22709,22709,142
2026-02-18 10:33:00,22710,22711,22708,22709,143
2026-02-18 10:34:00,22712,22712,22706,22710,156
2026-02-18 10:35:00,22711,22714,22702,22707,136
2026-02-18 10:36:00,22707,22707,22707,22707,267
2026-02-18 10:37:00,22704,22711,22703,22703,149
2026-02-18 10:38:00,22705,22705,22705,22705,74
2026-02-18 10:39:00,22703,22704,22703,22703,152
2026-02-18 10:40:00,22703,22704,22703,22704,145
2026-02-18 10:41:00,22705,22706,22700,22703,302
2026-02-18 10:42:00,22706,22706,22703,22705,18
2026-02-18 10:43:00,22703,22707,22703,22704,29
2026-02-18 10:44:00,22706,22707,22705,22706,153
2026-02-18 10:45:00,22708,22708,22705,22707,33
2026-02-18 10:46:00,22709,22712,22701,22710,138
2026-02-18 10:47:00,22711,22711,22709,22710,145
2026-02-18 10:48:00,22700,22700,22699,22700,107
2026-02-18 10:49:00,22709,22709,22706,22708,30
2026-02-18 10:50:00,22708,22708,22708,22708,66
2026-02-18 10:51:00,22705,22705,22705,22705,102
2026-02-18 10:52:00,22709,22710,22709,22709,170
2026-02-18 10:53:00,22711,22711,22711,22711,172
2026-02-18 10:54:00,22708,22708,22707,22708,170
2026-02-18 10:55:00,22705,22705,22704,22704,9
2026-02-18 10:56:00,22710,22711,22709,22710,134
2026-02-18 10:57:00,22713,22714,22713,22713,119
2026-02-18 10:58:00,22710,22710,22710,22710,172
2026-02-18 10:59:00,22710,22710,22710,22710,90
2026-02-18 11:00:00,22707,22708,22707,22708,129
2026-02-18 11:01:00,22702,22703,22699,22703,100
2026-02-18 11:02:00,22704,22706,22704,22705,171
2026-02-18 11:03:00,22706,22706,22705,22706,51
2026-02-18 11:04:00,22713,22714,22713,22713,53
2026-02-18 11:05:00,22712,22712,22710,22711,59
2026-02-18 11:06:00,22707,22709,22705,22708,155
2026-02-18 11:07:00,22704,22704,22703,22703,186
2026-02-18 11:08:00,22703,22704,22702,22703,287
2026-02-18 11:09:00,22704,22704,22704,22704,115
2026-02-18 11:10:00,22702,22702,22702,22702,178
2026-02-18 11:11:00,22694,22698,22694,22695,66
2026-02-18 11:12:00,22698,22698,22694,22695,143
2026-02-18 11:13:00,22694,22694,22694,22694,132
2026-02-18 11:14:00,22696,22699,22696,22696,225
2026-02-18 11:15:00,22696,22696,22695,22696,151
2026-02-18 11:16:00,22695,22697,22693,22695,46
2026-02-18 11:17:00,22692,22692,22690,22691,73
2026-02-18 11:18:00,22696,22696,22695,22696,174
2026-02-18 11:19:00,22695,22697,22695,22696,103
2026-02-18 11:20:00,22690,22690,22689,22690,211
2026-02-18 11:21:00,22691,22691,22691,22691,204
2026-02-18 11:22:00,22693,22694,22692,22693,139
2026-02-18 11:23:00,22693,22693,22692,22693,190
2026-02-18 11:24:00,22690,22690,22689,22689,182
2026-02-18 11:25:00,22688,22689,22687,22688,197
2026-02-18 11:26:00,22687,22689,22684,22687,184
2026-02-18 11:27:00,22687,22689,22684,22685,258
2026-02-18 11:28:00,22687,22687,22687,22687,128
2026-02-18 11:29:00,22687,22687,22687,22687,69
2026-02-18 11:30:00,22685,22687,22685,22686,177
2026-02-18 11:31:00,22695,22695,22695,22695,296
2026-02-18 11:32:00,22701,22704,22699,22702,193
2026-02-18 11:33:00,22704,22705,22702,22704,121
2026-02-18 11:34:00,22706,22706,22706,22706,273
2026-02-18 11:35:00,22702,22703,22696,22700,114
2026-02-18 11:36:00,22699,22700,22699,22700,119
2026-02-18 11:37:00,22707,22707,22700,22702,222
2026-02-18 11:38:00,22701,22701,22701,22701,25
2026-02-18 11:39:00,22701,22701,22700,22701,95
2026-02-18 11:40:00,22703,22704,22701,22703,141
2026-02-18 11:41:00,22708,22708,22706,22706,1
2026-02-18 11:42:00,22698,22700,22698,22699,225
2026-02-18 11:43:00,22698,22698,22698,22698,164
2026-02-18 11:44:00,22690,22690,22689,22690,87
2026-02-18 11:45:00,22694,22695,22693,22694,20
2026-02-18 11:46:00,22690,22690,22690,22690,254
2026-02-18 11:47:00,22690,22692,22687,22689,170
2026-02-18 11:48:00,22687,22688,22686,22687,87
2026-02-18 11:49:00,22679,22690,22679,22684,93
2026-02-18 11:50:00,22687,22687,22687,22687,160
2026-02-18 11:51:00,22685,22685,22685,22685,182
2026-02-18 11:52:00,22684,22685,22684,22685,133
2026-02-18 11:53:00,22688,22688,22688,22688,117
2026-02-18 11:54:00,22681,22687,22675,22683,134
2026-02-18 11:55:00,22684,22685,22682,22684,174
2026-02-18 11:56:00,22683,22688,22679,22683,96
2026-02-18 11:57:00,22686,22687,22685,22686,108
2026-02-18 11:58:00,22687,22687,22687,22687,70
2026-02-18 11:59:00,22684,22685,22682,22684,142
2026-02-18 12:00:00,22688,22688,22688,22688,113
2026-02-18 12:01:00,22689,22689,22688,22688,60
2026-02-18 12:02:00,22696,22696,22694,22695,101
2026-02-18 12:03:00,22696,22696,22696,22696,219
2026-02-18 12:04:00,22698,22698,22697,22697,93
2026-02-18 12:05:00,22694,22696,22692,22695,108
2026-02-18 12:06:00,22692,22696,22690,22693,326
2026-02-18 12:07:00,22695,22696,22694,22695,23
2026-02-18 12:08:00,22686,22687,22686,22687,211
2026-02-18 12:09:00,22686,22686,22685,22686,143
2026-02-18 12:10:00,22690,22691,22689,22690,174
2026-02-18 12:11:00,22690,22691,22687,22690,153
2026-02-18 12:12:00,22701,22701,22698,22700,254
2026-02-18 12:13:00,22700,22702,22699,22700,109
2026-02-18 12:14:00,22703,22703,22701,22703,118
2026-02-18 12:15:00,22705,22706,22703,22705,70
2026-02-18 12:16:00,22704,22705,22704,22705,225
2026-02-18 12:17:00,22702,22702,22697,22699,200
2026-02-18 12:18:00,22694,22697,22693,22694,98
2026-02-18 12:19:00,22695,22695,22694,22695,59
2026-02-18 12:20:00,22692,22694,22691,22693,113
2026-02-18 12:21:00,22694,22694,22694,22694,162
2026-02-18 12:22:00,22694,22694,22693,22694,216
2026-02-18 12:23:00,22693,22694,22693,22694,212
2026-02-18 12:24:00,22690,22690,22689,22690,177
2026-02-18 12:25:00,22687,22687,22684,22686,61
2026-02-18 12:26:00,22681,22683,22680,22682,103
2026-02-18 12:27:00,22684,22685,22682,22682,190
2026-02-18 12:28:00,22692,22692,22688,22691,128
2026-02-18 12:29:00,22690,22690,22690,22690,61
2026-02-18 12:30:00,22681,22682,22681,22681,236
2026-02-18 12:31:00,22684,22684,22679,22682,71
2026-02-18 12:32:00,22681,22682,22681,22682,282
2026-02-18 12:33:00,22679,22681,22679,22679,128
2026-02-18 12:34:00,22677,22677,22676,22677,163
2026-02-18 12:35:00,22680,22680,22676,22679,161
2026-02-18 12:36:00,22679,22683,22679,22681,149
2026-02-18 12:37:00,22679,22679,22678,22679,193
2026-02-18 12:38:00,22677,22678,22675,22678,150
2026-02-18 12:39:00,22672,22673,22671,22672,172
2026-02-18 12:40:00,22669,22672,22668,22669,215
2026-02-18 12:41:00,22671,22671,22669,22671,139
2026-02-18 12:42:00,22669,22671,22668,22670,126
2026-02-18 12:43:00,22670,22671,22668,22670,212
2026-02-18 12:44:00,22667,22667,22667,22667,65
2026-02-18 12:45:00,22659,22661,22658,22660,119
2026-02-18 12:46:00,22659,22659,22656,22657,164
2026-02-18 12:47:00,22659,22660,22656,22658,96
2026-02-18 12:48:00,22658,22660,22656,22658,114
2026-02-18 12:49:00,22653,22657,22653,22654,189
2026-02-18 12:50:00,22659,22659,22659,22659,228
2026-02-18 12:51:00,22657,22657,22657,22657,131
2026-02-18 12:52:00,22662,22662,22659,22660,28
2026-02-18 12:53:00,22663,22664,22663,22664,186
2026-02-18 12:54:00,22662,22663,22659,22662,37
2026-02-18 12:55:00,22668,22668,22668,22668,198
2026-02-18 12:56:00,22669,22669,22668,22668,152
2026-02-18 12:57:00,22671,22673,22669,22671,202
2026-02-18 12:58:00,22675,22675,22674,22675,111
2026-02-18 12:59:00,22671,22671,22669,22671,63
2026-02-18 13:00:00,22674,22674,22673,22673,170
2026-02-18 13:01:00,22679,22680,22678,22678,245
2026-02-18 13:02:00,22681,22685,22678,22679,184
2026-02-18 13:03:00,22679,22680,22678,22679,166
2026-02-18 13:04:00,22674,22675,22674,22674,45
2026-02-18 13:05:00,22676,22677,22676,22676,1
2026-02-18 13:06:00,22682,22682,22676,22679,182
2026-02-18 13:07:00,22676,22676,22675,22676,182
2026-02-18 13:08:00,22677,22677,22676,22676,216
2026-02-18 13:09:00,22676,22684,22676,22676,25
2026-02-18 13:10:00,22675,22676,22674,22674,207
2026-02-18 13:11:00,22681,22684,22678,22680,279
2026-02-18 13:12:00,22677,22678,22677,22677,33
2026-02-18 13:13:00,22681,22682,22680,22680,156
2026-02-18 13:14:00,22685,22685,22684,22685,223
2026-02-18 13:15:00,22686,22687,22683,22686,204
2026-02-18 13:16:00,22685,22685,22685,22685,286
2026-02-18 13:17:00,22689,22689,22688,22689,52
2026-02-18 13:18:00,22690,22690,22688,22689,153
2026-02-18 13:19:00,22690,22692,22683,22690,85
2026-02-18 13:20:00,22693,22696,22690,22691,172
2026-02-18 13:21:00,22691,22692,22690,22691,203
2026-02-18 13:22:00,22688,22688,22687,22688,45
2026-02-18 13:23:00,22684,22685,22682,22684,155
2026-02-18 13:24:00,22684,22684,22684,22684,135
2026-02-18 13:25:00,22686,22691,22686,22686,163
2026-02-18 13:26:00,22690,22693,22688,22691,502
2026-02-18 13:27:00,22692,22697,22688,22691,390
2026-02-18 13:28:00,22685,22693,22677,22684,243
2026-02-18 13:29:00,22677,22678,22676,22677,241
2026-02-18 13:30:00,22682,22682,22680,22681,560
2026-02-18 13:31:00,22685,22686,22682,22684,171
2026-02-18 13:32:00,22684,22684,22682,22684,30
2026-02-18 13:33:00,22685,22685,22677,22684,434
2026-02-18 13:34:00,22683,22684,22679,22683,409
2026-02-18 13:35:00,22685,22687,22684,22685,1
2026-02-18 13:36:00,22695,22695,22694,22695,133
2026-02-18 13:37:00,22697,22697,22697,22697,89
2026-02-18 13:38:00,22692,22692,22691,22691,480
2026-02-18 13:39:00,22687,22697,22681,22684,299
2026-02-18 13:40:00,22680,22680,22679,22679,282
2026-02-18 13:41:00,22680,22685,22676,22680,186
2026-02-18 13:42:00,22690,22691,22689,22690,189
2026-02-18 13:43:00,22678,22679,22676,22678,231
2026-02-18 13:44:00,22683,22683,22674,22677,432
2026-02-19 08:45:00,22665,22665,22662,22663,107
2026-02-19 08:46:00,22669,22670,22667,22669,73
2026-02-19 08:47:00,22676,22676,22673,22675,250
2026-02-19 08:48:00,22679,22683,22671,22681,513
2026-02-19 08:49:00,22674,22677,22673,22674,389
2026-02-19 08:50:00,22684,22692,22680,22681,342
2026-02-19 08:51:00,22686,22688,22684,22686,290
2026-02-19 08:52:00,22685,22685,22684,22685,435
2026-02-19 08:53:00,22678,22679,22678,22679,163
2026-02-19 08:54:00,22679,22681,22679,22680,172
2026-02-19 08:55:00,22670,22672,22670,22671,392
2026-02-19 08:56:00,22671,22672,22671,22672,1
2026-02-19 08:57:00,22664,22664,22661,22663,584
2026-02-19 08:58:00,22657,22658,22657,22657,341
2026-02-19 08:59:00,22653,22655,22650,22654,346
2026-02-19 09:00:00,22659,22659,22659,22659,209
2026-02-19 09:01:00,22657,22657,22657,22657,108
2026-02-19 09:02:00,22664,22665,22663,22664,25
2026-02-19 09:03:00,22663,22666,22663,22664,258
2026-02-19 09:04:00,22662,22664,22662,22663,294
2026-02-19 09:05:00,22660,22660,22659,22660,236
2026-02-19 09:06:00,22656,22657,22654,22655,200
2026-02-19 09:07:00,22655,22659,22655,22658,325
2026-02-19 09:08:00,22656,22657,22656,22656,92
2026-02-19 09:09:00,22656,22656,22656,22656,279
2026-02-19 09:10:00,22655,22655,22652,22655,185
2026-02-19 09:11:00,22661,22669,22660,22663,219
2026-02-19 09:12:00,22668,22668,22662,22664,175
2026-02-19 09:13:00,22668,22670,22667,22668,1
2026-02-19 09:14:00,22664,22664,22663,22664,168
2026-02-19 09:15:00,22662,22662,22662,22662,109
2026-02-19 09:16:00,22660,22660,22659,22660,230
2026-02-19 09:17:00,22660,22661,22660,22661,223
2026-02-19 09:18:00,22658,22660,22656,22660,121
2026-02-19 09:19:00,22661,22661,22661,22661,84
2026-02-19 09:20:00,22666,22666,22661,22664,41
2026-02-19 09:21:00,22664,22665,22664,22664,163
2026-02-19 09:22:00,22664,22667,22664,22664,199
2026-02-19 09:23:00,22664,22664,22663,22663,113
2026-02-19 09:24:00,22664,22664,22664,22664,345
2026-02-19 09:25:00,22668,22669,22667,22669,107
2026-02-19 09:26:00,22666,22666,22664,22665,227
2026-02-19 09:27:00,22673,22677,22671,22673,96
2026-02-19 09:28:00,22675,22676,22673,22675,179
2026-02-19 09:29:00,22677,22683,22671,22674,231
2026-02-19 09:30:00,22676,22679,22666,22672,79
2026-02-19 09:31:00,22676,22676,22675,22676,143
2026-02-19 09:32:00,22672,22674,22671,22671,224
2026-02-19 09:33:00,22672,22673,22672,22673,1
2026-02-19 09:34:00,22674,22675,22668,22671,201
2026-02-19 09:35:00,22665,22667,22665,22666,176
2026-02-19 09:36:00,22672,22675,22672,22673,65
2026-02-19 09:37:00,22668,22668,22668,22668,1
2026-02-19 09:38:00,22662,22664,22662,22664,1
2026-02-19 09:39:00,22659,22661,22658,22658,41
2026-02-19 09:40:00,22648,22648,22648,22648,1
2026-02-19 09:41:00,22647,22648,22641,22647,286
2026-02-19 09:42:00,22648,22648,22646,22647,98
2026-02-19 09:43:00,22642,22643,22641,22642,284
2026-02-19 09:44:00,22641,22641,22638,22641,163
2026-02-19 09:45:00,22636,22637,22636,22637,51
2026-02-19 09:46:00,22633,22635,22632,22634,274
2026-02-19 09:47:00,22636,22636,22633,22634,127
2026-02-19 09:48:00,22634,22635,22629,22634,93
2026-02-19 09:49:00,22639,22639,22638,22639,111
2026-02-19 09:50:00,22634,22639,22633,22634,314
2026-02-19 09:51:00,22633,22633,22633,22633,36
2026-02-19 09:52:00,22633,22634,22631,22633,119
2026-02-19 09:53:00,22636,22637,22635,22637,301
2026-02-19 09:54:00,22644,22644,22644,22644,151
2026-02-19 09:55:00,22640,22642,22638,22639,144
2026-02-19 09:56:00,22638,22640,22638,22639,114
2026-02-19 09:57:00,22643,22644,22643,22643,216
2026-02-19 09:58:00,22643,22647,22641,22644,113
2026-02-19 09:59:00,22644,22644,22639,22643,264
2026-02-19 10:00:00,22647,22649,22647,22648,26
2026-02-19 10:01:00,22646,22646,22644,22646,1
2026-02-19 10:02:00,22646,22649,22645,22646,79
2026-02-19 10:03:00,22640,22640,22639,22639,95
2026-02-19 10:04:00,22636,22636,22636,22636,52
2026-02-19 10:05:00,22638,22638,22638,22638,114
2026-02-19 10:06:00,22636,22638,22636,22637,165
2026-02-19 10:07:00,22633,22635,22630,22633,413
2026-02-19 10:08:00,22634,22635,22633,22634,320
2026-02-19 10:09:00,22630,22633,22630,22633,167
2026-02-19 10:10:00,22631,22631,22630,22630,168
2026-02-19 10:11:00,22625,22629,22619,22624,185
2026-02-19 10:12:00,22626,22626,22624,22625,131
2026-02-19 10:13:00,22622,22622,22620,22621,172
2026-02-19 10:14:00,22622,22622,22620,22621,141
2026-02-19 10:15:00,22619,22620,22619,22619,137
2026-02-19 10:16:00,22625,22625,22625,22625,184
2026-02-19 10:17:00,22627,22632,22626,22628,151
2026-02-19 10:18:00,22630,22630,22624,22627,118
2026-02-19 10:19:00,22630,22630,22630,22630,202
2026-02-19 10:20:00,22632,22634,22625,22632,214
2026-02-19 10:21:00,22633,22634,22633,22634,182
2026-02-19 10:22:00,22630,22630,22630,22630,167
2026-02-19 10:23:00,22631,22631,22631,22631,148
2026-02-19 10:24:00,22626,22626,22625,22625,171
2026-02-19 10:25:00,22628,22629,22628,22628,88
2026-02-19 10:26:00,22623,22628,22623,22626,58
2026-02-19 10:27:00,22626,22628,22624,22626,246
2026-02-19 10:28:00,22628,22628,22626,22626,257
2026-02-19 10:29:00,22627,22629,22624,22628,56
2026-02-19 10:30:00,22632,22634,22632,22632,201
2026-02-19 10:31:00,22633,22633,22633,22633,204
2026-02-19 10:32:00,22632,22635,22626,22632,145
2026-02-19 10:33:00,22636,22641,22636,22637,167
2026-02-19 10:34:00,22637,22637,22631,22636,194
2026-02-19 10:35:00,22633,22633,22632,22633,331
2026-02-19 10:36:00,22634,22634,22632,22633,226
2026-02-19 10:37:00,22636,22636,22634,22635,174
2026-02-19 10:38:00,22644,22645,22642,22643,125
2026-02-19 10:39:00,22643,22643,22643,22643,202
2026-02-19 10:40:00,22648,22650,22648,22648,94
2026-02-19 10:41:00,22645,22646,22645,22646,153
2026-02-19 10:42:00,22646,22647,22646,22647,82
2026-02-19 10:43:00,22654,22656,22651,22653,23
2026-02-19 10:44:00,22654,22656,22654,22655,165
2026-02-19 10:45:00,22654,22654,22654,22654,200
2026-02-19 10:46:00,22652,22654,22652,22652,203
2026-02-19 10:47:00,22651,22655,22649,22653,128
2026-02-19 10:48:00,22643,22644,22642,22643,176
2026-02-19 10:49:00,22639,22640,22637,22639,97
2026-02-19 10:50:00,22642,22644,22638,22641,177
2026-02-19 10:51:00,22646,22646,22645,22646,161
2026-02-19 10:52:00,22647,22648,22640,22645,182
2026-02-19 10:53:00,22643,22644,22643,22644,16
2026-02-19 10:54:00,22642,22643,22641,22643,74
2026-02-19 10:55:00,22640,22640,22640,22640,212
2026-02-19 10:56:00,22635,22638,22628,22634,105
2026-02-19 10:57:00,22635,22636,22634,22635,28
2026-02-19 10:58:00,22627,22627,22626,22627,269
2026-02-19 10:59:00,22624,22624,22623,22624,199
2026-02-19 11:00:00,22624,22625,22624,22624,176
2026-02-19 11:01:00,22622,22622,22621,22622,208
2026-02-19 11:02:00,22620,22621,22620,22620,189
2026-02-19 11:03:00,22622,22622,22618,22621,114
2026-02-19 11:04:00,22619,22622,22617,22620,153
2026-02-19 11:05:00,22623,22623,22623,22623,116
2026-02-19 11:06:00,22617,22618,22617,22618,38
2026-02-19 11:07:00,22615,22615,22615,22615,127
2026-02-19 11:08:00,22612,22614,22612,22614,215
2026-02-19 11:09:00,22617,22617,22610,22615,250
2026-02-19 11:10:00,22619,22622,22617,22619,211
2026-02-19 11:11:00,22623,22623,22621,22622,106
2026-02-19 11:12:00,22621,22621,22620,22621,82
2026-02-19 11:13:00,22625,22628,22619,22623,181
2026-02-19 11:14:00,22621,22621,22621,22621,126
2026-02-19 11:15:00,22620,22620,22620,22620,96
2026-02-19 11:16:00,22623,22623,22621,22622,172
2026-02-19 11:17:00,22620,22621,22619,22621,115
2026-02-19 11:18:00,22620,22620,22620,22620,203
2026-02-19 11:19:00,22622,22625,22614,22623,200
2026-02-19 11:20:00,22629,22630,22629,22629,155
2026-02-19 11:21:00,22627,22628,22626,22627,89
2026-02-19 11:22:00,22629,22630,22628,22629,132
2026-02-19 11:23:00,22633,22635,22633,22633,56
2026-02-19 11:24:00,22635,22636,22635,22635,294
2026-02-19 11:25:00,22632,22633,22632,22632,111
2026-02-19 11:26:00,22631,22631,22630,22630,193
2026-02-19 11:27:00,22627,22627,22614,22624,153
2026-02-19 11:28:00,22622,22626,22622,22622,326
2026-02-19 11:29:00,22625,22625,22625,22625,42
2026-02-19 11:30:00,22628,22629,22626,22627,53
2026-02-19 11:31:00,22627,22627,22627,22627,93
2026-02-19 11:32:00,22624,22625,22623,22625,79
2026-02-19 11:33:00,22616,22617,22615,22617,195
2026-02-19 11:34:00,22606,22610,22606,22608,117
2026-02-19 11:35:00,22611,22611,22611,22611,149
2026-02-19 11:36:00,22609,22611,22609,22610,208
2026-02-19 11:37:00,22608,22608,22607,22608,294
2026-02-19 11:38:00,22608,22608,22608,22608,104
2026-02-19 11:39:00,22603,22604,22603,22603,63
2026-02-19 11:40:00,22606,22607,22606,22606,329
2026-02-19 11:41:00,22611,22612,22610,22610,47
2026-02-19 11:42:00,22615,22615,22613,22614,53
2026-02-19 11:43:00,22618,22621,22616,22619,269
2026-02-19 11:44:00,22617,22620,22617,22619,99
2026-02-19 11:45:00,22616,22618,22615,22617,248
2026-02-19 11:46:00,22618,22618,22618,22618,225
2026-02-19 11:47:00,22615,22615,22615,22615,144
2026-02-19 11:48:00,22613,22614,22613,22613,128
2026-02-19 11:49:00,22610,22612,22610,22611,161
2026-02-19 11:50:00,22606,22610,22606,22607,69
2026-02-19 11:51:00,22614,22615,22614,22615,230
2026-02-19 11:52:00,22609,22610,22609,22610,181
2026-02-19 11:53:00,22605,22605,22605,22605,4
2026-02-19 11:54:00,22606,22607,22606,22606,157
2026-02-19 11:55:00,22605,22607,22599,22605,211
2026-02-19 11:56:00,22608,22608,22606,22607,98
2026-02-19 11:57:00,22602,22606,22598,22603,152
2026-02-19 11:58:00,22604,22604,22604,22604,154
2026-02-19 11:59:00,22599,22602,22598,22600,1
2026-02-19 12:00:00,22594,22596,22594,22595,375
2026-02-19 12:01:00,22601,22601,22599,22600,168
2026-02-19 12:02:00,22598,22599,22598,22599,248
2026-02-19 12:03:00,22604,22605,22603,22604,86
2026-02-19 12:04:00,22604,22604,22597,22601,156
2026-02-19 12:05:00,22597,22602,22597,22598,163
2026-02-19 12:06:00,22597,22603,22594,22596,65
2026-02-19 12:07:00,22594,22594,22594,22594,226
2026-02-19 12:08:00,22602,22604,22602,22602,186
2026-02-19 12:09:00,22601,22602,22601,22601,130
2026-02-19 12:10:00,22599,22600,22598,22600,63
2026-02-19 12:11:00,22594,22594,22594,22594,107
2026-02-19 12:12:00,22600,22600,22599,22600,164
2026-02-19 12:13:00,22601,22603,22599,22600,237
2026-02-19 12:14:00,22597,22597,22597,22597,208
2026-02-19 12:15:00,22596,22596,22594,22594,180
2026-02-19 12:16:00,22595,22596,22594,22595,220
2026-02-19 12:17:00,22598,22598,22597,22598,174
2026-02-19 12:18:00,22597,22598,22595,22597,258
2026-02-19 12:19:00,22594,22598,22590,22594,235
2026-02-19 12:20:00,22594,22594,22593,22594,266
2026-02-19 12:21:00,22594,22596,22594,22595,182
2026-02-19 12:22:00,22596,22596,22596,22596,131
2026-02-19 12:23:00,22600,22601,22598,22600,239
2026-02-19 12:24:00,22605,22605,22602,22604,176
2026-02-19 12:25:00,22604,22605,22602,22603,200
2026-02-19 12:26:00,22603,22609,22603,22606,196
2026-02-19 12:27:00,22607,22607,22606,22606,151
2026-02-19 12:28:00,22605,22606,22605,22605,54
2026-02-19 12:29:00,22605,22608,22603,22605,235
2026-02-19 12:30:00,22603,22607,22602,22604,189
2026-02-19 12:31:00,22602,22607,22602,22603,167
2026-02-19 12:32:00,22604,22605,22602,22603,204
2026-02-19 12:33:00,22602,22603,22601,22601,38
2026-02-19 12:34:00,22601,22601,22600,22601,212
2026-02-19 12:35:00,22600,22600,22597,22597,5
2026-02-19 12:36:00,22588,22590,22588,22589,100
2026-02-19 12:37:00,22585,22586,22583,22585,177
2026-02-19 12:38:00,22582,22582,22582,22582,121
2026-02-19 12:39:00,22577,22577,22576,22577,232
2026-02-19 12:40:00,22580,22582,22570,22578,289
2026-02-19 12:41:00,22577,22578,22577,22578,235
2026-02-19 12:42:00,22581,22586,22581,22583,179
2026-02-19 12:43:00,22579,22579,22577,22579,101
2026-02-19 12:44:00,22578,22578,22578,22578,1
2026-02-19 12:45:00,22582,22584,22581,22582,1
2026-02-19 12:46:00,22577,22577,22575,22577,145
2026-02-19 12:47:00,22572,22572,22560,22571,274
2026-02-19 12:48:00,22570,22570,22570,22570,38
2026-02-19 12:49:00,22564,22564,22564,22564,1
2026-02-19 12:50:00,22564,22564,22556,22563,121
2026-02-19 12:51:00,22565,22566,22564,22565,184
2026-02-19 12:52:00,22565,22567,22564,22566,50
2026-02-19 12:53:00,22571,22574,22563,22570,189
2026-02-19 12:54:00,22573,22573,22573,22573,95
2026-02-19 12:55:00,22574,22587,22571,22574,145
2026-02-19 12:56:00,22571,22573,22570,22571,110
2026-02-19 12:57:00,22568,22573,22568,22571,84
2026-02-19 12:58:00,22573,22573,22573,22573,205
2026-02-19 12:59:00,22572,22572,22571,22572,76
2026-02-19 13:00:00,22574,22574,22570,22572,192
2026-02-19 13:01:00,22573,22576,22571,22572,3
2026-02-19 13:02:00,22576,22576,22576,22576,147
2026-02-19 13:03:00,22576,22576,22576,22576,177
2026-02-19 13:04:00,22576,22577,22576,22576,207
2026-02-19 13:05:00,22572,22573,22572,22572,209
2026-02-19 13:06:00,22569,22571,22567,22569,103
2026-02-19 13:07:00,22569,22570,22569,22570,222
2026-02-19 13:08:00,22562,22565,22560,22564,179
2026-02-19 13:09:00,22564,22564,22562,22563,206
2026-02-19 13:10:00,22569,22569,22565,22566,196
2026-02-19 13:11:00,22564,22564,22564,22564,110
2026-02-19 13:12:00,22569,22569,22566,22569,198
2026-02-19 13:13:00,22568,22568,22567,22568,202
2026-02-19 13:14:00,22572,22572,22570,22571,158
2026-02-19 13:15:00,22564,22565,22561,22563,249
2026-02-19 13:16:00,22561,22563,22558,22561,93
2026-02-19 13:17:00,22561,22562,22560,22561,80
2026-02-19 13:18:00,22557,22559,22556,22557,278
2026-02-19 13:19:00,22560,22560,22557,22558,116
2026-02-19 13:20:00,22561,22562,22560,22561,176
2026-02-19 13:21:00,22561,22561,22561,22561,256
2026-02-19 13:22:00,22561,22561,22561,22561,296
2026-02-19 13:23:00,22555,22555,22554,22555,1
2026-02-19 13:24:00,22555,22556,22555,22556,91
2026-02-19 13:25:00,22552,22552,22552,22552,27
2026-02-19 13:26:00,22553,22558,22553,22554,221
2026-02-19 13:27:00,22570,22570,22569,22570,211
2026-02-19 13:28:00,22555,22555,22555,22555,664
2026-02-19 13:29:00,22549,22553,22549,22550,1
2026-02-19 13:30:00,22550,22550,22550,22550,325
2026-02-19 13:31:00,22545,22554,22524,22545,408
2026-02-19 13:32:00,22544,22544,22543,22544,491
2026-02-19 13:33:00,22554,22554,22550,22552,149
2026-02-19 13:34:00,22550,22550,22547,22549,482
2026-02-19 13:35:00,22554,22556,22547,22554,195
2026-02-19 13:36:00,22546,22547,22546,22546,105
2026-02-19 13:37:00,22546,22553,22543,22549,156
2026-02-19 13:38:00,22545,22546,22545,22545,182
2026-02-19 13:39:00,22548,22549,22542,22548,248
2026-02-19 13:40:00,22539,22540,22539,22540,373
2026-02-19 13:41:00,22535,22535,22535,22535,33
2026-02-19 13:42:00,22537,22539,22536,22539,424
2026-02-19 13:43:00,22541,22541,22540,22540,477
2026-02-19 13:44:00,22527,22527,22526,22526,505
2026-02-20 08:45:00,22509,22510,22507,22508,337
2026-02-20 08:46:00,22501,22501,22492,22498,323
2026-02-20 08:47:00,22503,22504,22499,22502,249
2026-02-20 08:48:00,22502,22504,22501,22501,213
2026-02-20 08:49:00,22508,22508,22505,22507,420
2026-02-20 08:50:00,22497,22498,22497,22497,150
2026-02-20 08:51:00,22508,22508,22508,22508,390
2026-02-20 08:52:00,22505,22510,22501,22508,351
2026-02-20 08:53:00,22500,22509,22500,22502,413
2026-02-20 08:54:00,22508,22513,22505,22507,439
2026-02-20 08:55:00,22500,22504,22500,22503,268
2026-02-20 08:56:00,22498,22499,22497,22499,169
2026-02-20 08:57:00,22496,22496,22494,22496,183
2026-02-20 08:58:00,22499,22500,22499,22500,503
2026-02-20 08:59:00,22498,22499,22498,22498,345
2026-02-20 09:00:00,22499,22499,22498,22499,79
2026-02-20 09:01:00,22502,22503,22502,22503,163
2026-02-20 09:02:00,22497,22497,22496,22497,358
2026-02-20 09:03:00,22492,22497,22492,22495,274
2026-02-20 09:04:00,22486,22486,22485,22486,170
2026-02-20 09:05:00,22481,22482,22481,22481,390
2026-02-20 09:06:00,22483,22484,22483,22483,211
2026-02-20 09:07:00,22480,22482,22478,22480,181
2026-02-20 09:08:00,22482,22487,22479,22481,289
2026-02-20 09:09:00,22485,22485,22484,22484,315
2026-02-20 09:10:00,22489,22491,22489,22489,218
2026-02-20 09:11:00,22484,22492,22482,22484,178
2026-02-20 09:12:00,22482,22483,22481,22481,134
2026-02-20 09:13:00,22477,22479,22477,22479,274
2026-02-20 09:14:00,22479,22480,22478,22479,311
2026-02-20 09:15:00,22483,22483,22481,22483,84
2026-02-20 09:16:00,22486,22486,22482,22484,148
2026-02-20 09:17:00,22481,22481,22481,22481,57
2026-02-20 09:18:00,22478,22480,22477,22478,265
2026-02-20 09:19:00,22478,22480,22477,22479,180
2026-02-20 09:20:00,22472,22472,22472,22472,152
2026-02-20 09:21:00,22473,22474,22468,22472,206
2026-02-20 09:22:00,22468,22474,22466,22469,214
2026-02-20 09:23:00,22463,22465,22462,22464,95
2026-02-20 09:24:00,22468,22470,22468,22468,194
2026-02-20 09:25:00,22474,22474,22473,22474,52
2026-02-20 09:26:00,22474,22475,22473,22474,229
2026-02-20 09:27:00,22472,22472,22471,22471,31
2026-02-20 09:28:00,22469,22470,22469,22469,141
2026-02-20 09:29:00,22464,22465,22464,22465,137
2026-02-20 09:30:00,22468,22468,22460,22465,8
2026-02-20 09:31:00,22464,22465,22464,22465,199
2026-02-20 09:32:00,22472,22472,22469,22470,83
2026-02-20 09:33:00,22466,22469,22464,22465,280
2026-02-20 09:34:00,22468,22470,22465,22468,116
2026-02-20 09:35:00,22465,22466,22464,22465,278
2026-02-20 09:36:00,22459,22459,22457,22459,145
2026-02-20 09:37:00,22459,22459,22459,22459,4
2026-02-20 09:38:00,22447,22448,22447,22447,93
2026-02-20 09:39:00,22446,22447,22446,22446,104
2026-02-20 09:40:00,22449,22450,22449,22449,134
2026-02-20 09:41:00,22446,22446,22445,22446,254
2026-02-20 09:42:00,22447,22447,22447,22447,270
2026-02-20 09:43:00,22449,22450,22449,22449,91
2026-02-20 09:44:00,22451,22453,22450,22452,173
2026-02-20 09:45:00,22445,22445,22445,22445,116
2026-02-20 09:46:00,22441,22441,22441,22441,183
2026-02-20 09:47:00,22441,22442,22441,22442,189
2026-02-20 09:48:00,22440,22440,22439,22440,232
2026-02-20 09:49:00,22438,22440,22438,22439,159
2026-02-20 09:50:00,22435,22435,22435,22435,199
2026-02-20 09:51:00,22438,22438,22434,22435,106
2026-02-20 09:52:00,22439,22441,22438,22439,94
2026-02-20 09:53:00,22444,22444,22444,22444,102
2026-02-20 09:54:00,22443,22443,22440,22443,1
2026-02-20 09:55:00,22448,22451,22447,22448,125
2026-02-20 09:56:00,22452,22455,22450,22450,152
2026-02-20 09:57:00,22450,22451,22450,22450,138
2026-02-20 09:58:00,22449,22450,22446,22448,249
2026-02-20 09:59:00,22455,22455,22454,22454,151
2026-02-20 10:00:00,22453,22453,22453,22453,6
2026-02-20 10:01:00,22453,22457,22450,22452,69
2026-02-20 10:02:00,22453,22456,22451,22452,38
2026-02-20 10:03:00,22449,22452,22449,22449,125
2026-02-20 10:04:00,22447,22449,22447,22448,135
2026-02-20 10:05:00,22448,22449,22448,22448,147
2026-02-20 10:06:00,22449,22449,22447,22447,105
2026-02-20 10:07:00,22450,22450,22449,22450,9
2026-02-20 10:08:00,22446,22452,22443,22448,219
2026-02-20 10:09:00,22445,22445,22443,22444,171
2026-02-20 10:10:00,22445,22445,22444,22445,106
2026-02-20 10:11:00,22443,22443,22442,22442,95
2026-02-20 10:12:00,22443,22444,22443,22443,64
2026-02-20 10:13:00,22443,22444,22442,22443,150
2026-02-20 10:14:00,22442,22442,22441,22441,215
2026-02-20 10:15:00,22441,22443,22437,22442,179
2026-02-20 10:16:00,22444,22449,22442,22443,350
2026-02-20 10:17:00,22442,22445,22438,22442,229
2026-02-20 10:18:00,22435,22435,22434,22435,216
2026-02-20 10:19:00,22433,22433,22431,22432,135
2026-02-20 10:20:00,22425,22425,22424,22425,90
2026-02-20 10:21:00,22431,22432,22429,22430,86
2026-02-20 10:22:00,22436,22436,22433,22435,169
2026-02-20 10:23:00,22437,22439,22436,22437,195
2026-02-20 10:24:00,22439,22440,22437,22439,90
2026-02-20 10:25:00,22441,22441,22441,22441,254
2026-02-20 10:26:00,22443,22444,22442,22443,260
2026-02-20 10:27:00,22442,22444,22442,22443,179
2026-02-20 10:28:00,22442,22444,22441,22442,329
2026-02-20 10:29:00,22441,22441,22440,22440,58
2026-02-20 10:30:00,22437,22437,22437,22437,168
2026-02-20 10:31:00,22431,22435,22431,22433,195
2026-02-20 10:32:00,22440,22440,22434,22436,201
2026-02-20 10:33:00,22435,22438,22434,22436,70
2026-02-20 10:34:00,22438,22438,22435,22438,198
2026-02-20 10:35:00,22439,22444,22437,22443,129
2026-02-20 10:36:00,22445,22445,22443,22444,195
2026-02-20 10:37:00,22445,22445,22445,22445,221
2026-02-20 10:38:00,22447,22447,22446,22447,89
2026-02-20 10:39:00,22444,22444,22443,22444,102
2026-02-20 10:40:00,22440,22441,22439,22441,94
2026-02-20 10:41:00,22435,22435,22435,22435,166
2026-02-20 10:42:00,22435,22435,22434,22435,277
2026-02-20 10:43:00,22437,22438,22434,22436,96
2026-02-20 10:44:00,22435,22436,22434,22436,191
2026-02-20 10:45:00,22432,22432,22432,22432,104
2026-02-20 10:46:00,22434,22435,22432,22434,141
2026-02-20 10:47:00,22435,22436,22435,22436,13
2026-02-20 10:48:00,22433,22435,22433,22435,199
2026-02-20 10:49:00,22434,22435,22434,22434,20
2026-02-20 10:50:00,22436,22439,22432,22436,1
2026-02-20 10:51:00,22431,22432,22431,22431,97
2026-02-20 10:52:00,22429,22430,22428,22429,250
2026-02-20 10:53:00,22430,22431,22429,22430,74
2026-02-20 10:54:00,22433,22433,22433,22433,157
2026-02-20 10:55:00,22433,22434,22427,22433,183
2026-02-20 10:56:00,22432,22432,22431,22431,187
2026-02-20 10:57:00,22429,22431,22429,22430,128
2026-02-20 10:58:00,22428,22430,22428,22428,199
2026-02-20 10:59:00,22424,22427,22423,22423,130
2026-02-20 11:00:00,22430,22430,22429,22430,139
2026-02-20 11:01:00,22437,22437,22437,22437,100
2026-02-20 11:02:00,22430,22437,22430,22430,130
2026-02-20 11:03:00,22426,22430,22425,22427,193
2026-02-20 11:04:00,22430,22430,22429,22430,1
2026-02-20 11:05:00,22434,22435,22426,22431,222
2026-02-20 11:06:00,22436,22438,22435,22436,57
2026-02-20 11:07:00,22435,22435,22435,22435,259
2026-02-20 11:08:00,22437,22439,22436,22438,88
2026-02-20 11:09:00,22438,22440,22438,22439,35
2026-02-20 11:10:00,22440,22440,22433,22436,99
2026-02-20 11:11:00,22435,22440,22435,22436,33
2026-02-20 11:12:00,22438,22438,22431,22437,73
2026-02-20 11:13:00,22437,22439,22434,22438,107
2026-02-20 11:14:00,22440,22440,22436,22438,257
2026-02-20 11:15:00,22436,22446,22436,22438,153
2026-02-20 11:16:00,22438,22438,22435,22435,1
2026-02-20 11:17:00,22436,22437,22436,22436,307
2026-02-20 11:18:00,22435,22437,22435,22436,18
2026-02-20 11:19:00,22438,22439,22436,22438,25
2026-02-20 11:20:00,22431,22434,22429,22430,249
2026-02-20 11:21:00,22424,22425,22424,22424,128
2026-02-20 11:22:00,22427,22428,22424,22427,105
2026-02-20 11:23:00,22422,22422,22422,22422,253
2026-02-20 11:24:00,22429,22430,22429,22429,122
2026-02-20 11:25:00,22431,22437,22431,22434,92
2026-02-20 11:26:00,22434,22435,22434,22434,138
2026-02-20 11:27:00,22431,22431,22431,22431,164
2026-02-20 11:28:00,22435,22439,22433,22434,56
2026-02-20 11:29:00,22436,22440,22434,22435,160
2026-02-20 11:30:00,22441,22446,22439,22439,6
2026-02-20 11:31:00,22436,22436,22433,22436,183
2026-02-20 11:32:00,22429,22430,22429,22429,145
2026-02-20 11:33:00,22431,22438,22427,22429,238
2026-02-20 11:34:00,22425,22427,22424,22424,181
2026-02-20 11:35:00,22430,22430,22429,22430,172
2026-02-20 11:36:00,22429,22430,22427,22429,303
2026-02-20 11:37:00,22434,22434,22433,22434,23
2026-02-20 11:38:00,22431,22434,22427,22430,268
2026-02-20 11:39:00,22430,22433,22429,22430,65
2026-02-20 11:40:00,22432,22437,22424,22431,133
2026-02-20 11:41:00,22431,22431,22431,22431,196
2026-02-20 11:42:00,22429,22429,22429,22429,195
2026-02-20 11:43:00,22427,22427,22422,22423,1
2026-02-20 11:44:00,22428,22428,22425,22427,320
2026-02-20 11:45:00,22434,22434,22434,22434,74
2026-02-20 11:46:00,22431,22431,22431,22431,1
2026-02-20 11:47:00,22439,22442,22433,22438,156
2026-02-20 11:48:00,22441,22441,22439,22441,302
2026-02-20 11:49:00,22442,22444,22441,22442,12
2026-02-20 11:50:00,22446,22447,22442,22447,112
2026-02-20 11:51:00,22445,22450,22445,22446,149
2026-02-20 11:52:00,22446,22446,22445,22446,266
2026-02-20 11:53:00,22445,22446,22445,22445,131
2026-02-20 11:54:00,22445,22445,22444,22445,169
2026-02-20 11:55:00,22445,22446,22444,22445,182
2026-02-20 11:56:00,22446,22447,22446,22447,294
2026-02-20 11:57:00,22448,22448,22444,22446,229
2026-02-20 11:58:00,22451,22451,22443,22447,216
2026-02-20 11:59:00,22449,22449,22449,22449,238
2026-02-20 12:00:00,22445,22448,22443,22446,250
2026-02-20 12:01:00,22448,22448,22448,22448,12
2026-02-20 12:02:00,22447,22449,22447,22448,106
2026-02-20 12:03:00,22443,22444,22442,22443,209
2026-02-20 12:04:00,22439,22440,22438,22439,132
2026-02-20 12:05:00,22437,22437,22436,22437,106
2026-02-20 12:06:00,22432,22433,22431,22433,88
2026-02-20 12:07:00,22429,22431,22429,22430,156
2026-02-20 12:08:00,22430,22431,22430,22430,288
2026-02-20 12:09:00,22430,22431,22428,22429,118
2026-02-20 12:10:00,22426,22427,22423,22426,276
2026-02-20 12:11:00,22425,22427,22424,22425,178
2026-02-20 12:12:00,22425,22427,22425,22425,153
2026-02-20 12:13:00,22426,22426,22423,22425,270
2026-02-20 12:14:00,22430,22430,22429,22429,159
2026-02-20 12:15:00,22429,22429,22429,22429,242
2026-02-20 12:16:00,22426,22426,22425,22425,127
2026-02-20 12:17:00,22432,22436,22432,22434,70
2026-02-20 12:18:00,22431,22435,22428,22432,182
2026-02-20 12:19:00,22434,22434,22434,22434,201
2026-02-20 12:20:00,22431,22432,22431,22432,89
2026-02-20 12:21:00,22433,22434,22433,22433,255
2026-02-20 12:22:00,22438,22440,22438,22438,116
2026-02-20 12:23:00,22433,22433,22433,22433,136
2026-02-20 12:24:00,22433,22433,22430,22431,265
2026-02-20 12:25:00,22431,22431,22430,22431,202
2026-02-20 12:26:00,22431,22431,22431,22431,188
2026-02-20 12:27:00,22432,22432,22429,22429,362
2026-02-20 12:28:00,22427,22435,22427,22433,279
2026-02-20 12:29:00,22432,22435,22431,22433,137
2026-02-20 12:30:00,22438,22439,22436,22438,102
2026-02-20 12:31:00,22439,22439,22438,22438,326
2026-02-20 12:32:00,22435,22435,22432,22434,97
2026-02-20 12:33:00,22436,22439,22436,22438,99
2026-02-20 12:34:00,22438,22441,22438,22440,191
2026-02-20 12:35:00,22443,22443,22443,22443,197
2026-02-20 12:36:00,22445,22445,22445,22445,124
2026-02-20 12:37:00,22444,22449,22442,22445,102
2026-02-20 12:38:00,22445,22445,22445,22445,192
2026-02-20 12:39:00,22446,22449,22446,22448,152
2026-02-20 12:40:00,22452,22452,22448,22451,176
2026-02-20 12:41:00,22451,22455,22451,22451,172
2026-02-20 12:42:00,22453,22455,22451,22452,60
2026-02-20 12:43:00,22453,22454,22451,22453,92
2026-02-20 12:44:00,22449,22449,22449,22449,104
2026-02-20 12:45:00,22446,22446,22445,22445,45
2026-02-20 12:46:00,22444,22449,22444,22446,109
2026-02-20 12:47:00,22443,22443,22443,22443,69
2026-02-20 12:48:00,22444,22445,22443,22444,135
2026-02-20 12:49:00,22442,22443,22440,22442,243
2026-02-20 12:50:00,22439,22440,22439,22439,122
2026-02-20 12:51:00,22437,22438,22437,22438,234
2026-02-20 12:52:00,22429,22429,22429,22429,98
2026-02-20 12:53:00,22430,22433,22428,22428,170
2026-02-20 12:54:00,22425,22430,22423,22426,17
2026-02-20 12:55:00,22428,22431,22428,22430,70
2026-02-20 12:56:00,22432,22432,22430,22432,1
2026-02-20 12:57:00,22428,22428,22428,22428,223
2026-02-20 12:58:00,22433,22433,22431,22432,221
2026-02-20 12:59:00,22431,22431,22430,22430,138
2026-02-20 13:00:00,22427,22428,22426,22427,140
2026-02-20 13:01:00,22421,22422,22416,22420,139
2026-02-20 13:02:00,22420,22422,22420,22421,347
2026-02-20 13:03:00,22424,22426,22424,22425,270
2026-02-20 13:04:00,22427,22429,22426,22427,129
2026-02-20 13:05:00,22430,22430,22427,22429,127
2026-02-20 13:06:00,22434,22446,22431,22434,69
2026-02-20 13:07:00,22431,22434,22431,22433,125
2026-02-20 13:08:00,22437,22437,22436,22437,120
2026-02-20 13:09:00,22440,22440,22438,22438,227
2026-02-20 13:10:00,22441,22442,22440,22441,174
2026-02-20 13:11:00,22439,22440,22439,22439,79
2026-02-20 13:12:00,22444,22445,22441,22443,155
2026-02-20 13:13:00,22441,22444,22441,22442,2
2026-02-20 13:14:00,22449,22449,22449,22449,183
2026-02-20 13:15:00,22447,22450,22446,22448,195
2026-02-20 13:16:00,22453,22454,22452,22452,56
2026-02-20 13:17:00,22457,22457,22457,22457,38
2026-02-20 13:18:00,22458,22459,22457,22458,265
2026-02-20 13:19:00,22455,22455,22455,22455,180
2026-02-20 13:20:00,22457,22457,22456,22457,217
2026-02-20 13:21:00,22455,22455,22454,22454,207
2026-02-20 13:22:00,22450,22450,22449,22450,94
2026-02-20 13:23:00,22450,22451,22450,22451,278
2026-02-20 13:24:00,22450,22452,22449,22450,183
2026-02-20 13:25:00,22454,22454,22446,22453,64
2026-02-20 13:26:00,22460,22463,22457,22458,265
2026-02-20 13:27:00,22467,22470,22466,22468,458
2026-02-20 13:28:00,22474,22477,22474,22474,118
2026-02-20 13:29:00,22471,22471,22471,22471,272
2026-02-20 13:30:00,22475,22475,22474,22475,369
2026-02-20 13:31:00,22479,22480,22479,22479,136
2026-02-20 13:32:00,22478,22479,22478,22479,286
2026-02-20 13:33:00,22483,22487,22479,22480,422
2026-02-20 13:34:00,22482,22482,22481,22482,546
2026-02-20 13:35:00,22476,22481,22476,22478,221
2026-02-20 13:36:00,22484,22486,22484,22486,211
2026-02-20 13:37:00,22480,22481,22478,22479,305
2026-02-20 13:38:00,22478,22483,22473,22477,196
2026-02-20 13:39:00,22474,22474,22463,22470,366
2026-02-20 13:40:00,22474,22476,22474,22475,184
2026-02-20 13:41:00,22478,22479,22478,22478,269
2026-02-20 13:42:00,22478,22489,22478,22480,81
2026-02-20 13:43:00,22486,22487,22485,22486,168
2026-02-20 13:44:00,22478,22480,22477,22479,395
2026-02-23 08:45:00,22500,22501,22491,22498,306
2026-02-23 08:46:00,22492,22493,22490,22493,359
2026-02-23 08:47:00,22491,22492,22491,22491,278
2026-02-23 08:48:00,22488,22488,22486,22487,278
2026-02-23 08:49:00,22491,22491,22482,22489,492
2026-02-23 08:50:00,22484,22487,22480,22485,342
2026-02-23 08:51:00,22479,22488,22479,22486,94
2026-02-23 08:52:00,22482,22484,22477,22483,122
2026-02-23 08:53:00,22486,22486,22485,22486,357
2026-02-23 08:54:00,22487,22490,22471,22484,360
2026-02-23 08:55:00,22494,22496,22491,22494,373
2026-02-23 08:56:00,22491,22492,22491,22491,314
2026-02-23 08:57:00,22496,22497,22496,22497,18
2026-02-23 08:58:00,22508,22511,22505,22508,189
2026-02-23 08:59:00,22501,22502,22500,22501,231
2026-02-23 09:00:00,22501,22505,22498,22503,287
2026-02-23 09:01:00,22498,22501,22497,22500,180
2026-02-23 09:02:00,22494,22494,22494,22494,233
2026-02-23 09:03:00,22497,22497,22496,22497,200
2026-02-23 09:04:00,22489,22491,22485,22490,104
2026-02-23 09:05:00,22490,22491,22489,22490,128
2026-02-23 09:06:00,22485,22486,22484,22485,258
2026-02-23 09:07:00,22488,22488,22486,22488,328
2026-02-23 09:08:00,22486,22493,22485,22488,87
2026-02-23 09:09:00,22487,22490,22476,22488,191
2026-02-23 09:10:00,22491,22491,22479,22486,360
2026-02-23 09:11:00,22488,22494,22485,22489,215
2026-02-23 09:12:00,22483,22483,22483,22483,116
2026-02-23 09:13:00,22484,22484,22483,22484,247
2026-02-23 09:14:00,22483,22484,22482,22483,257
2026-02-23 09:15:00,22481,22482,22480,22481,101
2026-02-23 09:16:00,22483,22483,22482,22483,170
2026-02-23 09:17:00,22487,22489,22485,22487,320
2026-02-23 09:18:00,22483,22484,22483,22483,255
2026-02-23 09:19:00,22484,22484,22484,22484,83
2026-02-23 09:20:00,22480,22482,22480,22481,216
2026-02-23 09:21:00,22487,22487,22487,22487,54
2026-02-23 09:22:00,22482,22484,22481,22482,144
2026-02-23 09:23:00,22490,22490,22489,22489,258
2026-02-23 09:24:00,22492,22498,22491,22493,216
2026-02-23 09:25:00,22496,22496,22495,22496,68
2026-02-23 09:26:00,22502,22502,22502,22502,66
2026-02-23 09:27:00,22506,22506,22503,22505,241
2026-02-23 09:28:00,22500,22502,22499,22500,106
2026-02-23 09:29:00,22494,22497,22490,22493,33
2026-02-23 09:30:00,22494,22495,22492,22494,264
2026-02-23 09:31:00,22497,22497,22497,22497,167
2026-02-23 09:32:00,22491,22491,22491,22491,183
2026-02-23 09:33:00,22492,22493,22492,22492,45
2026-02-23 09:34:00,22483,22484,22482,22483,50
2026-02-23 09:35:00,22486,22486,22485,22485,219
2026-02-23 09:36:00,22483,22483,22481,22483,162
2026-02-23 09:37:00,22483,22485,22483,22483,79
2026-02-23 09:38:00,22486,22486,22486,22486,90
2026-02-23 09:39:00,22491,22491,22486,22487,102
2026-02-23 09:40:00,22489,22490,22489,22489,220
2026-02-23 09:41:00,22492,22492,22489,22492,264
2026-02-23 09:42:00,22485,22485,22485,22485,54
2026-02-23 09:43:00,22490,22490,22489,22490,124
2026-02-23 09:44:00,22485,22486,22479,22485,104
2026-02-23 09:45:00,22482,22483,22482,22482,248
2026-02-23 09:46:00,22489,22489,22488,22488,217
2026-02-23 09:47:00,22486,22487,22486,22486,207
2026-02-23 09:48:00,22484,22485,22484,22485,206
2026-02-23 09:49:00,22481,22481,22480,22480,238
2026-02-23 09:50:00,22479,22479,22479,22479,7
2026-02-23 09:51:00,22481,22483,22480,22481,157
2026-02-23 09:52:00,22475,22476,22473,22475,168
2026-02-23 09:53:00,22475,22482,22472,22476,82
2026-02-23 09:54:00,22477,22478,22476,22477,170
2026-02-23 09:55:00,22480,22480,22479,22480,112
2026-02-23 09:56:00,22477,22479,22476,22477,262
2026-02-23 09:57:00,22473,22473,22472,22472,43
2026-02-23 09:58:00,22471,22471,22470,22470,299
2026-02-23 09:59:00,22470,22470,22470,22470,231
2026-02-23 10:00:00,22464,22465,22464,22465,95
2026-02-23 10:01:00,22468,22468,22465,22467,47
2026-02-23 10:02:00,22466,22466,22465,22466,39
2026-02-23 10:03:00,22463,22463,22462,22463,211
2026-02-23 10:04:00,22459,22459,22459,22459,239
2026-02-23 10:05:00,22455,22457,22454,22455,222
2026-02-23 10:06:00,22451,22454,22451,22453,47
2026-02-23 10:07:00,22451,22451,22450,22451,37
2026-02-23 10:08:00,22453,22455,22449,22453,271
2026-02-23 10:09:00,22453,22455,22453,22454,159
2026-02-23 10:10:00,22454,22456,22453,22455,108
2026-02-23 10:11:00,22460,22460,22459,22460,197
2026-02-23 10:12:00,22456,22458,22455,22457,136
2026-02-23 10:13:00,22457,22459,22454,22458,140
2026-02-23 10:14:00,22457,22458,22456,22457,83
2026-02-23 10:15:00,22458,22458,22457,22458,175
2026-02-23 10:16:00,22455,22458,22455,22458,239
2026-02-23 10:17:00,22462,22470,22459,22462,150
2026-02-23 10:18:00,22468,22469,22468,22468,161
2026-02-23 10:19:00,22474,22474,22474,22474,168
2026-02-23 10:20:00,22480,22480,22476,22477,113
2026-02-23 10:21:00,22473,22473,22471,22473,150
2026-02-23 10:22:00,22471,22473,22468,22472,104
2026-02-23 10:23:00,22465,22465,22465,22465,114
2026-02-23 10:24:00,22465,22465,22464,22465,164
2026-02-23 10:25:00,22465,22466,22465,22465,95
2026-02-23 10:26:00,22468,22468,22467,22467,115
2026-02-23 10:27:00,22460,22461,22459,22460,131
2026-02-23 10:28:00,22459,22460,22457,22459,252
2026-02-23 10:29:00,22459,22464,22458,22458,81
2026-02-23 10:30:00,22461,22461,22460,22461,290
2026-02-23 10:31:00,22460,22465,22457,22461,271
2026-02-23 10:32:00,22460,22460,22460,22460,201
2026-02-23 10:33:00,22462,22462,22462,22462,161
2026-02-23 10:34:00,22459,22461,22454,22459,128
2026-02-23 10:35:00,22455,22455,22447,22455,132
2026-02-23 10:36:00,22451,22451,22450,22451,272
2026-02-23 10:37:00,22446,22446,22445,22446,1
2026-02-23 10:38:00,22448,22448,22447,22447,133
2026-02-23 10:39:00,22446,22446,22446,22446,170
2026-02-23 10:40:00,22448,22448,22447,22447,143
2026-02-23 10:41:00,22449,22449,22448,22448,1
2026-02-23 10:42:00,22457,22457,22450,22452,1
2026-02-23 10:43:00,22451,22451,22447,22449,30
2026-02-23 10:44:00,22442,22442,22441,22442,259
2026-02-23 10:45:00,22447,22447,22445,22446,102
2026-02-23 10:46:00,22447,22450,22446,22448,192
2026-02-23 10:47:00,22450,22450,22450,22450,130
2026-02-23 10:48:00,22454,22455,22453,22454,151
2026-02-23 10:49:00,22450,22452,22449,22451,162
2026-02-23 10:50:00,22448,22450,22448,22449,4
2026-02-23 10:51:00,22450,22450,22449,22449,326
2026-02-23 10:52:00,22452,22454,22451,22451,128
2026-02-23 10:53:00,22446,22449,22443,22447,219
2026-02-23 10:54:00,22447,22448,22446,22447,20
2026-02-23 10:55:00,22447,22447,22447,22447,1
2026-02-23 10:56:00,22451,22452,22451,22452,295
2026-02-23 10:57:00,22450,22450,22450,22450,229
2026-02-23 10:58:00,22447,22457,22445,22447,105
2026-02-23 10:59:00,22448,22448,22444,22447,253
2026-02-23 11:00:00,22446,22450,22445,22447,141
2026-02-23 11:01:00,22449,22449,22449,22449,186
2026-02-23 11:02:00,22453,22454,22452,22453,42
2026-02-23 11:03:00,22453,22455,22453,22454,314
2026-02-23 11:04:00,22456,22456,22455,22456,65
2026-02-23 11:05:00,22460,22461,22458,22460,105
2026-02-23 11:06:00,22463,22464,22462,22463,124
2026-02-23 11:07:00,22465,22466,22462,22464,224
2026-02-23 11:08:00,22467,22468,22465,22467,209
2026-02-23 11:09:00,22466,22466,22465,22466,121
2026-02-23 11:10:00,22462,22462,22461,22462,277
2026-02-23 11:11:00,22454,22454,22454,22454,232
2026-02-23 11:12:00,22449,22449,22448,22449,182
2026-02-23 11:13:00,22445,22445,22444,22445,190
2026-02-23 11:14:00,22447,22449,22447,22447,242
2026-02-23 11:15:00,22452,22456,22451,22452,45
2026-02-23 11:16:00,22458,22460,22458,22459,96
2026-02-23 11:17:00,22472,22472,22461,22467,152
2026-02-23 11:18:00,22464,22465,22463,22464,187
2026-02-23 11:19:00,22471,22471,22468,22469,158
2026-02-23 11:20:00,22466,22467,22463,22466,149
2026-02-23 11:21:00,22466,22466,22463,22465,62
2026-02-23 11:22:00,22469,22469,22466,22468,236
2026-02-23 11:23:00,22469,22472,22466,22470,88
2026-02-23 11:24:00,22472,22476,22472,22474,152
2026-02-23 11:25:00,22475,22475,22475,22475,306
2026-02-23 11:26:00,22474,22475,22472,22473,129
2026-02-23 11:27:00,22472,22474,22466,22473,307
2026-02-23 11:28:00,22476,22476,22476,22476,101
2026-02-23 11:29:00,22471,22472,22470,22472,307
2026-02-23 11:30:00,22477,22477,22476,22476,244
2026-02-23 11:31:00,22474,22475,22474,22475,122
2026-02-23 11:32:00,22479,22479,22477,22479,109
2026-02-23 11:33:00,22479,22479,22475,22478,165
2026-02-23 11:34:00,22475,22483,22474,22476,406
2026-02-23 11:35:00,22472,22475,22472,22474,8
2026-02-23 11:36:00,22475,22475,22475,22475,158
2026-02-23 11:37:00,22477,22481,22477,22477,101
2026-02-23 11:38:00,22480,22480,22480,22480,183
2026-02-23 11:39:00,22475,22476,22475,22475,171
2026-02-23 11:40:00,22472,22472,22472,22472,178
2026-02-23 11:41:00,22474,22474,22474,22474,213
2026-02-23 11:42:00,22473,22473,22473,22473,1
2026-02-23 11:43:00,22473,22473,22473,22473,104
2026-02-23 11:44:00,22473,22473,22472,22472,93
2026-02-23 11:45:00,22474,22475,22473,22474,75
2026-02-23 11:46:00,22477,22477,22474,22476,180
2026-02-23 11:47:00,22474,22475,22474,22475,26
2026-02-23 11:48:00,22471,22473,22469,22471,156
2026-02-23 11:49:00,22469,22469,22469,22469,200
2026-02-23 11:50:00,22471,22474,22470,22471,93
2026-02-23 11:51:00,22466,22467,22465,22465,96
2026-02-23 11:52:00,22465,22466,22464,22465,87
2026-02-23 11:53:00,22466,22468,22464,22466,272
2026-02-23 11:54:00,22466,22470,22466,22466,150
2026-02-23 11:55:00,22465,22465,22464,22465,117
2026-02-23 11:56:00,22464,22466,22464,22464,108
2026-02-23 11:57:00,22465,22466,22465,22465,142
2026-02-23 11:58:00,22459,22460,22459,22460,160
2026-02-23 11:59:00,22458,22466,22458,22460,28
2026-02-23 12:00:00,22460,22460,22459,22460,179
2026-02-23 12:01:00,22463,22465,22460,22464,43
2026-02-23 12:02:00,22465,22466,22465,22465,114
2026-02-23 12:03:00,22469,22472,22468,22469,164
2026-02-23 12:04:00,22476,22477,22473,22473,163
2026-02-23 12:05:00,22470,22471,22469,22470,163
2026-02-23 12:06:00,22475,22478,22470,22475,260
2026-02-23 12:07:00,22480,22480,22477,22478,201
2026-02-23 12:08:00,22484,22484,22481,22484,260
2026-02-23 12:09:00,22480,22482,22477,22481,142
2026-02-23 12:10:00,22475,22475,22475,22475,190
2026-02-23 12:11:00,22481,22481,22480,22480,149
2026-02-23 12:12:00,22483,22485,22483,22483,161
2026-02-23 12:13:00,22485,22485,22484,22484,51
2026-02-23 12:14:00,22479,22481,22478,22479,194
2026-02-23 12:15:00,22478,22478,22477,22478,248
2026-02-23 12:16:00,22479,22480,22479,22480,118
2026-02-23 12:17:00,22486,22487,22486,22486,119
2026-02-23 12:18:00,22488,22491,22486,22488,213
2026-02-23 12:19:00,22491,22492,22490,22492,221
2026-02-23 12:20:00,22496,22500,22495,22496,83
2026-02-23 12:21:00,22497,22498,22497,22497,105
2026-02-23 12:22:00,22503,22504,22501,22503,214
2026-02-23 12:23:00,22502,22502,22501,22502,217
2026-02-23 12:24:00,22499,22503,22499,22500,80
2026-02-23 12:25:00,22496,22498,22492,22495,112
2026-02-23 12:26:00,22499,22499,22499,22499,257
2026-02-23 12:27:00,22499,22503,22496,22499,232
2026-02-23 12:28:00,22496,22502,22496,22496,1
2026-02-23 12:29:00,22495,22495,22491,22495,197
2026-02-23 12:30:00,22494,22494,22488,22493,53
2026-02-23 12:31:00,22493,22493,22492,22493,308
2026-02-23 12:32:00,22491,22491,22491,22491,107
2026-02-23 12:33:00,22491,22492,22490,22491,208
2026-02-23 12:34:00,22495,22496,22494,22495,155
2026-02-23 12:35:00,22495,22496,22495,22496,232
2026-02-23 12:36:00,22500,22500,22499,22500,62
2026-02-23 12:37:00,22507,22508,22507,22508,63
2026-02-23 12:38:00,22507,22509,22507,22508,130
2026-02-23 12:39:00,22504,22505,22503,22503,172
2026-02-23 12:40:00,22512,22512,22509,22511,251
2026-02-23 12:41:00,22510,22511,22508,22510,177
2026-02-23 12:42:00,22506,22511,22502,22507,273
2026-02-23 12:43:00,22508,22509,22506,22508,63
2026-02-23 12:44:00,22506,22507,22504,22506,100
2026-02-23 12:45:00,22506,22506,22504,22506,1
2026-02-23 12:46:00,22509,22512,22507,22509,93
2026-02-23 12:47:00,22507,22507,22506,22507,52
2026-02-23 12:48:00,22501,22505,22501,22504,147
2026-02-23 12:49:00,22505,22505,22502,22503,124
2026-02-23 12:50:00,22497,22497,22497,22497,131
2026-02-23 12:51:00,22502,22504,22500,22501,103
2026-02-23 12:52:00,22503,22505,22493,22502,169
2026-02-23 12:53:00,22499,22499,22497,22499,58
2026-02-23 12:54:00,22505,22508,22505,22506,132
2026-02-23 12:55:00,22500,22501,22500,22500,144
2026-02-23 12:56:00,22498,22499,22493,22499,175
2026-02-23 12:57:00,22500,22501,22500,22500,156
2026-02-23 12:58:00,22501,22501,22501,22501,128
2026-02-23 12:59:00,22498,22502,22498,22499,71
2026-02-23 13:00:00,22502,22503,22499,22502,49
2026-02-23 13:01:00,22504,22504,22502,22503,10
2026-02-23 13:02:00,22504,22507,22504,22506,275
2026-02-23 13:03:00,22504,22504,22504,22504,95
2026-02-23 13:04:00,22512,22513,22511,22511,175
2026-02-23 13:05:00,22511,22512,22511,22511,59
2026-02-23 13:06:00,22516,22518,22513,22516,117
2026-02-23 13:07:00,22520,22523,22515,22520,88
2026-02-23 13:08:00,22513,22516,22513,22515,274
2026-02-23 13:09:00,22517,22517,22516,22516,148
2026-02-23 13:10:00,22518,22519,22518,22518,145
2026-02-23 13:11:00,22511,22512,22511,22512,216
2026-02-23 13:12:00,22509,22510,22507,22509,223
2026-02-23 13:13:00,22509,22509,22505,22509,27
2026-02-23 13:14:00,22504,22505,22497,22505,231
2026-02-23 13:15:00,22502,22502,22501,22502,1
2026-02-23 13:16:00,22502,22503,22502,22502,54
2026-02-23 13:17:00,22494,22494,22494,22494,204
2026-02-23 13:18:00,22491,22493,22489,22490,134
2026-02-23 13:19:00,22490,22491,22487,22490,157
2026-02-23 13:20:00,22483,22487,22482,22487,197
2026-02-23 13:21:00,22491,22491,22490,22491,94
2026-02-23 13:22:00,22484,22486,22484,22485,1
2026-02-23 13:23:00,22482,22483,22481,22482,63
2026-02-23 13:24:00,22477,22477,22477,22477,1
2026-02-23 13:25:00,22473,22477,22472,22473,224
2026-02-23 13:26:00,22481,22481,22475,22477,231
2026-02-23 13:27:00,22474,22475,22474,22475,240
2026-02-23 13:28:00,22465,22468,22462,22464,511
2026-02-23 13:29:00,22468,22473,22468,22470,350
2026-02-23 13:30:00,22479,22479,22477,22478,214
2026-02-23 13:31:00,22475,22484,22475,22480,292
2026-02-23 13:32:00,22476,22477,22472,22475,571
2026-02-23 13:33:00,22476,22476,22476,22476,236
2026-02-23 13:34:00,22470,22473,22467,22471,209
2026-02-23 13:35:00,22465,22465,22465,22465,132
2026-02-23 13:36:00,22463,22471,22463,22467,409
2026-02-23 13:37:00,22481,22483,22473,22479,247
2026-02-23 13:38:00,22478,22479,22477,22477,286
2026-02-23 13:39:00,22475,22476,22473,22476,240
2026-02-23 13:40:00,22493,22496,22490,22492,110
2026-02-23 13:41:00,22498,22499,22498,22498,541
2026-02-23 13:42:00,22488,22496,22488,22492,328
2026-02-23 13:43:00,22496,22498,22496,22497,342
2026-02-23 13:44:00,22487,22493,22487,22492,386
2026-02-24 08:45:00,22467,22467,22467,22467,193
2026-02-24 08:46:00,22469,22471,22462,22467,287
2026-02-24 08:47:00,22469,22470,22466,22467,254
2026-02-24 08:48:00,22468,22468,22467,22468,416
2026-02-24 08:49:00,22474,22477,22474,22475,309
2026-02-24 08:50:00,22479,22479,22466,22475,553
2026-02-24 08:51:00,22482,22482,22481,22481,247
2026-02-24 08:52:00,22490,22490,22485,22490,495
2026-02-24 08:53:00,22487,22489,22481,22483,496
2026-02-24 08:54:00,22488,22489,22488,22488,264
2026-02-24 08:55:00,22485,22485,22478,22482,161
2026-02-24 08:56:00,22479,22480,22479,22479,403
2026-02-24 08:57:00,22476,22476,22474,22475,314
2026-02-24 08:58:00,22467,22467,22466,22467,248
2026-02-24 08:59:00,22453,22455,22451,22453,151
2026-02-24 09:00:00,22460,22460,22460,22460,1
2026-02-24 09:01:00,22459,22459,22448,22452,161
2026-02-24 09:02:00,22450,22454,22450,22450,106
2026-02-24 09:03:00,22453,22453,22448,22451,197
2026-02-24 09:04:00,22452,22452,22451,22451,247
2026-02-24 09:05:00,22454,22454,22453,22454,229
2026-02-24 09:06:00,22450,22451,22449,22450,423
2026-02-24 09:07:00,22451,22451,22451,22451,171
2026-02-24 09:08:00,22452,22453,22450,22452,228
2026-02-24 09:09:00,22449,22452,22445,22449,341
2026-02-24 09:10:00,22441,22442,22437,22440,373
2026-02-24 09:11:00,22455,22455,22435,22442,157
2026-02-24 09:12:00,22445,22446,22445,22445,159
2026-02-24 09:13:00,22452,22452,22445,22450,287
2026-02-24 09:14:00,22447,22448,22445,22447,242
2026-02-24 09:15:00,22452,22454,22452,22453,160
2026-02-24 09:16:00,22451,22452,22450,22451,138
2026-02-24 09:17:00,22444,22450,22444,22446,129
2026-02-24 09:18:00,22450,22451,22450,22450,133
2026-02-24 09:19:00,22445,22445,22444,22445,77
2026-02-24 09:20:00,22450,22451,22450,22451,199
2026-02-24 09:21:00,22451,22451,22450,22450,120
2026-02-24 09:22:00,22451,22454,22451,22453,164
2026-02-24 09:23:00,22446,22450,22446,22449,117
2026-02-24 09:24:00,22446,22446,22444,22446,172
2026-02-24 09:25:00,22452,22452,22451,22451,129
2026-02-24 09:26:00,22449,22455,22448,22450,327
2026-02-24 09:27:00,22451,22451,22450,22451,37
2026-02-24 09:28:00,22450,22450,22449,22450,166
2026-02-24 09:29:00,22450,22452,22450,22451,284
2026-02-24 09:30:00,22453,22457,22448,22452,315
2026-02-24 09:31:00,22453,22455,22453,22453,203
2026-02-24 09:32:00,22451,22454,22449,22451,253
2026-02-24 09:33:00,22452,22452,22452,22452,170
2026-02-24 09:34:00,22458,22458,22457,22458,80
2026-02-24 09:35:00,22453,22456,22450,22454,165
2026-02-24 09:36:00,22454,22457,22454,22456,205
2026-02-24 09:37:00,22458,22458,22457,22458,1
2026-02-24 09:38:00,22459,22467,22457,22457,200
2026-02-24 09:39:00,22457,22457,22457,22457,1
2026-02-24 09:40:00,22465,22465,22465,22465,96
2026-02-24 09:41:00,22464,22466,22464,22465,109
2026-02-24 09:42:00,22469,22472,22469,22470,202
2026-02-24 09:43:00,22468,22469,22468,22468,106
2026-02-24 09:44:00,22474,22476,22472,22475,185
2026-02-24 09:45:00,22477,22478,22475,22477,100
2026-02-24 09:46:00,22477,22477,22477,22477,112
2026-02-24 09:47:00,22475,22475,22474,22475,118
2026-02-24 09:48:00,22475,22477,22474,22476,78
2026-02-24 09:49:00,22479,22479,22479,22479,74
2026-02-24 09:50:00,22477,22481,22474,22478,172
2026-02-24 09:51:00,22482,22485,22482,22482,147
2026-02-24 09:52:00,22478,22478,22477,22477,90
2026-02-24 09:53:00,22481,22483,22481,22482,202
2026-02-24 09:54:00,22477,22477,22477,22477,1
2026-02-24 09:55:00,22476,22476,22475,22476,214
2026-02-24 09:56:00,22479,22479,22478,22478,6
2026-02-24 09:57:00,22482,22484,22482,22482,87
2026-02-24 09:58:00,22483,22484,22483,22484,202
2026-02-24 09:59:00,22487,22487,22481,22482,91
2026-02-24 10:00:00,22478,22478,22477,22478,16
2026-02-24 10:01:00,22478,22478,22474,22476,169
2026-02-24 10:02:00,22480,22481,22480,22480,190
2026-02-24 10:03:00,22481,22483,22479,22481,24
2026-02-24 10:04:00,22479,22480,22479,22480,116
2026-02-24 10:05:00,22483,22484,22481,22482,1
2026-02-24 10:06:00,22486,22486,22485,22486,297
2026-02-24 10:07:00,22493,22493,22489,22491,93
2026-02-24 10:08:00,22493,22493,22491,22492,153
2026-02-24 10:09:00,22494,22494,22493,22494,83
2026-02-24 10:10:00,22493,22494,22493,22493,272
2026-02-24 10:11:00,22495,22495,22495,22495,150
2026-02-24 10:12:00,22497,22497,22497,22497,121
2026-02-24 10:13:00,22497,22497,22496,22496,217
2026-02-24 10:14:00,22491,22492,22491,22491,103
2026-02-24 10:15:00,22490,22492,22486,22488,237
2026-02-24 10:16:00,22488,22489,22488,22489,61
2026-02-24 10:17:00,22489,22490,22488,22490,207
2026-02-24 10:18:00,22485,22487,22484,22485,154
2026-02-24 10:19:00,22489,22491,22489,22490,135
2026-02-24 10:20:00,22488,22491,22486,22488,31
2026-02-24 10:21:00,22493,22493,22492,22493,276
2026-02-24 10:22:00,22494,22495,22492,22494,142
2026-02-24 10:23:00,22495,22495,22487,22493,52
2026-02-24 10:24:00,22495,22500,22495,22496,155
2026-02-24 10:25:00,22493,22493,22493,22493,143
2026-02-24 10:26:00,22492,22492,22492,22492,95
2026-02-24 10:27:00,22492,22495,22492,22492,257
2026-02-24 10:28:00,22494,22499,22492,22494,184
2026-02-24 10:29:00,22501,22502,22501,22501,170
2026-02-24 10:30:00,22501,22504,22501,22503,272
2026-02-24 10:31:00,22497,22498,22493,22496,305
2026-02-24 10:32:00,22497,22497,22494,22496,245
2026-02-24 10:33:00,22497,22497,22492,22496,149
2026-02-24 10:34:00,22495,22496,22493,22494,93
2026-02-24 10:35:00,22494,22495,22490,22494,19
2026-02-24 10:36:00,22498,22501,22496,22496,227
2026-02-24 10:37:00,22492,22492,22491,22492,288
2026-02-24 10:38:00,22499,22499,22499,22499,173
2026-02-24 10:39:00,22496,22496,22496,22496,255
2026-02-24 10:40:00,22491,22492,22488,22490,192
2026-02-24 10:41:00,22492,22492,22491,22492,98
2026-02-24 10:42:00,22491,22491,22491,22491,136
2026-02-24 10:43:00,22494,22494,22494,22494,1
2026-02-24 10:44:00,22495,22497,22493,22495,107
2026-02-24 10:45:00,22500,22501,22500,22501,266
2026-02-24 10:46:00,22505,22507,22504,22505,209
2026-02-24 10:47:00,22510,22515,22503,22511,212
2026-02-24 10:48:00,22511,22511,22505,22510,120
2026-02-24 10:49:00,22512,22512,22512,22512,43
2026-02-24 10:50:00,22514,22520,22514,22515,87
2026-02-24 10:51:00,22515,22515,22515,22515,118
2026-02-24 10:52:00,22517,22519,22515,22517,151
2026-02-24 10:53:00,22522,22525,22522,22524,235
2026-02-24 10:54:00,22529,22529,22523,22528,58
2026-02-24 10:55:00,22531,22534,22528,22533,41
2026-02-24 10:56:00,22527,22528,22526,22527,112
2026-02-24 10:57:00,22524,22524,22524,22524,125
2026-02-24 10:58:00,22518,22526,22518,22522,1
2026-02-24 10:59:00,22520,22520,22520,22520,277
2026-02-24 11:00:00,22523,22524,22520,22522,275
2026-02-24 11:01:00,22527,22528,22525,22526,180
2026-02-24 11:02:00,22528,22528,22526,22527,52
2026-02-24 11:03:00,22532,22532,22530,22532,125
2026-02-24 11:04:00,22527,22528,22525,22527,25
2026-02-24 11:05:00,22529,22529,22524,22527,113
2026-02-24 11:06:00,22527,22527,22527,22527,141
2026-02-24 11:07:00,22529,22529,22528,22528,283
2026-02-24 11:08:00,22526,22528,22526,22526,281
2026-02-24 11:09:00,22519,22520,22519,22519,53
2026-02-24 11:10:00,22521,22521,22515,22519,253
2026-02-24 11:11:00,22519,22519,22519,22519,216
2026-02-24 11:12:00,22515,22529,22511,22518,147
2026-02-24 11:13:00,22519,22519,22519,22519,310
2026-02-24 11:14:00,22509,22509,22509,22509,89
2026-02-24 11:15:00,22512,22512,22512,22512,55
2026-02-24 11:16:00,22500,22503,22496,22501,215
2026-02-24 11:17:00,22507,22507,22505,22506,72
2026-02-24 11:18:00,22507,22510,22505,22508,121
2026-02-24 11:19:00,22510,22513,22507,22509,125
2026-02-24 11:20:00,22510,22510,22510,22510,188
2026-02-24 11:21:00,22514,22515,22513,22515,203
2026-02-24 11:22:00,22515,22515,22510,22511,250
2026-02-24 11:23:00,22522,22522,22517,22520,68
2026-02-24 11:24:00,22529,22529,22527,22528,229
2026-02-24 11:25:00,22529,22529,22529,22529,160
2026-02-24 11:26:00,22532,22532,22531,22531,16
2026-02-24 11:27:00,22533,22535,22533,22534,231
2026-02-24 11:28:00,22535,22537,22532,22536,140
2026-02-24 11:29:00,22532,22538,22532,22533,187
2026-02-24 11:30:00,22529,22529,22529,22529,131
2026-02-24 11:31:00,22530,22530,22526,22530,116
2026-02-24 11:32:00,22526,22527,22526,22527,140
2026-02-24 11:33:00,22524,22524,22523,22524,219
2026-02-24 11:34:00,22524,22525,22522,22524,1
2026-02-24 11:35:00,22524,22526,22523,22525,102
2026-02-24 11:36:00,22525,22525,22524,22524,150
2026-02-24 11:37:00,22521,22526,22520,22521,1
2026-02-24 11:38:00,22515,22518,22515,22516,54
2026-02-24 11:39:00,22519,22520,22514,22520,199
2026-02-24 11:40:00,22517,22522,22517,22520,132
2026-02-24 11:41:00,22522,22522,22522,22522,205
2026-02-24 11:42:00,22520,22522,22520,22521,163
2026-02-24 11:43:00,22518,22519,22516,22518,265
2026-02-24 11:44:00,22519,22522,22519,22521,72
2026-02-24 11:45:00,22519,22520,22519,22519,176
2026-02-24 11:46:00,22523,22525,22522,22523,270
2026-02-24 11:47:00,22524,22525,22521,22524,12
2026-02-24 11:48:00,22523,22524,22523,22523,146
2026-02-24 11:49:00,22524,22526,22522,22523,182
2026-02-24 11:50:00,22522,22523,22522,22523,147
2026-02-24 11:51:00,22526,22526,22524,22524,149
2026-02-24 11:52:00,22525,22526,22523,22524,114
2026-02-24 11:53:00,22522,22523,22522,22522,214
2026-02-24 11:54:00,22528,22528,22528,22528,219
2026-02-24 11:55:00,22532,22532,22531,22532,146
2026-02-24 11:56:00,22536,22538,22536,22536,69
2026-02-24 11:57:00,22533,22533,22533,22533,155
2026-02-24 11:58:00,22539,22541,22539,22540,177
2026-02-24 11:59:00,22544,22544,22544,22544,181
2026-02-24 12:00:00,22549,22551,22547,22549,212
2026-02-24 12:01:00,22552,22554,22550,22552,224
2026-02-24 12:02:00,22552,22552,22552,22552,49
2026-02-24 12:03:00,22547,22547,22546,22547,141
2026-02-24 12:04:00,22544,22545,22539,22544,143
2026-02-24 12:05:00,22550,22553,22546,22551,227
2026-02-24 12:06:00,22558,22559,22558,22558,222
2026-02-24 12:07:00,22563,22565,22562,22563,226
2026-02-24 12:08:00,22561,22568,22561,22564,75
2026-02-24 12:09:00,22566,22567,22565,22566,249
2026-02-24 12:10:00,22569,22570,22568,22568,249
2026-02-24 12:11:00,22567,22567,22565,22566,127
2026-02-24 12:12:00,22572,22572,22571,22572,154
2026-02-24 12:13:00,22574,22574,22571,22574,226
2026-02-24 12:14:00,22576,22576,22576,22576,106
2026-02-24 12:15:00,22578,22578,22578,22578,88
2026-02-24 12:16:00,22578,22579,22577,22578,198
2026-02-24 12:17:00,22581,22581,22581,22581,262
2026-02-24 12:18:00,22578,22580,22578,22579,171
2026-02-24 12:19:00,22572,22573,22570,22573,38
2026-02-24 12:20:00,22575,22575,22575,22575,220
2026-02-24 12:21:00,22565,22568,22563,22565,243
2026-02-24 12:22:00,22565,22566,22565,22565,127
2026-02-24 12:23:00,22572,22572,22569,22572,91
2026-02-24 12:24:00,22569,22570,22569,22570,91
2026-02-24 12:25:00,22567,22567,22565,22567,63
2026-02-24 12:26:00,22570,22570,22570,22570,243
2026-02-24 12:27:00,22568,22573,22568,22571,67
2026-02-24 12:28:00,22572,22580,22562,22571,55
2026-02-24 12:29:00,22573,22575,22572,22573,48
2026-02-24 12:30:00,22578,22580,22574,22578,1
2026-02-24 12:31:00,22578,22583,22575,22578,168
2026-02-24 12:32:00,22577,22580,22577,22578,93
2026-02-24 12:33:00,22584,22585,22580,22581,65
2026-02-24 12:34:00,22576,22576,22574,22575,170
2026-02-24 12:35:00,22577,22580,22573,22577,143
2026-02-24 12:36:00,22578,22582,22575,22579,218
2026-02-24 12:37:00,22577,22577,22575,22577,106
2026-02-24 12:38:00,22581,22581,22580,22581,110
2026-02-24 12:39:00,22577,22578,22577,22578,194
2026-02-24 12:40:00,22585,22585,22584,22585,117
2026-02-24 12:41:00,22590,22590,22590,22590,226
2026-02-24 12:42:00,22591,22591,22591,22591,110
2026-02-24 12:43:00,22594,22598,22591,22595,211
2026-02-24 12:44:00,22597,22597,22592,22592,175
2026-02-24 12:45:00,22595,22595,22595,22595,217
2026-02-24 12:46:00,22592,22592,22591,22592,267
2026-02-24 12:47:00,22593,22595,22590,22593,134
2026-02-24 12:48:00,22602,22607,22602,22602,220
2026-02-24 12:49:00,22598,22599,22596,22599,112
2026-02-24 12:50:00,22598,22598,22588,22597,148
2026-02-24 12:51:00,22601,22601,22601,22601,288
2026-02-24 12:52:00,22602,22603,22602,22602,109
2026-02-24 12:53:00,22602,22604,22596,22599,258
2026-02-24 12:54:00,22605,22606,22605,22605,52
2026-02-24 12:55:00,22608,22609,22604,22607,2
2026-02-24 12:56:00,22614,22619,22613,22615,121
2026-02-24 12:57:00,22615,22615,22610,22612,1
2026-02-24 12:58:00,22609,22612,22607,22608,1
2026-02-24 12:59:00,22610,22610,22609,22609,272
2026-02-24 13:00:00,22612,22613,22612,22612,191
2026-02-24 13:01:00,22612,22614,22612,22613,265
2026-02-24 13:02:00,22609,22610,22609,22609,268
2026-02-24 13:03:00,22613,22613,22612,22613,211
2026-02-24 13:04:00,22616,22617,22614,22616,283
2026-02-24 13:05:00,22614,22615,22612,22614,131
2026-02-24 13:06:00,22624,22624,22624,22624,129
2026-02-24 13:07:00,22626,22629,22625,22626,193
2026-02-24 13:08:00,22628,22634,22627,22629,151
2026-02-24 13:09:00,22628,22629,22628,22628,112
2026-02-24 13:10:00,22619,22621,22618,22620,81
2026-02-24 13:11:00,22620,22623,22619,22620,127
2026-02-24 13:12:00,22621,22623,22621,22622,50
2026-02-24 13:13:00,22619,22621,22617,22621,184
2026-02-24 13:14:00,22616,22616,22616,22616,5
2026-02-24 13:15:00,22614,22618,22613,22615,200
2026-02-24 13:16:00,22617,22617,22616,22617,148
2026-02-24 13:17:00,22622,22623,22618,22621,247
2026-02-24 13:18:00,22616,22616,22612,22615,121
2026-02-24 13:19:00,22618,22618,22617,22617,177
2026-02-24 13:20:00,22615,22616,22613,22614,178
2026-02-24 13:21:00,22617,22617,22615,22616,9
2026-02-24 13:22:00,22614,22614,22613,22614,107
2026-02-24 13:23:00,22620,22620,22617,22618,94
2026-02-24 13:24:00,22617,22618,22617,22618,150
2026-02-24 13:25:00,22616,22616,22615,22615,177
2026-02-24 13:26:00,22621,22629,22620,22621,106
2026-02-24 13:27:00,22620,22622,22620,22621,44
2026-02-24 13:28:00,22625,22626,22625,22625,274
2026-02-24 13:29:00,22621,22627,22618,22622,167
2026-02-24 13:30:00,22628,22631,22625,22629,231
2026-02-24 13:31:00,22623,22631,22623,22626,210
2026-02-24 13:32:00,22633,22634,22633,22633,83
2026-02-24 13:33:00,22636,22639,22632,22634,83
2026-02-24 13:34:00,22635,22637,22634,22635,250
2026-02-24 13:35:00,22638,22641,22637,22639,196
2026-02-24 13:36:00,22648,22648,22643,22646,117
2026-02-24 13:37:00,22646,22646,22645,22646,301
2026-02-24 13:38:00,22634,22640,22634,22636,373
2026-02-24 13:39:00,22634,22655,22618,22634,286
2026-02-24 13:40:00,22633,22634,22631,22632,204
2026-02-24 13:41:00,22632,22639,22620,22627,327
2026-02-24 13:42:00,22632,22633,22632,22633,248
2026-02-24 13:43:00,22642,22642,22642,22642,124
2026-02-24 13:44:00,22649,22649,22647,22648,196
